ISO-10303-21;
HEADER;
FILE_DESCRIPTION(('FreeCAD Model'),'2;1');
FILE_NAME('Open CASCADE Shape Model','2025-08-27T14:24:52',(''),(''),
  'Open CASCADE STEP processor 7.8','FreeCAD','Unknown');
FILE_SCHEMA(('AUTOMOTIVE_DESIGN { 1 0 10303 214 1 1 1 1 }'));
ENDSEC;
DATA;
#1 = APPLICATION_PROTOCOL_DEFINITION('international standard',
  'automotive_design',2000,#2);
#2 = APPLICATION_CONTEXT(
  'core data for automotive mechanical design processes');
#3 = SHAPE_DEFINITION_REPRESENTATION(#4,#10);
#4 = PRODUCT_DEFINITION_SHAPE('','',#5);
#5 = PRODUCT_DEFINITION('design','',#6,#9);
#6 = PRODUCT_DEFINITION_FORMATION('','',#7);
#7 = PRODUCT('QFN_standard','QFN_standard','',(#8));
#8 = PRODUCT_CONTEXT('',#2,'mechanical');
#9 = PRODUCT_DEFINITION_CONTEXT('part definition',#2,'design');
#10 = SHAPE_REPRESENTATION('',(#11,#15,#19,#23,#27,#31,#35,#39,#43,#47,
    #51,#55,#59,#63,#67,#71,#75,#79,#83,#87,#91,#95,#99,#103,#107,#111,
    #115,#119,#123,#127,#131,#135,#139,#143,#147,#151,#155,#159,#163,
    #167,#171,#175,#179,#183,#187,#191,#195,#199,#203,#207,#211,#215,
    #219,#223,#227,#231,#235,#239,#243,#247),#251);
#11 = AXIS2_PLACEMENT_3D('',#12,#13,#14);
#12 = CARTESIAN_POINT('',(0.,0.,0.));
#13 = DIRECTION('',(0.,0.,1.));
#14 = DIRECTION('',(1.,0.,-0.));
#15 = AXIS2_PLACEMENT_3D('',#16,#17,#18);
#16 = CARTESIAN_POINT('',(0.,0.,0.));
#17 = DIRECTION('',(0.,0.,1.));
#18 = DIRECTION('',(1.,0.,0.));
#19 = AXIS2_PLACEMENT_3D('',#20,#21,#22);
#20 = CARTESIAN_POINT('',(0.,0.,0.));
#21 = DIRECTION('',(0.,0.,1.));
#22 = DIRECTION('',(1.,0.,0.));
#23 = AXIS2_PLACEMENT_3D('',#24,#25,#26);
#24 = CARTESIAN_POINT('',(0.,0.,0.));
#25 = DIRECTION('',(0.,0.,1.));
#26 = DIRECTION('',(1.,0.,0.));
#27 = AXIS2_PLACEMENT_3D('',#28,#29,#30);
#28 = CARTESIAN_POINT('',(-0.4,0.,0.));
#29 = DIRECTION('',(0.,0.,1.));
#30 = DIRECTION('',(1.,0.,0.));
#31 = AXIS2_PLACEMENT_3D('',#32,#33,#34);
#32 = CARTESIAN_POINT('',(-0.8,0.,0.));
#33 = DIRECTION('',(0.,0.,1.));
#34 = DIRECTION('',(1.,0.,0.));
#35 = AXIS2_PLACEMENT_3D('',#36,#37,#38);
#36 = CARTESIAN_POINT('',(-1.2,0.,0.));
#37 = DIRECTION('',(0.,0.,1.));
#38 = DIRECTION('',(1.,0.,0.));
#39 = AXIS2_PLACEMENT_3D('',#40,#41,#42);
#40 = CARTESIAN_POINT('',(-1.6,0.,0.));
#41 = DIRECTION('',(0.,0.,1.));
#42 = DIRECTION('',(1.,0.,0.));
#43 = AXIS2_PLACEMENT_3D('',#44,#45,#46);
#44 = CARTESIAN_POINT('',(-2.,0.,0.));
#45 = DIRECTION('',(0.,0.,1.));
#46 = DIRECTION('',(1.,0.,0.));
#47 = AXIS2_PLACEMENT_3D('',#48,#49,#50);
#48 = CARTESIAN_POINT('',(-2.4,0.,0.));
#49 = DIRECTION('',(0.,0.,1.));
#50 = DIRECTION('',(1.,0.,0.));
#51 = AXIS2_PLACEMENT_3D('',#52,#53,#54);
#52 = CARTESIAN_POINT('',(-2.8,0.,0.));
#53 = DIRECTION('',(0.,0.,1.));
#54 = DIRECTION('',(1.,0.,0.));
#55 = AXIS2_PLACEMENT_3D('',#56,#57,#58);
#56 = CARTESIAN_POINT('',(-3.2,0.,0.));
#57 = DIRECTION('',(0.,0.,1.));
#58 = DIRECTION('',(1.,0.,0.));
#59 = AXIS2_PLACEMENT_3D('',#60,#61,#62);
#60 = CARTESIAN_POINT('',(-3.6,0.,0.));
#61 = DIRECTION('',(0.,0.,1.));
#62 = DIRECTION('',(1.,0.,0.));
#63 = AXIS2_PLACEMENT_3D('',#64,#65,#66);
#64 = CARTESIAN_POINT('',(-4.,0.,0.));
#65 = DIRECTION('',(0.,0.,1.));
#66 = DIRECTION('',(1.,0.,0.));
#67 = AXIS2_PLACEMENT_3D('',#68,#69,#70);
#68 = CARTESIAN_POINT('',(-4.4,0.,0.));
#69 = DIRECTION('',(0.,0.,1.));
#70 = DIRECTION('',(1.,0.,0.));
#71 = AXIS2_PLACEMENT_3D('',#72,#73,#74);
#72 = CARTESIAN_POINT('',(-4.8,0.,0.));
#73 = DIRECTION('',(0.,0.,1.));
#74 = DIRECTION('',(1.,0.,0.));
#75 = AXIS2_PLACEMENT_3D('',#76,#77,#78);
#76 = CARTESIAN_POINT('',(-5.2,0.,0.));
#77 = DIRECTION('',(0.,0.,1.));
#78 = DIRECTION('',(1.,0.,0.));
#79 = AXIS2_PLACEMENT_3D('',#80,#81,#82);
#80 = CARTESIAN_POINT('',(-0.4,0.,0.));
#81 = DIRECTION('',(0.,0.,1.));
#82 = DIRECTION('',(1.,0.,0.));
#83 = AXIS2_PLACEMENT_3D('',#84,#85,#86);
#84 = CARTESIAN_POINT('',(-0.8,0.,0.));
#85 = DIRECTION('',(0.,0.,1.));
#86 = DIRECTION('',(1.,0.,0.));
#87 = AXIS2_PLACEMENT_3D('',#88,#89,#90);
#88 = CARTESIAN_POINT('',(-1.2,0.,0.));
#89 = DIRECTION('',(0.,0.,1.));
#90 = DIRECTION('',(1.,0.,0.));
#91 = AXIS2_PLACEMENT_3D('',#92,#93,#94);
#92 = CARTESIAN_POINT('',(-1.6,0.,0.));
#93 = DIRECTION('',(0.,0.,1.));
#94 = DIRECTION('',(1.,0.,0.));
#95 = AXIS2_PLACEMENT_3D('',#96,#97,#98);
#96 = CARTESIAN_POINT('',(-2.,0.,0.));
#97 = DIRECTION('',(0.,0.,1.));
#98 = DIRECTION('',(1.,0.,0.));
#99 = AXIS2_PLACEMENT_3D('',#100,#101,#102);
#100 = CARTESIAN_POINT('',(-2.4,0.,0.));
#101 = DIRECTION('',(0.,0.,1.));
#102 = DIRECTION('',(1.,0.,0.));
#103 = AXIS2_PLACEMENT_3D('',#104,#105,#106);
#104 = CARTESIAN_POINT('',(-2.8,0.,0.));
#105 = DIRECTION('',(0.,0.,1.));
#106 = DIRECTION('',(1.,0.,0.));
#107 = AXIS2_PLACEMENT_3D('',#108,#109,#110);
#108 = CARTESIAN_POINT('',(-3.2,0.,0.));
#109 = DIRECTION('',(0.,0.,1.));
#110 = DIRECTION('',(1.,0.,0.));
#111 = AXIS2_PLACEMENT_3D('',#112,#113,#114);
#112 = CARTESIAN_POINT('',(-3.6,0.,0.));
#113 = DIRECTION('',(0.,0.,1.));
#114 = DIRECTION('',(1.,0.,0.));
#115 = AXIS2_PLACEMENT_3D('',#116,#117,#118);
#116 = CARTESIAN_POINT('',(-4.,0.,0.));
#117 = DIRECTION('',(0.,0.,1.));
#118 = DIRECTION('',(1.,0.,0.));
#119 = AXIS2_PLACEMENT_3D('',#120,#121,#122);
#120 = CARTESIAN_POINT('',(-4.4,0.,0.));
#121 = DIRECTION('',(0.,0.,1.));
#122 = DIRECTION('',(1.,0.,0.));
#123 = AXIS2_PLACEMENT_3D('',#124,#125,#126);
#124 = CARTESIAN_POINT('',(-4.8,0.,0.));
#125 = DIRECTION('',(0.,0.,1.));
#126 = DIRECTION('',(1.,0.,0.));
#127 = AXIS2_PLACEMENT_3D('',#128,#129,#130);
#128 = CARTESIAN_POINT('',(-5.2,0.,0.));
#129 = DIRECTION('',(0.,0.,1.));
#130 = DIRECTION('',(1.,0.,0.));
#131 = AXIS2_PLACEMENT_3D('',#132,#133,#134);
#132 = CARTESIAN_POINT('',(0.,0.,0.));
#133 = DIRECTION('',(0.,0.,1.));
#134 = DIRECTION('',(1.,0.,0.));
#135 = AXIS2_PLACEMENT_3D('',#136,#137,#138);
#136 = CARTESIAN_POINT('',(0.,0.,0.));
#137 = DIRECTION('',(0.,0.,1.));
#138 = DIRECTION('',(1.,0.,0.));
#139 = AXIS2_PLACEMENT_3D('',#140,#141,#142);
#140 = CARTESIAN_POINT('',(0.,0.,-0.4));
#141 = DIRECTION('',(0.,0.,1.));
#142 = DIRECTION('',(1.,0.,0.));
#143 = AXIS2_PLACEMENT_3D('',#144,#145,#146);
#144 = CARTESIAN_POINT('',(0.,0.,-0.8));
#145 = DIRECTION('',(0.,0.,1.));
#146 = DIRECTION('',(1.,0.,0.));
#147 = AXIS2_PLACEMENT_3D('',#148,#149,#150);
#148 = CARTESIAN_POINT('',(0.,0.,-1.2));
#149 = DIRECTION('',(0.,0.,1.));
#150 = DIRECTION('',(1.,0.,0.));
#151 = AXIS2_PLACEMENT_3D('',#152,#153,#154);
#152 = CARTESIAN_POINT('',(0.,0.,-1.6));
#153 = DIRECTION('',(0.,0.,1.));
#154 = DIRECTION('',(1.,0.,0.));
#155 = AXIS2_PLACEMENT_3D('',#156,#157,#158);
#156 = CARTESIAN_POINT('',(0.,0.,-2.));
#157 = DIRECTION('',(0.,0.,1.));
#158 = DIRECTION('',(1.,0.,0.));
#159 = AXIS2_PLACEMENT_3D('',#160,#161,#162);
#160 = CARTESIAN_POINT('',(0.,0.,-2.4));
#161 = DIRECTION('',(0.,0.,1.));
#162 = DIRECTION('',(1.,0.,0.));
#163 = AXIS2_PLACEMENT_3D('',#164,#165,#166);
#164 = CARTESIAN_POINT('',(0.,0.,-2.8));
#165 = DIRECTION('',(0.,0.,1.));
#166 = DIRECTION('',(1.,0.,0.));
#167 = AXIS2_PLACEMENT_3D('',#168,#169,#170);
#168 = CARTESIAN_POINT('',(0.,0.,-3.2));
#169 = DIRECTION('',(0.,0.,1.));
#170 = DIRECTION('',(1.,0.,0.));
#171 = AXIS2_PLACEMENT_3D('',#172,#173,#174);
#172 = CARTESIAN_POINT('',(0.,0.,-3.6));
#173 = DIRECTION('',(0.,0.,1.));
#174 = DIRECTION('',(1.,0.,0.));
#175 = AXIS2_PLACEMENT_3D('',#176,#177,#178);
#176 = CARTESIAN_POINT('',(0.,0.,-4.));
#177 = DIRECTION('',(0.,0.,1.));
#178 = DIRECTION('',(1.,0.,0.));
#179 = AXIS2_PLACEMENT_3D('',#180,#181,#182);
#180 = CARTESIAN_POINT('',(0.,0.,-4.4));
#181 = DIRECTION('',(0.,0.,1.));
#182 = DIRECTION('',(1.,0.,0.));
#183 = AXIS2_PLACEMENT_3D('',#184,#185,#186);
#184 = CARTESIAN_POINT('',(0.,0.,-4.8));
#185 = DIRECTION('',(0.,0.,1.));
#186 = DIRECTION('',(1.,0.,0.));
#187 = AXIS2_PLACEMENT_3D('',#188,#189,#190);
#188 = CARTESIAN_POINT('',(0.,0.,-5.2));
#189 = DIRECTION('',(0.,0.,1.));
#190 = DIRECTION('',(1.,0.,0.));
#191 = AXIS2_PLACEMENT_3D('',#192,#193,#194);
#192 = CARTESIAN_POINT('',(0.,0.,-0.4));
#193 = DIRECTION('',(0.,0.,1.));
#194 = DIRECTION('',(1.,0.,0.));
#195 = AXIS2_PLACEMENT_3D('',#196,#197,#198);
#196 = CARTESIAN_POINT('',(0.,0.,-0.8));
#197 = DIRECTION('',(0.,0.,1.));
#198 = DIRECTION('',(1.,0.,0.));
#199 = AXIS2_PLACEMENT_3D('',#200,#201,#202);
#200 = CARTESIAN_POINT('',(0.,0.,-1.2));
#201 = DIRECTION('',(0.,0.,1.));
#202 = DIRECTION('',(1.,0.,0.));
#203 = AXIS2_PLACEMENT_3D('',#204,#205,#206);
#204 = CARTESIAN_POINT('',(0.,0.,-1.6));
#205 = DIRECTION('',(0.,0.,1.));
#206 = DIRECTION('',(1.,0.,0.));
#207 = AXIS2_PLACEMENT_3D('',#208,#209,#210);
#208 = CARTESIAN_POINT('',(0.,0.,-2.));
#209 = DIRECTION('',(0.,0.,1.));
#210 = DIRECTION('',(1.,0.,0.));
#211 = AXIS2_PLACEMENT_3D('',#212,#213,#214);
#212 = CARTESIAN_POINT('',(0.,0.,-2.4));
#213 = DIRECTION('',(0.,0.,1.));
#214 = DIRECTION('',(1.,0.,0.));
#215 = AXIS2_PLACEMENT_3D('',#216,#217,#218);
#216 = CARTESIAN_POINT('',(0.,0.,-2.8));
#217 = DIRECTION('',(0.,0.,1.));
#218 = DIRECTION('',(1.,0.,0.));
#219 = AXIS2_PLACEMENT_3D('',#220,#221,#222);
#220 = CARTESIAN_POINT('',(0.,0.,-3.2));
#221 = DIRECTION('',(0.,0.,1.));
#222 = DIRECTION('',(1.,0.,0.));
#223 = AXIS2_PLACEMENT_3D('',#224,#225,#226);
#224 = CARTESIAN_POINT('',(0.,0.,-3.6));
#225 = DIRECTION('',(0.,0.,1.));
#226 = DIRECTION('',(1.,0.,0.));
#227 = AXIS2_PLACEMENT_3D('',#228,#229,#230);
#228 = CARTESIAN_POINT('',(0.,0.,-4.));
#229 = DIRECTION('',(0.,0.,1.));
#230 = DIRECTION('',(1.,0.,0.));
#231 = AXIS2_PLACEMENT_3D('',#232,#233,#234);
#232 = CARTESIAN_POINT('',(0.,0.,-4.4));
#233 = DIRECTION('',(0.,0.,1.));
#234 = DIRECTION('',(1.,0.,0.));
#235 = AXIS2_PLACEMENT_3D('',#236,#237,#238);
#236 = CARTESIAN_POINT('',(0.,0.,-4.8));
#237 = DIRECTION('',(0.,0.,1.));
#238 = DIRECTION('',(1.,0.,0.));
#239 = AXIS2_PLACEMENT_3D('',#240,#241,#242);
#240 = CARTESIAN_POINT('',(0.,0.,-5.2));
#241 = DIRECTION('',(0.,0.,1.));
#242 = DIRECTION('',(1.,0.,0.));
#243 = AXIS2_PLACEMENT_3D('',#244,#245,#246);
#244 = CARTESIAN_POINT('',(0.,0.,0.));
#245 = DIRECTION('',(0.,0.,1.));
#246 = DIRECTION('',(1.,0.,0.));
#247 = AXIS2_PLACEMENT_3D('',#248,#249,#250);
#248 = CARTESIAN_POINT('',(0.,0.,0.));
#249 = DIRECTION('',(0.,0.,1.));
#250 = DIRECTION('',(1.,0.,0.));
#251 = ( GEOMETRIC_REPRESENTATION_CONTEXT(3) 
GLOBAL_UNCERTAINTY_ASSIGNED_CONTEXT((#255)) GLOBAL_UNIT_ASSIGNED_CONTEXT
((#252,#253,#254)) REPRESENTATION_CONTEXT('Context #1',
  '3D Context with UNIT and UNCERTAINTY') );
#252 = ( LENGTH_UNIT() NAMED_UNIT(*) SI_UNIT(.MILLI.,.METRE.) );
#253 = ( NAMED_UNIT(*) PLANE_ANGLE_UNIT() SI_UNIT($,.RADIAN.) );
#254 = ( NAMED_UNIT(*) SI_UNIT($,.STERADIAN.) SOLID_ANGLE_UNIT() );
#255 = UNCERTAINTY_MEASURE_WITH_UNIT(LENGTH_MEASURE(1.E-06),#252,
  'distance_accuracy_value','confusion accuracy');
#256 = PRODUCT_RELATED_PRODUCT_CATEGORY('part',$,(#7));
#257 = SHAPE_DEFINITION_REPRESENTATION(#258,#264);
#258 = PRODUCT_DEFINITION_SHAPE('','',#259);
#259 = PRODUCT_DEFINITION('design','',#260,#263);
#260 = PRODUCT_DEFINITION_FORMATION('','',#261);
#261 = PRODUCT('Body_Solid1','Body_Solid1','',(#262));
#262 = PRODUCT_CONTEXT('',#2,'mechanical');
#263 = PRODUCT_DEFINITION_CONTEXT('part definition',#2,'design');
#264 = ADVANCED_BREP_SHAPE_REPRESENTATION('',(#11,#265),#7964);
#265 = MANIFOLD_SOLID_BREP('',#266);
#266 = CLOSED_SHELL('',(#267,#755,#2508,#2532,#2557,#2574,#2598,#2623,
    #2640,#2664,#2689,#2706,#2730,#2755,#2772,#2796,#2821,#2838,#2862,
    #2887,#2904,#2928,#2953,#2970,#2994,#3019,#3036,#3060,#3085,#3102,
    #3126,#3151,#3168,#3192,#3217,#3234,#3258,#3283,#3300,#3324,#3349,
    #3366,#3390,#3415,#3432,#3778,#3813,#4152,#4164,#4176,#4188,#4200,
    #4212,#4224,#4236,#4248,#4260,#4272,#4284,#4296,#4308,#4320,#4344,
    #4369,#4386,#4410,#4435,#4452,#4476,#4501,#4518,#4542,#4567,#4584,
    #4608,#4633,#4650,#4674,#4699,#4716,#4740,#4765,#4782,#4806,#4831,
    #4848,#4872,#4897,#4914,#4938,#4963,#4980,#5004,#5029,#5046,#5070,
    #5095,#5112,#5136,#5161,#5178,#5202,#5227,#5244,#5578,#5602,#5627,
    #5644,#5668,#5693,#5710,#5734,#5759,#5776,#5800,#5825,#5842,#5866,
    #5891,#5908,#5932,#5957,#5974,#5998,#6023,#6040,#6064,#6089,#6106,
    #6130,#6155,#6172,#6196,#6221,#6238,#6262,#6287,#6304,#6328,#6353,
    #6370,#6394,#6419,#6436,#6460,#6485,#6502,#6526,#6551,#6568,#6592,
    #6617,#6634,#6658,#6683,#6700,#6724,#6749,#6766,#6790,#6815,#6832,
    #6856,#6881,#6898,#6922,#6947,#6964,#6988,#7013,#7030,#7054,#7079,
    #7096,#7120,#7145,#7162,#7186,#7211,#7228,#7252,#7277,#7294,#7318,
    #7343,#7360,#7384,#7409,#7426,#7438,#7450,#7462,#7474,#7486,#7498,
    #7510,#7522,#7534,#7546,#7558,#7570,#7582,#7594,#7619,#7631,#7643,
    #7655,#7667,#7679,#7691,#7703,#7715,#7727,#7739,#7751,#7763,#7775,
    #7787,#7799,#7811,#7823,#7835,#7847,#7859,#7871,#7883,#7895,#7907,
    #7919,#7931,#7943,#7955));
#267 = ADVANCED_FACE('',(#268),#750,.T.);
#268 = FACE_BOUND('',#269,.T.);
#269 = EDGE_LOOP('',(#270,#280,#288,#296,#304,#312,#320,#328,#336,#344,
    #352,#360,#368,#376,#384,#392,#400,#408,#416,#424,#432,#440,#448,
    #456,#464,#472,#480,#488,#496,#504,#512,#520,#528,#536,#544,#552,
    #560,#568,#576,#584,#592,#600,#608,#616,#624,#632,#640,#648,#656,
    #664,#672,#680,#688,#696,#704,#712,#720,#728,#736,#744));
#270 = ORIENTED_EDGE('',*,*,#271,.F.);
#271 = EDGE_CURVE('',#272,#274,#276,.T.);
#272 = VERTEX_POINT('',#273);
#273 = CARTESIAN_POINT('',(3.5,5.E-02,-3.5));
#274 = VERTEX_POINT('',#275);
#275 = CARTESIAN_POINT('',(3.5,5.E-02,-2.725));
#276 = LINE('',#277,#278);
#277 = CARTESIAN_POINT('',(3.5,5.E-02,-3.5));
#278 = VECTOR('',#279,1.);
#279 = DIRECTION('',(0.,2.22044604925E-16,1.));
#280 = ORIENTED_EDGE('',*,*,#281,.T.);
#281 = EDGE_CURVE('',#272,#282,#284,.T.);
#282 = VERTEX_POINT('',#283);
#283 = CARTESIAN_POINT('',(3.5,1.,-3.5));
#284 = LINE('',#285,#286);
#285 = CARTESIAN_POINT('',(3.5,-7.771561172376E-16,-3.5));
#286 = VECTOR('',#287,1.);
#287 = DIRECTION('',(0.,1.,-2.22044604925E-16));
#288 = ORIENTED_EDGE('',*,*,#289,.T.);
#289 = EDGE_CURVE('',#282,#290,#292,.T.);
#290 = VERTEX_POINT('',#291);
#291 = CARTESIAN_POINT('',(3.5,1.,3.5));
#292 = LINE('',#293,#294);
#293 = CARTESIAN_POINT('',(3.5,1.,-3.5));
#294 = VECTOR('',#295,1.);
#295 = DIRECTION('',(0.,2.22044604925E-16,1.));
#296 = ORIENTED_EDGE('',*,*,#297,.F.);
#297 = EDGE_CURVE('',#298,#290,#300,.T.);
#298 = VERTEX_POINT('',#299);
#299 = CARTESIAN_POINT('',(3.5,5.E-02,3.5));
#300 = LINE('',#301,#302);
#301 = CARTESIAN_POINT('',(3.5,7.771561172376E-16,3.5));
#302 = VECTOR('',#303,1.);
#303 = DIRECTION('',(0.,1.,-2.22044604925E-16));
#304 = ORIENTED_EDGE('',*,*,#305,.F.);
#305 = EDGE_CURVE('',#306,#298,#308,.T.);
#306 = VERTEX_POINT('',#307);
#307 = CARTESIAN_POINT('',(3.5,5.E-02,2.725));
#308 = LINE('',#309,#310);
#309 = CARTESIAN_POINT('',(3.5,5.E-02,-3.5));
#310 = VECTOR('',#311,1.);
#311 = DIRECTION('',(0.,2.22044604925E-16,1.));
#312 = ORIENTED_EDGE('',*,*,#313,.T.);
#313 = EDGE_CURVE('',#306,#314,#316,.T.);
#314 = VERTEX_POINT('',#315);
#315 = CARTESIAN_POINT('',(3.5,0.2,2.725));
#316 = LINE('',#317,#318);
#317 = CARTESIAN_POINT('',(3.5,0.,2.725));
#318 = VECTOR('',#319,1.);
#319 = DIRECTION('',(0.,1.,-2.22044604925E-16));
#320 = ORIENTED_EDGE('',*,*,#321,.T.);
#321 = EDGE_CURVE('',#314,#322,#324,.T.);
#322 = VERTEX_POINT('',#323);
#323 = CARTESIAN_POINT('',(3.5,0.2,2.475));
#324 = LINE('',#325,#326);
#325 = CARTESIAN_POINT('',(3.5,0.2,2.725));
#326 = VECTOR('',#327,1.);
#327 = DIRECTION('',(0.,-2.22044604925E-16,-1.));
#328 = ORIENTED_EDGE('',*,*,#329,.F.);
#329 = EDGE_CURVE('',#330,#322,#332,.T.);
#330 = VERTEX_POINT('',#331);
#331 = CARTESIAN_POINT('',(3.5,5.E-02,2.475));
#332 = LINE('',#333,#334);
#333 = CARTESIAN_POINT('',(3.5,0.,2.475));
#334 = VECTOR('',#335,1.);
#335 = DIRECTION('',(0.,1.,-2.22044604925E-16));
#336 = ORIENTED_EDGE('',*,*,#337,.F.);
#337 = EDGE_CURVE('',#338,#330,#340,.T.);
#338 = VERTEX_POINT('',#339);
#339 = CARTESIAN_POINT('',(3.5,5.E-02,2.325));
#340 = LINE('',#341,#342);
#341 = CARTESIAN_POINT('',(3.5,5.E-02,-3.5));
#342 = VECTOR('',#343,1.);
#343 = DIRECTION('',(0.,2.22044604925E-16,1.));
#344 = ORIENTED_EDGE('',*,*,#345,.T.);
#345 = EDGE_CURVE('',#338,#346,#348,.T.);
#346 = VERTEX_POINT('',#347);
#347 = CARTESIAN_POINT('',(3.5,0.2,2.325));
#348 = LINE('',#349,#350);
#349 = CARTESIAN_POINT('',(3.5,0.,2.325));
#350 = VECTOR('',#351,1.);
#351 = DIRECTION('',(0.,1.,-2.22044604925E-16));
#352 = ORIENTED_EDGE('',*,*,#353,.T.);
#353 = EDGE_CURVE('',#346,#354,#356,.T.);
#354 = VERTEX_POINT('',#355);
#355 = CARTESIAN_POINT('',(3.5,0.2,2.075));
#356 = LINE('',#357,#358);
#357 = CARTESIAN_POINT('',(3.5,0.2,2.325));
#358 = VECTOR('',#359,1.);
#359 = DIRECTION('',(0.,-2.22044604925E-16,-1.));
#360 = ORIENTED_EDGE('',*,*,#361,.F.);
#361 = EDGE_CURVE('',#362,#354,#364,.T.);
#362 = VERTEX_POINT('',#363);
#363 = CARTESIAN_POINT('',(3.5,5.E-02,2.075));
#364 = LINE('',#365,#366);
#365 = CARTESIAN_POINT('',(3.5,0.,2.075));
#366 = VECTOR('',#367,1.);
#367 = DIRECTION('',(0.,1.,-2.22044604925E-16));
#368 = ORIENTED_EDGE('',*,*,#369,.F.);
#369 = EDGE_CURVE('',#370,#362,#372,.T.);
#370 = VERTEX_POINT('',#371);
#371 = CARTESIAN_POINT('',(3.5,5.E-02,1.925));
#372 = LINE('',#373,#374);
#373 = CARTESIAN_POINT('',(3.5,5.E-02,-3.5));
#374 = VECTOR('',#375,1.);
#375 = DIRECTION('',(0.,2.22044604925E-16,1.));
#376 = ORIENTED_EDGE('',*,*,#377,.T.);
#377 = EDGE_CURVE('',#370,#378,#380,.T.);
#378 = VERTEX_POINT('',#379);
#379 = CARTESIAN_POINT('',(3.5,0.2,1.925));
#380 = LINE('',#381,#382);
#381 = CARTESIAN_POINT('',(3.5,0.,1.925));
#382 = VECTOR('',#383,1.);
#383 = DIRECTION('',(0.,1.,-2.22044604925E-16));
#384 = ORIENTED_EDGE('',*,*,#385,.T.);
#385 = EDGE_CURVE('',#378,#386,#388,.T.);
#386 = VERTEX_POINT('',#387);
#387 = CARTESIAN_POINT('',(3.5,0.2,1.675));
#388 = LINE('',#389,#390);
#389 = CARTESIAN_POINT('',(3.5,0.2,1.925));
#390 = VECTOR('',#391,1.);
#391 = DIRECTION('',(0.,-2.22044604925E-16,-1.));
#392 = ORIENTED_EDGE('',*,*,#393,.F.);
#393 = EDGE_CURVE('',#394,#386,#396,.T.);
#394 = VERTEX_POINT('',#395);
#395 = CARTESIAN_POINT('',(3.5,5.E-02,1.675));
#396 = LINE('',#397,#398);
#397 = CARTESIAN_POINT('',(3.5,0.,1.675));
#398 = VECTOR('',#399,1.);
#399 = DIRECTION('',(0.,1.,-2.22044604925E-16));
#400 = ORIENTED_EDGE('',*,*,#401,.F.);
#401 = EDGE_CURVE('',#402,#394,#404,.T.);
#402 = VERTEX_POINT('',#403);
#403 = CARTESIAN_POINT('',(3.5,5.E-02,1.525));
#404 = LINE('',#405,#406);
#405 = CARTESIAN_POINT('',(3.5,5.E-02,-3.5));
#406 = VECTOR('',#407,1.);
#407 = DIRECTION('',(0.,2.22044604925E-16,1.));
#408 = ORIENTED_EDGE('',*,*,#409,.T.);
#409 = EDGE_CURVE('',#402,#410,#412,.T.);
#410 = VERTEX_POINT('',#411);
#411 = CARTESIAN_POINT('',(3.5,0.2,1.525));
#412 = LINE('',#413,#414);
#413 = CARTESIAN_POINT('',(3.5,0.,1.525));
#414 = VECTOR('',#415,1.);
#415 = DIRECTION('',(0.,1.,-2.22044604925E-16));
#416 = ORIENTED_EDGE('',*,*,#417,.T.);
#417 = EDGE_CURVE('',#410,#418,#420,.T.);
#418 = VERTEX_POINT('',#419);
#419 = CARTESIAN_POINT('',(3.5,0.2,1.275));
#420 = LINE('',#421,#422);
#421 = CARTESIAN_POINT('',(3.5,0.2,1.525));
#422 = VECTOR('',#423,1.);
#423 = DIRECTION('',(0.,-2.22044604925E-16,-1.));
#424 = ORIENTED_EDGE('',*,*,#425,.F.);
#425 = EDGE_CURVE('',#426,#418,#428,.T.);
#426 = VERTEX_POINT('',#427);
#427 = CARTESIAN_POINT('',(3.5,5.E-02,1.275));
#428 = LINE('',#429,#430);
#429 = CARTESIAN_POINT('',(3.5,0.,1.275));
#430 = VECTOR('',#431,1.);
#431 = DIRECTION('',(0.,1.,-2.22044604925E-16));
#432 = ORIENTED_EDGE('',*,*,#433,.F.);
#433 = EDGE_CURVE('',#434,#426,#436,.T.);
#434 = VERTEX_POINT('',#435);
#435 = CARTESIAN_POINT('',(3.5,5.E-02,1.125));
#436 = LINE('',#437,#438);
#437 = CARTESIAN_POINT('',(3.5,5.E-02,-3.5));
#438 = VECTOR('',#439,1.);
#439 = DIRECTION('',(0.,2.22044604925E-16,1.));
#440 = ORIENTED_EDGE('',*,*,#441,.T.);
#441 = EDGE_CURVE('',#434,#442,#444,.T.);
#442 = VERTEX_POINT('',#443);
#443 = CARTESIAN_POINT('',(3.5,0.2,1.125));
#444 = LINE('',#445,#446);
#445 = CARTESIAN_POINT('',(3.5,0.,1.125));
#446 = VECTOR('',#447,1.);
#447 = DIRECTION('',(0.,1.,-2.22044604925E-16));
#448 = ORIENTED_EDGE('',*,*,#449,.T.);
#449 = EDGE_CURVE('',#442,#450,#452,.T.);
#450 = VERTEX_POINT('',#451);
#451 = CARTESIAN_POINT('',(3.5,0.2,0.875));
#452 = LINE('',#453,#454);
#453 = CARTESIAN_POINT('',(3.5,0.2,1.125));
#454 = VECTOR('',#455,1.);
#455 = DIRECTION('',(0.,-2.22044604925E-16,-1.));
#456 = ORIENTED_EDGE('',*,*,#457,.F.);
#457 = EDGE_CURVE('',#458,#450,#460,.T.);
#458 = VERTEX_POINT('',#459);
#459 = CARTESIAN_POINT('',(3.5,5.E-02,0.875));
#460 = LINE('',#461,#462);
#461 = CARTESIAN_POINT('',(3.5,0.,0.875));
#462 = VECTOR('',#463,1.);
#463 = DIRECTION('',(0.,1.,-2.22044604925E-16));
#464 = ORIENTED_EDGE('',*,*,#465,.F.);
#465 = EDGE_CURVE('',#466,#458,#468,.T.);
#466 = VERTEX_POINT('',#467);
#467 = CARTESIAN_POINT('',(3.5,5.E-02,0.725));
#468 = LINE('',#469,#470);
#469 = CARTESIAN_POINT('',(3.5,5.E-02,-3.5));
#470 = VECTOR('',#471,1.);
#471 = DIRECTION('',(0.,2.22044604925E-16,1.));
#472 = ORIENTED_EDGE('',*,*,#473,.T.);
#473 = EDGE_CURVE('',#466,#474,#476,.T.);
#474 = VERTEX_POINT('',#475);
#475 = CARTESIAN_POINT('',(3.5,0.2,0.725));
#476 = LINE('',#477,#478);
#477 = CARTESIAN_POINT('',(3.5,0.,0.725));
#478 = VECTOR('',#479,1.);
#479 = DIRECTION('',(0.,1.,-2.22044604925E-16));
#480 = ORIENTED_EDGE('',*,*,#481,.T.);
#481 = EDGE_CURVE('',#474,#482,#484,.T.);
#482 = VERTEX_POINT('',#483);
#483 = CARTESIAN_POINT('',(3.5,0.2,0.475));
#484 = LINE('',#485,#486);
#485 = CARTESIAN_POINT('',(3.5,0.2,0.725));
#486 = VECTOR('',#487,1.);
#487 = DIRECTION('',(0.,-2.22044604925E-16,-1.));
#488 = ORIENTED_EDGE('',*,*,#489,.F.);
#489 = EDGE_CURVE('',#490,#482,#492,.T.);
#490 = VERTEX_POINT('',#491);
#491 = CARTESIAN_POINT('',(3.5,5.E-02,0.475));
#492 = LINE('',#493,#494);
#493 = CARTESIAN_POINT('',(3.5,0.,0.475));
#494 = VECTOR('',#495,1.);
#495 = DIRECTION('',(0.,1.,-2.22044604925E-16));
#496 = ORIENTED_EDGE('',*,*,#497,.F.);
#497 = EDGE_CURVE('',#498,#490,#500,.T.);
#498 = VERTEX_POINT('',#499);
#499 = CARTESIAN_POINT('',(3.5,5.E-02,0.325));
#500 = LINE('',#501,#502);
#501 = CARTESIAN_POINT('',(3.5,5.E-02,-3.5));
#502 = VECTOR('',#503,1.);
#503 = DIRECTION('',(0.,2.22044604925E-16,1.));
#504 = ORIENTED_EDGE('',*,*,#505,.T.);
#505 = EDGE_CURVE('',#498,#506,#508,.T.);
#506 = VERTEX_POINT('',#507);
#507 = CARTESIAN_POINT('',(3.5,0.2,0.325));
#508 = LINE('',#509,#510);
#509 = CARTESIAN_POINT('',(3.5,0.,0.325));
#510 = VECTOR('',#511,1.);
#511 = DIRECTION('',(0.,1.,-2.22044604925E-16));
#512 = ORIENTED_EDGE('',*,*,#513,.T.);
#513 = EDGE_CURVE('',#506,#514,#516,.T.);
#514 = VERTEX_POINT('',#515);
#515 = CARTESIAN_POINT('',(3.5,0.2,7.5E-02));
#516 = LINE('',#517,#518);
#517 = CARTESIAN_POINT('',(3.5,0.2,0.325));
#518 = VECTOR('',#519,1.);
#519 = DIRECTION('',(0.,-2.22044604925E-16,-1.));
#520 = ORIENTED_EDGE('',*,*,#521,.F.);
#521 = EDGE_CURVE('',#522,#514,#524,.T.);
#522 = VERTEX_POINT('',#523);
#523 = CARTESIAN_POINT('',(3.5,5.E-02,7.5E-02));
#524 = LINE('',#525,#526);
#525 = CARTESIAN_POINT('',(3.5,0.,7.5E-02));
#526 = VECTOR('',#527,1.);
#527 = DIRECTION('',(0.,1.,-2.22044604925E-16));
#528 = ORIENTED_EDGE('',*,*,#529,.F.);
#529 = EDGE_CURVE('',#530,#522,#532,.T.);
#530 = VERTEX_POINT('',#531);
#531 = CARTESIAN_POINT('',(3.5,5.E-02,-7.5E-02));
#532 = LINE('',#533,#534);
#533 = CARTESIAN_POINT('',(3.5,5.E-02,-3.5));
#534 = VECTOR('',#535,1.);
#535 = DIRECTION('',(0.,2.22044604925E-16,1.));
#536 = ORIENTED_EDGE('',*,*,#537,.T.);
#537 = EDGE_CURVE('',#530,#538,#540,.T.);
#538 = VERTEX_POINT('',#539);
#539 = CARTESIAN_POINT('',(3.5,0.2,-7.5E-02));
#540 = LINE('',#541,#542);
#541 = CARTESIAN_POINT('',(3.5,0.,-7.5E-02));
#542 = VECTOR('',#543,1.);
#543 = DIRECTION('',(0.,1.,-2.22044604925E-16));
#544 = ORIENTED_EDGE('',*,*,#545,.T.);
#545 = EDGE_CURVE('',#538,#546,#548,.T.);
#546 = VERTEX_POINT('',#547);
#547 = CARTESIAN_POINT('',(3.5,0.2,-0.325));
#548 = LINE('',#549,#550);
#549 = CARTESIAN_POINT('',(3.5,0.2,-7.5E-02));
#550 = VECTOR('',#551,1.);
#551 = DIRECTION('',(0.,-2.22044604925E-16,-1.));
#552 = ORIENTED_EDGE('',*,*,#553,.F.);
#553 = EDGE_CURVE('',#554,#546,#556,.T.);
#554 = VERTEX_POINT('',#555);
#555 = CARTESIAN_POINT('',(3.5,5.E-02,-0.325));
#556 = LINE('',#557,#558);
#557 = CARTESIAN_POINT('',(3.5,0.,-0.325));
#558 = VECTOR('',#559,1.);
#559 = DIRECTION('',(0.,1.,-2.22044604925E-16));
#560 = ORIENTED_EDGE('',*,*,#561,.F.);
#561 = EDGE_CURVE('',#562,#554,#564,.T.);
#562 = VERTEX_POINT('',#563);
#563 = CARTESIAN_POINT('',(3.5,5.E-02,-0.475));
#564 = LINE('',#565,#566);
#565 = CARTESIAN_POINT('',(3.5,5.E-02,-3.5));
#566 = VECTOR('',#567,1.);
#567 = DIRECTION('',(0.,2.22044604925E-16,1.));
#568 = ORIENTED_EDGE('',*,*,#569,.T.);
#569 = EDGE_CURVE('',#562,#570,#572,.T.);
#570 = VERTEX_POINT('',#571);
#571 = CARTESIAN_POINT('',(3.5,0.2,-0.475));
#572 = LINE('',#573,#574);
#573 = CARTESIAN_POINT('',(3.5,-4.440892098501E-16,-0.475));
#574 = VECTOR('',#575,1.);
#575 = DIRECTION('',(0.,1.,-2.22044604925E-16));
#576 = ORIENTED_EDGE('',*,*,#577,.T.);
#577 = EDGE_CURVE('',#570,#578,#580,.T.);
#578 = VERTEX_POINT('',#579);
#579 = CARTESIAN_POINT('',(3.5,0.2,-0.725));
#580 = LINE('',#581,#582);
#581 = CARTESIAN_POINT('',(3.5,0.2,-0.475));
#582 = VECTOR('',#583,1.);
#583 = DIRECTION('',(0.,-2.22044604925E-16,-1.));
#584 = ORIENTED_EDGE('',*,*,#585,.F.);
#585 = EDGE_CURVE('',#586,#578,#588,.T.);
#586 = VERTEX_POINT('',#587);
#587 = CARTESIAN_POINT('',(3.5,5.E-02,-0.725));
#588 = LINE('',#589,#590);
#589 = CARTESIAN_POINT('',(3.5,-4.440892098501E-16,-0.725));
#590 = VECTOR('',#591,1.);
#591 = DIRECTION('',(0.,1.,-2.22044604925E-16));
#592 = ORIENTED_EDGE('',*,*,#593,.F.);
#593 = EDGE_CURVE('',#594,#586,#596,.T.);
#594 = VERTEX_POINT('',#595);
#595 = CARTESIAN_POINT('',(3.5,5.E-02,-0.875));
#596 = LINE('',#597,#598);
#597 = CARTESIAN_POINT('',(3.5,5.E-02,-3.5));
#598 = VECTOR('',#599,1.);
#599 = DIRECTION('',(0.,2.22044604925E-16,1.));
#600 = ORIENTED_EDGE('',*,*,#601,.T.);
#601 = EDGE_CURVE('',#594,#602,#604,.T.);
#602 = VERTEX_POINT('',#603);
#603 = CARTESIAN_POINT('',(3.5,0.2,-0.875));
#604 = LINE('',#605,#606);
#605 = CARTESIAN_POINT('',(3.5,-2.22044604925E-16,-0.875));
#606 = VECTOR('',#607,1.);
#607 = DIRECTION('',(0.,1.,-2.22044604925E-16));
#608 = ORIENTED_EDGE('',*,*,#609,.T.);
#609 = EDGE_CURVE('',#602,#610,#612,.T.);
#610 = VERTEX_POINT('',#611);
#611 = CARTESIAN_POINT('',(3.5,0.2,-1.125));
#612 = LINE('',#613,#614);
#613 = CARTESIAN_POINT('',(3.5,0.2,-0.875));
#614 = VECTOR('',#615,1.);
#615 = DIRECTION('',(0.,-2.22044604925E-16,-1.));
#616 = ORIENTED_EDGE('',*,*,#617,.F.);
#617 = EDGE_CURVE('',#618,#610,#620,.T.);
#618 = VERTEX_POINT('',#619);
#619 = CARTESIAN_POINT('',(3.5,5.E-02,-1.125));
#620 = LINE('',#621,#622);
#621 = CARTESIAN_POINT('',(3.5,-4.440892098501E-16,-1.125));
#622 = VECTOR('',#623,1.);
#623 = DIRECTION('',(0.,1.,-2.22044604925E-16));
#624 = ORIENTED_EDGE('',*,*,#625,.F.);
#625 = EDGE_CURVE('',#626,#618,#628,.T.);
#626 = VERTEX_POINT('',#627);
#627 = CARTESIAN_POINT('',(3.5,5.E-02,-1.275));
#628 = LINE('',#629,#630);
#629 = CARTESIAN_POINT('',(3.5,5.E-02,-3.5));
#630 = VECTOR('',#631,1.);
#631 = DIRECTION('',(0.,2.22044604925E-16,1.));
#632 = ORIENTED_EDGE('',*,*,#633,.T.);
#633 = EDGE_CURVE('',#626,#634,#636,.T.);
#634 = VERTEX_POINT('',#635);
#635 = CARTESIAN_POINT('',(3.5,0.2,-1.275));
#636 = LINE('',#637,#638);
#637 = CARTESIAN_POINT('',(3.5,-2.22044604925E-16,-1.275));
#638 = VECTOR('',#639,1.);
#639 = DIRECTION('',(0.,1.,-2.22044604925E-16));
#640 = ORIENTED_EDGE('',*,*,#641,.T.);
#641 = EDGE_CURVE('',#634,#642,#644,.T.);
#642 = VERTEX_POINT('',#643);
#643 = CARTESIAN_POINT('',(3.5,0.2,-1.525));
#644 = LINE('',#645,#646);
#645 = CARTESIAN_POINT('',(3.5,0.2,-1.275));
#646 = VECTOR('',#647,1.);
#647 = DIRECTION('',(0.,-2.22044604925E-16,-1.));
#648 = ORIENTED_EDGE('',*,*,#649,.F.);
#649 = EDGE_CURVE('',#650,#642,#652,.T.);
#650 = VERTEX_POINT('',#651);
#651 = CARTESIAN_POINT('',(3.5,5.E-02,-1.525));
#652 = LINE('',#653,#654);
#653 = CARTESIAN_POINT('',(3.5,-4.440892098501E-16,-1.525));
#654 = VECTOR('',#655,1.);
#655 = DIRECTION('',(0.,1.,-2.22044604925E-16));
#656 = ORIENTED_EDGE('',*,*,#657,.F.);
#657 = EDGE_CURVE('',#658,#650,#660,.T.);
#658 = VERTEX_POINT('',#659);
#659 = CARTESIAN_POINT('',(3.5,5.E-02,-1.675));
#660 = LINE('',#661,#662);
#661 = CARTESIAN_POINT('',(3.5,5.E-02,-3.5));
#662 = VECTOR('',#663,1.);
#663 = DIRECTION('',(0.,2.22044604925E-16,1.));
#664 = ORIENTED_EDGE('',*,*,#665,.T.);
#665 = EDGE_CURVE('',#658,#666,#668,.T.);
#666 = VERTEX_POINT('',#667);
#667 = CARTESIAN_POINT('',(3.5,0.2,-1.675));
#668 = LINE('',#669,#670);
#669 = CARTESIAN_POINT('',(3.5,-4.440892098501E-16,-1.675));
#670 = VECTOR('',#671,1.);
#671 = DIRECTION('',(0.,1.,-2.22044604925E-16));
#672 = ORIENTED_EDGE('',*,*,#673,.T.);
#673 = EDGE_CURVE('',#666,#674,#676,.T.);
#674 = VERTEX_POINT('',#675);
#675 = CARTESIAN_POINT('',(3.5,0.2,-1.925));
#676 = LINE('',#677,#678);
#677 = CARTESIAN_POINT('',(3.5,0.2,-1.675));
#678 = VECTOR('',#679,1.);
#679 = DIRECTION('',(0.,-2.22044604925E-16,-1.));
#680 = ORIENTED_EDGE('',*,*,#681,.F.);
#681 = EDGE_CURVE('',#682,#674,#684,.T.);
#682 = VERTEX_POINT('',#683);
#683 = CARTESIAN_POINT('',(3.5,5.E-02,-1.925));
#684 = LINE('',#685,#686);
#685 = CARTESIAN_POINT('',(3.5,-4.440892098501E-16,-1.925));
#686 = VECTOR('',#687,1.);
#687 = DIRECTION('',(0.,1.,-2.22044604925E-16));
#688 = ORIENTED_EDGE('',*,*,#689,.F.);
#689 = EDGE_CURVE('',#690,#682,#692,.T.);
#690 = VERTEX_POINT('',#691);
#691 = CARTESIAN_POINT('',(3.5,5.E-02,-2.075));
#692 = LINE('',#693,#694);
#693 = CARTESIAN_POINT('',(3.5,5.E-02,-3.5));
#694 = VECTOR('',#695,1.);
#695 = DIRECTION('',(0.,2.22044604925E-16,1.));
#696 = ORIENTED_EDGE('',*,*,#697,.T.);
#697 = EDGE_CURVE('',#690,#698,#700,.T.);
#698 = VERTEX_POINT('',#699);
#699 = CARTESIAN_POINT('',(3.5,0.2,-2.075));
#700 = LINE('',#701,#702);
#701 = CARTESIAN_POINT('',(3.5,-4.996003610813E-16,-2.075));
#702 = VECTOR('',#703,1.);
#703 = DIRECTION('',(0.,1.,-2.22044604925E-16));
#704 = ORIENTED_EDGE('',*,*,#705,.T.);
#705 = EDGE_CURVE('',#698,#706,#708,.T.);
#706 = VERTEX_POINT('',#707);
#707 = CARTESIAN_POINT('',(3.5,0.2,-2.325));
#708 = LINE('',#709,#710);
#709 = CARTESIAN_POINT('',(3.5,0.2,-2.075));
#710 = VECTOR('',#711,1.);
#711 = DIRECTION('',(0.,-2.22044604925E-16,-1.));
#712 = ORIENTED_EDGE('',*,*,#713,.F.);
#713 = EDGE_CURVE('',#714,#706,#716,.T.);
#714 = VERTEX_POINT('',#715);
#715 = CARTESIAN_POINT('',(3.5,5.E-02,-2.325));
#716 = LINE('',#717,#718);
#717 = CARTESIAN_POINT('',(3.5,-5.551115123126E-16,-2.325));
#718 = VECTOR('',#719,1.);
#719 = DIRECTION('',(0.,1.,-2.22044604925E-16));
#720 = ORIENTED_EDGE('',*,*,#721,.F.);
#721 = EDGE_CURVE('',#722,#714,#724,.T.);
#722 = VERTEX_POINT('',#723);
#723 = CARTESIAN_POINT('',(3.5,5.E-02,-2.475));
#724 = LINE('',#725,#726);
#725 = CARTESIAN_POINT('',(3.5,5.E-02,-3.5));
#726 = VECTOR('',#727,1.);
#727 = DIRECTION('',(0.,2.22044604925E-16,1.));
#728 = ORIENTED_EDGE('',*,*,#729,.T.);
#729 = EDGE_CURVE('',#722,#730,#732,.T.);
#730 = VERTEX_POINT('',#731);
#731 = CARTESIAN_POINT('',(3.5,0.2,-2.475));
#732 = LINE('',#733,#734);
#733 = CARTESIAN_POINT('',(3.5,-5.495603971895E-16,-2.475));
#734 = VECTOR('',#735,1.);
#735 = DIRECTION('',(0.,1.,-2.22044604925E-16));
#736 = ORIENTED_EDGE('',*,*,#737,.T.);
#737 = EDGE_CURVE('',#730,#738,#740,.T.);
#738 = VERTEX_POINT('',#739);
#739 = CARTESIAN_POINT('',(3.5,0.2,-2.725));
#740 = LINE('',#741,#742);
#741 = CARTESIAN_POINT('',(3.5,0.2,-2.475));
#742 = VECTOR('',#743,1.);
#743 = DIRECTION('',(0.,-2.22044604925E-16,-1.));
#744 = ORIENTED_EDGE('',*,*,#745,.F.);
#745 = EDGE_CURVE('',#274,#738,#746,.T.);
#746 = LINE('',#747,#748);
#747 = CARTESIAN_POINT('',(3.5,-6.050715484207E-16,-2.725));
#748 = VECTOR('',#749,1.);
#749 = DIRECTION('',(0.,1.,-2.22044604925E-16));
#750 = PLANE('',#751);
#751 = AXIS2_PLACEMENT_3D('',#752,#753,#754);
#752 = CARTESIAN_POINT('',(3.5,-7.771561172376E-16,-3.5));
#753 = DIRECTION('',(1.,0.,0.));
#754 = DIRECTION('',(0.,2.22044604925E-16,1.));
#755 = ADVANCED_FACE('',(#756),#2503,.F.);
#756 = FACE_BOUND('',#757,.F.);
#757 = EDGE_LOOP('',(#758,#759,#767,#775,#784,#792,#800,#808,#817,#825,
    #833,#841,#850,#858,#866,#874,#883,#891,#899,#907,#916,#924,#932,
    #940,#949,#957,#965,#973,#982,#990,#998,#1006,#1015,#1023,#1031,
    #1039,#1048,#1056,#1064,#1072,#1081,#1089,#1097,#1105,#1114,#1122,
    #1130,#1138,#1147,#1155,#1163,#1171,#1180,#1188,#1196,#1204,#1213,
    #1221,#1229,#1237,#1245,#1254,#1262,#1270,#1278,#1287,#1295,#1303,
    #1311,#1320,#1328,#1336,#1344,#1353,#1361,#1369,#1377,#1386,#1394,
    #1402,#1410,#1419,#1427,#1435,#1443,#1452,#1460,#1468,#1476,#1485,
    #1493,#1501,#1509,#1518,#1526,#1534,#1542,#1551,#1559,#1567,#1575,
    #1584,#1592,#1600,#1608,#1617,#1625,#1633,#1641,#1650,#1658,#1666,
    #1674,#1683,#1691,#1699,#1707,#1715,#1724,#1732,#1740,#1748,#1757,
    #1765,#1773,#1781,#1790,#1798,#1806,#1814,#1823,#1831,#1839,#1847,
    #1856,#1864,#1872,#1880,#1889,#1897,#1905,#1913,#1922,#1930,#1938,
    #1946,#1955,#1963,#1971,#1979,#1988,#1996,#2004,#2012,#2021,#2029,
    #2037,#2045,#2054,#2062,#2070,#2078,#2087,#2095,#2103,#2111,#2120,
    #2128,#2136,#2144,#2153,#2161,#2167,#2168,#2176,#2185,#2191,#2192,
    #2200,#2209,#2215,#2216,#2224,#2233,#2239,#2240,#2248,#2257,#2263,
    #2264,#2272,#2281,#2287,#2288,#2296,#2305,#2311,#2312,#2320,#2329,
    #2335,#2336,#2344,#2353,#2359,#2360,#2368,#2377,#2383,#2384,#2392,
    #2401,#2407,#2408,#2416,#2425,#2431,#2432,#2440,#2449,#2455,#2456,
    #2464,#2473,#2479,#2480,#2488,#2497));
#758 = ORIENTED_EDGE('',*,*,#271,.F.);
#759 = ORIENTED_EDGE('',*,*,#760,.F.);
#760 = EDGE_CURVE('',#761,#272,#763,.T.);
#761 = VERTEX_POINT('',#762);
#762 = CARTESIAN_POINT('',(2.725,5.E-02,-3.5));
#763 = LINE('',#764,#765);
#764 = CARTESIAN_POINT('',(-3.5,5.E-02,-3.5));
#765 = VECTOR('',#766,1.);
#766 = DIRECTION('',(1.,0.,0.));
#767 = ORIENTED_EDGE('',*,*,#768,.F.);
#768 = EDGE_CURVE('',#769,#761,#771,.T.);
#769 = VERTEX_POINT('',#770);
#770 = CARTESIAN_POINT('',(2.725,5.E-02,-3.13));
#771 = LINE('',#772,#773);
#772 = CARTESIAN_POINT('',(2.725,5.E-02,-1.75));
#773 = VECTOR('',#774,1.);
#774 = DIRECTION('',(0.,0.,-1.));
#775 = ORIENTED_EDGE('',*,*,#776,.T.);
#776 = EDGE_CURVE('',#769,#777,#779,.T.);
#777 = VERTEX_POINT('',#778);
#778 = CARTESIAN_POINT('',(2.475,5.E-02,-3.13));
#779 = CIRCLE('',#780,0.125);
#780 = AXIS2_PLACEMENT_3D('',#781,#782,#783);
#781 = CARTESIAN_POINT('',(2.6,5.E-02,-3.13));
#782 = DIRECTION('',(0.,-1.,2.22044604925E-16));
#783 = DIRECTION('',(1.,0.,0.));
#784 = ORIENTED_EDGE('',*,*,#785,.F.);
#785 = EDGE_CURVE('',#786,#777,#788,.T.);
#786 = VERTEX_POINT('',#787);
#787 = CARTESIAN_POINT('',(2.475,5.E-02,-3.5));
#788 = LINE('',#789,#790);
#789 = CARTESIAN_POINT('',(2.475,5.E-02,-1.565));
#790 = VECTOR('',#791,1.);
#791 = DIRECTION('',(0.,0.,1.));
#792 = ORIENTED_EDGE('',*,*,#793,.F.);
#793 = EDGE_CURVE('',#794,#786,#796,.T.);
#794 = VERTEX_POINT('',#795);
#795 = CARTESIAN_POINT('',(2.325,5.E-02,-3.5));
#796 = LINE('',#797,#798);
#797 = CARTESIAN_POINT('',(-3.5,5.E-02,-3.5));
#798 = VECTOR('',#799,1.);
#799 = DIRECTION('',(1.,0.,0.));
#800 = ORIENTED_EDGE('',*,*,#801,.F.);
#801 = EDGE_CURVE('',#802,#794,#804,.T.);
#802 = VERTEX_POINT('',#803);
#803 = CARTESIAN_POINT('',(2.325,5.E-02,-3.13));
#804 = LINE('',#805,#806);
#805 = CARTESIAN_POINT('',(2.325,5.E-02,-1.75));
#806 = VECTOR('',#807,1.);
#807 = DIRECTION('',(0.,0.,-1.));
#808 = ORIENTED_EDGE('',*,*,#809,.T.);
#809 = EDGE_CURVE('',#802,#810,#812,.T.);
#810 = VERTEX_POINT('',#811);
#811 = CARTESIAN_POINT('',(2.075,5.E-02,-3.13));
#812 = CIRCLE('',#813,0.125);
#813 = AXIS2_PLACEMENT_3D('',#814,#815,#816);
#814 = CARTESIAN_POINT('',(2.2,5.E-02,-3.13));
#815 = DIRECTION('',(0.,-1.,2.22044604925E-16));
#816 = DIRECTION('',(1.,0.,0.));
#817 = ORIENTED_EDGE('',*,*,#818,.F.);
#818 = EDGE_CURVE('',#819,#810,#821,.T.);
#819 = VERTEX_POINT('',#820);
#820 = CARTESIAN_POINT('',(2.075,5.E-02,-3.5));
#821 = LINE('',#822,#823);
#822 = CARTESIAN_POINT('',(2.075,5.E-02,-1.565));
#823 = VECTOR('',#824,1.);
#824 = DIRECTION('',(0.,0.,1.));
#825 = ORIENTED_EDGE('',*,*,#826,.F.);
#826 = EDGE_CURVE('',#827,#819,#829,.T.);
#827 = VERTEX_POINT('',#828);
#828 = CARTESIAN_POINT('',(1.925,5.E-02,-3.5));
#829 = LINE('',#830,#831);
#830 = CARTESIAN_POINT('',(-3.5,5.E-02,-3.5));
#831 = VECTOR('',#832,1.);
#832 = DIRECTION('',(1.,0.,0.));
#833 = ORIENTED_EDGE('',*,*,#834,.F.);
#834 = EDGE_CURVE('',#835,#827,#837,.T.);
#835 = VERTEX_POINT('',#836);
#836 = CARTESIAN_POINT('',(1.925,5.E-02,-3.13));
#837 = LINE('',#838,#839);
#838 = CARTESIAN_POINT('',(1.925,5.E-02,-1.75));
#839 = VECTOR('',#840,1.);
#840 = DIRECTION('',(0.,0.,-1.));
#841 = ORIENTED_EDGE('',*,*,#842,.T.);
#842 = EDGE_CURVE('',#835,#843,#845,.T.);
#843 = VERTEX_POINT('',#844);
#844 = CARTESIAN_POINT('',(1.675,5.E-02,-3.13));
#845 = CIRCLE('',#846,0.125);
#846 = AXIS2_PLACEMENT_3D('',#847,#848,#849);
#847 = CARTESIAN_POINT('',(1.8,5.E-02,-3.13));
#848 = DIRECTION('',(0.,-1.,2.22044604925E-16));
#849 = DIRECTION('',(1.,0.,0.));
#850 = ORIENTED_EDGE('',*,*,#851,.F.);
#851 = EDGE_CURVE('',#852,#843,#854,.T.);
#852 = VERTEX_POINT('',#853);
#853 = CARTESIAN_POINT('',(1.675,5.E-02,-3.5));
#854 = LINE('',#855,#856);
#855 = CARTESIAN_POINT('',(1.675,5.E-02,-1.565));
#856 = VECTOR('',#857,1.);
#857 = DIRECTION('',(0.,0.,1.));
#858 = ORIENTED_EDGE('',*,*,#859,.F.);
#859 = EDGE_CURVE('',#860,#852,#862,.T.);
#860 = VERTEX_POINT('',#861);
#861 = CARTESIAN_POINT('',(1.525,5.E-02,-3.5));
#862 = LINE('',#863,#864);
#863 = CARTESIAN_POINT('',(-3.5,5.E-02,-3.5));
#864 = VECTOR('',#865,1.);
#865 = DIRECTION('',(1.,0.,0.));
#866 = ORIENTED_EDGE('',*,*,#867,.F.);
#867 = EDGE_CURVE('',#868,#860,#870,.T.);
#868 = VERTEX_POINT('',#869);
#869 = CARTESIAN_POINT('',(1.525,5.E-02,-3.13));
#870 = LINE('',#871,#872);
#871 = CARTESIAN_POINT('',(1.525,5.E-02,-1.75));
#872 = VECTOR('',#873,1.);
#873 = DIRECTION('',(0.,0.,-1.));
#874 = ORIENTED_EDGE('',*,*,#875,.T.);
#875 = EDGE_CURVE('',#868,#876,#878,.T.);
#876 = VERTEX_POINT('',#877);
#877 = CARTESIAN_POINT('',(1.275,5.E-02,-3.13));
#878 = CIRCLE('',#879,0.125);
#879 = AXIS2_PLACEMENT_3D('',#880,#881,#882);
#880 = CARTESIAN_POINT('',(1.4,5.E-02,-3.13));
#881 = DIRECTION('',(0.,-1.,2.22044604925E-16));
#882 = DIRECTION('',(1.,0.,0.));
#883 = ORIENTED_EDGE('',*,*,#884,.F.);
#884 = EDGE_CURVE('',#885,#876,#887,.T.);
#885 = VERTEX_POINT('',#886);
#886 = CARTESIAN_POINT('',(1.275,5.E-02,-3.5));
#887 = LINE('',#888,#889);
#888 = CARTESIAN_POINT('',(1.275,5.E-02,-1.565));
#889 = VECTOR('',#890,1.);
#890 = DIRECTION('',(0.,0.,1.));
#891 = ORIENTED_EDGE('',*,*,#892,.F.);
#892 = EDGE_CURVE('',#893,#885,#895,.T.);
#893 = VERTEX_POINT('',#894);
#894 = CARTESIAN_POINT('',(1.125,5.E-02,-3.5));
#895 = LINE('',#896,#897);
#896 = CARTESIAN_POINT('',(-3.5,5.E-02,-3.5));
#897 = VECTOR('',#898,1.);
#898 = DIRECTION('',(1.,0.,0.));
#899 = ORIENTED_EDGE('',*,*,#900,.F.);
#900 = EDGE_CURVE('',#901,#893,#903,.T.);
#901 = VERTEX_POINT('',#902);
#902 = CARTESIAN_POINT('',(1.125,5.E-02,-3.13));
#903 = LINE('',#904,#905);
#904 = CARTESIAN_POINT('',(1.125,5.E-02,-1.75));
#905 = VECTOR('',#906,1.);
#906 = DIRECTION('',(0.,0.,-1.));
#907 = ORIENTED_EDGE('',*,*,#908,.T.);
#908 = EDGE_CURVE('',#901,#909,#911,.T.);
#909 = VERTEX_POINT('',#910);
#910 = CARTESIAN_POINT('',(0.875,5.E-02,-3.13));
#911 = CIRCLE('',#912,0.125);
#912 = AXIS2_PLACEMENT_3D('',#913,#914,#915);
#913 = CARTESIAN_POINT('',(1.,5.E-02,-3.13));
#914 = DIRECTION('',(0.,-1.,2.22044604925E-16));
#915 = DIRECTION('',(1.,0.,0.));
#916 = ORIENTED_EDGE('',*,*,#917,.F.);
#917 = EDGE_CURVE('',#918,#909,#920,.T.);
#918 = VERTEX_POINT('',#919);
#919 = CARTESIAN_POINT('',(0.875,5.E-02,-3.5));
#920 = LINE('',#921,#922);
#921 = CARTESIAN_POINT('',(0.875,5.E-02,-1.565));
#922 = VECTOR('',#923,1.);
#923 = DIRECTION('',(0.,0.,1.));
#924 = ORIENTED_EDGE('',*,*,#925,.F.);
#925 = EDGE_CURVE('',#926,#918,#928,.T.);
#926 = VERTEX_POINT('',#927);
#927 = CARTESIAN_POINT('',(0.725,5.E-02,-3.5));
#928 = LINE('',#929,#930);
#929 = CARTESIAN_POINT('',(-3.5,5.E-02,-3.5));
#930 = VECTOR('',#931,1.);
#931 = DIRECTION('',(1.,0.,0.));
#932 = ORIENTED_EDGE('',*,*,#933,.F.);
#933 = EDGE_CURVE('',#934,#926,#936,.T.);
#934 = VERTEX_POINT('',#935);
#935 = CARTESIAN_POINT('',(0.725,5.E-02,-3.13));
#936 = LINE('',#937,#938);
#937 = CARTESIAN_POINT('',(0.725,5.E-02,-1.75));
#938 = VECTOR('',#939,1.);
#939 = DIRECTION('',(0.,0.,-1.));
#940 = ORIENTED_EDGE('',*,*,#941,.T.);
#941 = EDGE_CURVE('',#934,#942,#944,.T.);
#942 = VERTEX_POINT('',#943);
#943 = CARTESIAN_POINT('',(0.475,5.E-02,-3.13));
#944 = CIRCLE('',#945,0.125);
#945 = AXIS2_PLACEMENT_3D('',#946,#947,#948);
#946 = CARTESIAN_POINT('',(0.6,5.E-02,-3.13));
#947 = DIRECTION('',(0.,-1.,2.22044604925E-16));
#948 = DIRECTION('',(1.,0.,0.));
#949 = ORIENTED_EDGE('',*,*,#950,.F.);
#950 = EDGE_CURVE('',#951,#942,#953,.T.);
#951 = VERTEX_POINT('',#952);
#952 = CARTESIAN_POINT('',(0.475,5.E-02,-3.5));
#953 = LINE('',#954,#955);
#954 = CARTESIAN_POINT('',(0.475,5.E-02,-1.565));
#955 = VECTOR('',#956,1.);
#956 = DIRECTION('',(0.,0.,1.));
#957 = ORIENTED_EDGE('',*,*,#958,.F.);
#958 = EDGE_CURVE('',#959,#951,#961,.T.);
#959 = VERTEX_POINT('',#960);
#960 = CARTESIAN_POINT('',(0.325,5.E-02,-3.5));
#961 = LINE('',#962,#963);
#962 = CARTESIAN_POINT('',(-3.5,5.E-02,-3.5));
#963 = VECTOR('',#964,1.);
#964 = DIRECTION('',(1.,0.,0.));
#965 = ORIENTED_EDGE('',*,*,#966,.F.);
#966 = EDGE_CURVE('',#967,#959,#969,.T.);
#967 = VERTEX_POINT('',#968);
#968 = CARTESIAN_POINT('',(0.325,5.E-02,-3.13));
#969 = LINE('',#970,#971);
#970 = CARTESIAN_POINT('',(0.325,5.E-02,-1.75));
#971 = VECTOR('',#972,1.);
#972 = DIRECTION('',(0.,0.,-1.));
#973 = ORIENTED_EDGE('',*,*,#974,.T.);
#974 = EDGE_CURVE('',#967,#975,#977,.T.);
#975 = VERTEX_POINT('',#976);
#976 = CARTESIAN_POINT('',(7.5E-02,5.E-02,-3.13));
#977 = CIRCLE('',#978,0.125);
#978 = AXIS2_PLACEMENT_3D('',#979,#980,#981);
#979 = CARTESIAN_POINT('',(0.2,5.E-02,-3.13));
#980 = DIRECTION('',(0.,-1.,2.22044604925E-16));
#981 = DIRECTION('',(1.,0.,0.));
#982 = ORIENTED_EDGE('',*,*,#983,.F.);
#983 = EDGE_CURVE('',#984,#975,#986,.T.);
#984 = VERTEX_POINT('',#985);
#985 = CARTESIAN_POINT('',(7.5E-02,5.E-02,-3.5));
#986 = LINE('',#987,#988);
#987 = CARTESIAN_POINT('',(7.5E-02,5.E-02,-1.565));
#988 = VECTOR('',#989,1.);
#989 = DIRECTION('',(0.,0.,1.));
#990 = ORIENTED_EDGE('',*,*,#991,.F.);
#991 = EDGE_CURVE('',#992,#984,#994,.T.);
#992 = VERTEX_POINT('',#993);
#993 = CARTESIAN_POINT('',(-7.5E-02,5.E-02,-3.5));
#994 = LINE('',#995,#996);
#995 = CARTESIAN_POINT('',(-3.5,5.E-02,-3.5));
#996 = VECTOR('',#997,1.);
#997 = DIRECTION('',(1.,0.,0.));
#998 = ORIENTED_EDGE('',*,*,#999,.F.);
#999 = EDGE_CURVE('',#1000,#992,#1002,.T.);
#1000 = VERTEX_POINT('',#1001);
#1001 = CARTESIAN_POINT('',(-7.5E-02,5.E-02,-3.13));
#1002 = LINE('',#1003,#1004);
#1003 = CARTESIAN_POINT('',(-7.5E-02,5.E-02,-1.75));
#1004 = VECTOR('',#1005,1.);
#1005 = DIRECTION('',(0.,0.,-1.));
#1006 = ORIENTED_EDGE('',*,*,#1007,.T.);
#1007 = EDGE_CURVE('',#1000,#1008,#1010,.T.);
#1008 = VERTEX_POINT('',#1009);
#1009 = CARTESIAN_POINT('',(-0.325,5.E-02,-3.13));
#1010 = CIRCLE('',#1011,0.125);
#1011 = AXIS2_PLACEMENT_3D('',#1012,#1013,#1014);
#1012 = CARTESIAN_POINT('',(-0.2,5.E-02,-3.13));
#1013 = DIRECTION('',(0.,-1.,2.22044604925E-16));
#1014 = DIRECTION('',(1.,0.,0.));
#1015 = ORIENTED_EDGE('',*,*,#1016,.F.);
#1016 = EDGE_CURVE('',#1017,#1008,#1019,.T.);
#1017 = VERTEX_POINT('',#1018);
#1018 = CARTESIAN_POINT('',(-0.325,5.E-02,-3.5));
#1019 = LINE('',#1020,#1021);
#1020 = CARTESIAN_POINT('',(-0.325,5.E-02,-1.565));
#1021 = VECTOR('',#1022,1.);
#1022 = DIRECTION('',(0.,0.,1.));
#1023 = ORIENTED_EDGE('',*,*,#1024,.F.);
#1024 = EDGE_CURVE('',#1025,#1017,#1027,.T.);
#1025 = VERTEX_POINT('',#1026);
#1026 = CARTESIAN_POINT('',(-0.475,5.E-02,-3.5));
#1027 = LINE('',#1028,#1029);
#1028 = CARTESIAN_POINT('',(-3.5,5.E-02,-3.5));
#1029 = VECTOR('',#1030,1.);
#1030 = DIRECTION('',(1.,0.,0.));
#1031 = ORIENTED_EDGE('',*,*,#1032,.F.);
#1032 = EDGE_CURVE('',#1033,#1025,#1035,.T.);
#1033 = VERTEX_POINT('',#1034);
#1034 = CARTESIAN_POINT('',(-0.475,5.E-02,-3.13));
#1035 = LINE('',#1036,#1037);
#1036 = CARTESIAN_POINT('',(-0.475,5.E-02,-1.75));
#1037 = VECTOR('',#1038,1.);
#1038 = DIRECTION('',(0.,0.,-1.));
#1039 = ORIENTED_EDGE('',*,*,#1040,.T.);
#1040 = EDGE_CURVE('',#1033,#1041,#1043,.T.);
#1041 = VERTEX_POINT('',#1042);
#1042 = CARTESIAN_POINT('',(-0.725,5.E-02,-3.13));
#1043 = CIRCLE('',#1044,0.125);
#1044 = AXIS2_PLACEMENT_3D('',#1045,#1046,#1047);
#1045 = CARTESIAN_POINT('',(-0.6,5.E-02,-3.13));
#1046 = DIRECTION('',(0.,-1.,2.22044604925E-16));
#1047 = DIRECTION('',(1.,0.,0.));
#1048 = ORIENTED_EDGE('',*,*,#1049,.F.);
#1049 = EDGE_CURVE('',#1050,#1041,#1052,.T.);
#1050 = VERTEX_POINT('',#1051);
#1051 = CARTESIAN_POINT('',(-0.725,5.E-02,-3.5));
#1052 = LINE('',#1053,#1054);
#1053 = CARTESIAN_POINT('',(-0.725,5.E-02,-1.565));
#1054 = VECTOR('',#1055,1.);
#1055 = DIRECTION('',(0.,0.,1.));
#1056 = ORIENTED_EDGE('',*,*,#1057,.F.);
#1057 = EDGE_CURVE('',#1058,#1050,#1060,.T.);
#1058 = VERTEX_POINT('',#1059);
#1059 = CARTESIAN_POINT('',(-0.875,5.E-02,-3.5));
#1060 = LINE('',#1061,#1062);
#1061 = CARTESIAN_POINT('',(-3.5,5.E-02,-3.5));
#1062 = VECTOR('',#1063,1.);
#1063 = DIRECTION('',(1.,0.,0.));
#1064 = ORIENTED_EDGE('',*,*,#1065,.F.);
#1065 = EDGE_CURVE('',#1066,#1058,#1068,.T.);
#1066 = VERTEX_POINT('',#1067);
#1067 = CARTESIAN_POINT('',(-0.875,5.E-02,-3.13));
#1068 = LINE('',#1069,#1070);
#1069 = CARTESIAN_POINT('',(-0.875,5.E-02,-1.75));
#1070 = VECTOR('',#1071,1.);
#1071 = DIRECTION('',(0.,0.,-1.));
#1072 = ORIENTED_EDGE('',*,*,#1073,.T.);
#1073 = EDGE_CURVE('',#1066,#1074,#1076,.T.);
#1074 = VERTEX_POINT('',#1075);
#1075 = CARTESIAN_POINT('',(-1.125,5.E-02,-3.13));
#1076 = CIRCLE('',#1077,0.125);
#1077 = AXIS2_PLACEMENT_3D('',#1078,#1079,#1080);
#1078 = CARTESIAN_POINT('',(-1.,5.E-02,-3.13));
#1079 = DIRECTION('',(0.,-1.,2.22044604925E-16));
#1080 = DIRECTION('',(1.,0.,0.));
#1081 = ORIENTED_EDGE('',*,*,#1082,.F.);
#1082 = EDGE_CURVE('',#1083,#1074,#1085,.T.);
#1083 = VERTEX_POINT('',#1084);
#1084 = CARTESIAN_POINT('',(-1.125,5.E-02,-3.5));
#1085 = LINE('',#1086,#1087);
#1086 = CARTESIAN_POINT('',(-1.125,5.E-02,-1.565));
#1087 = VECTOR('',#1088,1.);
#1088 = DIRECTION('',(0.,0.,1.));
#1089 = ORIENTED_EDGE('',*,*,#1090,.F.);
#1090 = EDGE_CURVE('',#1091,#1083,#1093,.T.);
#1091 = VERTEX_POINT('',#1092);
#1092 = CARTESIAN_POINT('',(-1.275,5.E-02,-3.5));
#1093 = LINE('',#1094,#1095);
#1094 = CARTESIAN_POINT('',(-3.5,5.E-02,-3.5));
#1095 = VECTOR('',#1096,1.);
#1096 = DIRECTION('',(1.,0.,0.));
#1097 = ORIENTED_EDGE('',*,*,#1098,.F.);
#1098 = EDGE_CURVE('',#1099,#1091,#1101,.T.);
#1099 = VERTEX_POINT('',#1100);
#1100 = CARTESIAN_POINT('',(-1.275,5.E-02,-3.13));
#1101 = LINE('',#1102,#1103);
#1102 = CARTESIAN_POINT('',(-1.275,5.E-02,-1.75));
#1103 = VECTOR('',#1104,1.);
#1104 = DIRECTION('',(0.,0.,-1.));
#1105 = ORIENTED_EDGE('',*,*,#1106,.T.);
#1106 = EDGE_CURVE('',#1099,#1107,#1109,.T.);
#1107 = VERTEX_POINT('',#1108);
#1108 = CARTESIAN_POINT('',(-1.525,5.E-02,-3.13));
#1109 = CIRCLE('',#1110,0.125);
#1110 = AXIS2_PLACEMENT_3D('',#1111,#1112,#1113);
#1111 = CARTESIAN_POINT('',(-1.4,5.E-02,-3.13));
#1112 = DIRECTION('',(0.,-1.,2.22044604925E-16));
#1113 = DIRECTION('',(1.,0.,0.));
#1114 = ORIENTED_EDGE('',*,*,#1115,.F.);
#1115 = EDGE_CURVE('',#1116,#1107,#1118,.T.);
#1116 = VERTEX_POINT('',#1117);
#1117 = CARTESIAN_POINT('',(-1.525,5.E-02,-3.5));
#1118 = LINE('',#1119,#1120);
#1119 = CARTESIAN_POINT('',(-1.525,5.E-02,-1.565));
#1120 = VECTOR('',#1121,1.);
#1121 = DIRECTION('',(0.,0.,1.));
#1122 = ORIENTED_EDGE('',*,*,#1123,.F.);
#1123 = EDGE_CURVE('',#1124,#1116,#1126,.T.);
#1124 = VERTEX_POINT('',#1125);
#1125 = CARTESIAN_POINT('',(-1.675,5.E-02,-3.5));
#1126 = LINE('',#1127,#1128);
#1127 = CARTESIAN_POINT('',(-3.5,5.E-02,-3.5));
#1128 = VECTOR('',#1129,1.);
#1129 = DIRECTION('',(1.,0.,0.));
#1130 = ORIENTED_EDGE('',*,*,#1131,.F.);
#1131 = EDGE_CURVE('',#1132,#1124,#1134,.T.);
#1132 = VERTEX_POINT('',#1133);
#1133 = CARTESIAN_POINT('',(-1.675,5.E-02,-3.13));
#1134 = LINE('',#1135,#1136);
#1135 = CARTESIAN_POINT('',(-1.675,5.E-02,-1.75));
#1136 = VECTOR('',#1137,1.);
#1137 = DIRECTION('',(0.,0.,-1.));
#1138 = ORIENTED_EDGE('',*,*,#1139,.T.);
#1139 = EDGE_CURVE('',#1132,#1140,#1142,.T.);
#1140 = VERTEX_POINT('',#1141);
#1141 = CARTESIAN_POINT('',(-1.925,5.E-02,-3.13));
#1142 = CIRCLE('',#1143,0.125);
#1143 = AXIS2_PLACEMENT_3D('',#1144,#1145,#1146);
#1144 = CARTESIAN_POINT('',(-1.8,5.E-02,-3.13));
#1145 = DIRECTION('',(0.,-1.,2.22044604925E-16));
#1146 = DIRECTION('',(1.,0.,0.));
#1147 = ORIENTED_EDGE('',*,*,#1148,.F.);
#1148 = EDGE_CURVE('',#1149,#1140,#1151,.T.);
#1149 = VERTEX_POINT('',#1150);
#1150 = CARTESIAN_POINT('',(-1.925,5.E-02,-3.5));
#1151 = LINE('',#1152,#1153);
#1152 = CARTESIAN_POINT('',(-1.925,5.E-02,-1.565));
#1153 = VECTOR('',#1154,1.);
#1154 = DIRECTION('',(0.,0.,1.));
#1155 = ORIENTED_EDGE('',*,*,#1156,.F.);
#1156 = EDGE_CURVE('',#1157,#1149,#1159,.T.);
#1157 = VERTEX_POINT('',#1158);
#1158 = CARTESIAN_POINT('',(-2.075,5.E-02,-3.5));
#1159 = LINE('',#1160,#1161);
#1160 = CARTESIAN_POINT('',(-3.5,5.E-02,-3.5));
#1161 = VECTOR('',#1162,1.);
#1162 = DIRECTION('',(1.,0.,0.));
#1163 = ORIENTED_EDGE('',*,*,#1164,.F.);
#1164 = EDGE_CURVE('',#1165,#1157,#1167,.T.);
#1165 = VERTEX_POINT('',#1166);
#1166 = CARTESIAN_POINT('',(-2.075,5.E-02,-3.13));
#1167 = LINE('',#1168,#1169);
#1168 = CARTESIAN_POINT('',(-2.075,5.E-02,-1.75));
#1169 = VECTOR('',#1170,1.);
#1170 = DIRECTION('',(0.,0.,-1.));
#1171 = ORIENTED_EDGE('',*,*,#1172,.T.);
#1172 = EDGE_CURVE('',#1165,#1173,#1175,.T.);
#1173 = VERTEX_POINT('',#1174);
#1174 = CARTESIAN_POINT('',(-2.325,5.E-02,-3.13));
#1175 = CIRCLE('',#1176,0.125);
#1176 = AXIS2_PLACEMENT_3D('',#1177,#1178,#1179);
#1177 = CARTESIAN_POINT('',(-2.2,5.E-02,-3.13));
#1178 = DIRECTION('',(0.,-1.,2.22044604925E-16));
#1179 = DIRECTION('',(1.,0.,0.));
#1180 = ORIENTED_EDGE('',*,*,#1181,.F.);
#1181 = EDGE_CURVE('',#1182,#1173,#1184,.T.);
#1182 = VERTEX_POINT('',#1183);
#1183 = CARTESIAN_POINT('',(-2.325,5.E-02,-3.5));
#1184 = LINE('',#1185,#1186);
#1185 = CARTESIAN_POINT('',(-2.325,5.E-02,-1.565));
#1186 = VECTOR('',#1187,1.);
#1187 = DIRECTION('',(0.,0.,1.));
#1188 = ORIENTED_EDGE('',*,*,#1189,.F.);
#1189 = EDGE_CURVE('',#1190,#1182,#1192,.T.);
#1190 = VERTEX_POINT('',#1191);
#1191 = CARTESIAN_POINT('',(-2.475,5.E-02,-3.5));
#1192 = LINE('',#1193,#1194);
#1193 = CARTESIAN_POINT('',(-3.5,5.E-02,-3.5));
#1194 = VECTOR('',#1195,1.);
#1195 = DIRECTION('',(1.,0.,0.));
#1196 = ORIENTED_EDGE('',*,*,#1197,.F.);
#1197 = EDGE_CURVE('',#1198,#1190,#1200,.T.);
#1198 = VERTEX_POINT('',#1199);
#1199 = CARTESIAN_POINT('',(-2.475,5.E-02,-3.13));
#1200 = LINE('',#1201,#1202);
#1201 = CARTESIAN_POINT('',(-2.475,5.E-02,-1.75));
#1202 = VECTOR('',#1203,1.);
#1203 = DIRECTION('',(0.,0.,-1.));
#1204 = ORIENTED_EDGE('',*,*,#1205,.T.);
#1205 = EDGE_CURVE('',#1198,#1206,#1208,.T.);
#1206 = VERTEX_POINT('',#1207);
#1207 = CARTESIAN_POINT('',(-2.725,5.E-02,-3.13));
#1208 = CIRCLE('',#1209,0.125);
#1209 = AXIS2_PLACEMENT_3D('',#1210,#1211,#1212);
#1210 = CARTESIAN_POINT('',(-2.6,5.E-02,-3.13));
#1211 = DIRECTION('',(0.,-1.,2.22044604925E-16));
#1212 = DIRECTION('',(1.,0.,0.));
#1213 = ORIENTED_EDGE('',*,*,#1214,.F.);
#1214 = EDGE_CURVE('',#1215,#1206,#1217,.T.);
#1215 = VERTEX_POINT('',#1216);
#1216 = CARTESIAN_POINT('',(-2.725,5.E-02,-3.5));
#1217 = LINE('',#1218,#1219);
#1218 = CARTESIAN_POINT('',(-2.725,5.E-02,-1.565));
#1219 = VECTOR('',#1220,1.);
#1220 = DIRECTION('',(0.,0.,1.));
#1221 = ORIENTED_EDGE('',*,*,#1222,.F.);
#1222 = EDGE_CURVE('',#1223,#1215,#1225,.T.);
#1223 = VERTEX_POINT('',#1224);
#1224 = CARTESIAN_POINT('',(-3.5,5.E-02,-3.5));
#1225 = LINE('',#1226,#1227);
#1226 = CARTESIAN_POINT('',(-3.5,5.E-02,-3.5));
#1227 = VECTOR('',#1228,1.);
#1228 = DIRECTION('',(1.,0.,0.));
#1229 = ORIENTED_EDGE('',*,*,#1230,.F.);
#1230 = EDGE_CURVE('',#1231,#1223,#1233,.T.);
#1231 = VERTEX_POINT('',#1232);
#1232 = CARTESIAN_POINT('',(-3.5,5.E-02,-2.725));
#1233 = LINE('',#1234,#1235);
#1234 = CARTESIAN_POINT('',(-3.5,5.E-02,3.5));
#1235 = VECTOR('',#1236,1.);
#1236 = DIRECTION('',(0.,-2.22044604925E-16,-1.));
#1237 = ORIENTED_EDGE('',*,*,#1238,.T.);
#1238 = EDGE_CURVE('',#1231,#1239,#1241,.T.);
#1239 = VERTEX_POINT('',#1240);
#1240 = CARTESIAN_POINT('',(-3.13,5.E-02,-2.725));
#1241 = LINE('',#1242,#1243);
#1242 = CARTESIAN_POINT('',(-1.565,5.E-02,-2.725));
#1243 = VECTOR('',#1244,1.);
#1244 = DIRECTION('',(1.,0.,0.));
#1245 = ORIENTED_EDGE('',*,*,#1246,.T.);
#1246 = EDGE_CURVE('',#1239,#1247,#1249,.T.);
#1247 = VERTEX_POINT('',#1248);
#1248 = CARTESIAN_POINT('',(-3.13,5.E-02,-2.475));
#1249 = CIRCLE('',#1250,0.125);
#1250 = AXIS2_PLACEMENT_3D('',#1251,#1252,#1253);
#1251 = CARTESIAN_POINT('',(-3.13,5.E-02,-2.6));
#1252 = DIRECTION('',(0.,-1.,2.22044604925E-16));
#1253 = DIRECTION('',(1.,0.,0.));
#1254 = ORIENTED_EDGE('',*,*,#1255,.T.);
#1255 = EDGE_CURVE('',#1247,#1256,#1258,.T.);
#1256 = VERTEX_POINT('',#1257);
#1257 = CARTESIAN_POINT('',(-3.5,5.E-02,-2.475));
#1258 = LINE('',#1259,#1260);
#1259 = CARTESIAN_POINT('',(-1.75,5.E-02,-2.475));
#1260 = VECTOR('',#1261,1.);
#1261 = DIRECTION('',(-1.,0.,0.));
#1262 = ORIENTED_EDGE('',*,*,#1263,.F.);
#1263 = EDGE_CURVE('',#1264,#1256,#1266,.T.);
#1264 = VERTEX_POINT('',#1265);
#1265 = CARTESIAN_POINT('',(-3.5,5.E-02,-2.325));
#1266 = LINE('',#1267,#1268);
#1267 = CARTESIAN_POINT('',(-3.5,5.E-02,3.5));
#1268 = VECTOR('',#1269,1.);
#1269 = DIRECTION('',(0.,-2.22044604925E-16,-1.));
#1270 = ORIENTED_EDGE('',*,*,#1271,.T.);
#1271 = EDGE_CURVE('',#1264,#1272,#1274,.T.);
#1272 = VERTEX_POINT('',#1273);
#1273 = CARTESIAN_POINT('',(-3.13,5.E-02,-2.325));
#1274 = LINE('',#1275,#1276);
#1275 = CARTESIAN_POINT('',(-1.565,5.E-02,-2.325));
#1276 = VECTOR('',#1277,1.);
#1277 = DIRECTION('',(1.,0.,0.));
#1278 = ORIENTED_EDGE('',*,*,#1279,.T.);
#1279 = EDGE_CURVE('',#1272,#1280,#1282,.T.);
#1280 = VERTEX_POINT('',#1281);
#1281 = CARTESIAN_POINT('',(-3.13,5.E-02,-2.075));
#1282 = CIRCLE('',#1283,0.125);
#1283 = AXIS2_PLACEMENT_3D('',#1284,#1285,#1286);
#1284 = CARTESIAN_POINT('',(-3.13,5.E-02,-2.2));
#1285 = DIRECTION('',(0.,-1.,2.22044604925E-16));
#1286 = DIRECTION('',(1.,0.,0.));
#1287 = ORIENTED_EDGE('',*,*,#1288,.T.);
#1288 = EDGE_CURVE('',#1280,#1289,#1291,.T.);
#1289 = VERTEX_POINT('',#1290);
#1290 = CARTESIAN_POINT('',(-3.5,5.E-02,-2.075));
#1291 = LINE('',#1292,#1293);
#1292 = CARTESIAN_POINT('',(-1.75,5.E-02,-2.075));
#1293 = VECTOR('',#1294,1.);
#1294 = DIRECTION('',(-1.,0.,0.));
#1295 = ORIENTED_EDGE('',*,*,#1296,.F.);
#1296 = EDGE_CURVE('',#1297,#1289,#1299,.T.);
#1297 = VERTEX_POINT('',#1298);
#1298 = CARTESIAN_POINT('',(-3.5,5.E-02,-1.925));
#1299 = LINE('',#1300,#1301);
#1300 = CARTESIAN_POINT('',(-3.5,5.E-02,3.5));
#1301 = VECTOR('',#1302,1.);
#1302 = DIRECTION('',(0.,-2.22044604925E-16,-1.));
#1303 = ORIENTED_EDGE('',*,*,#1304,.T.);
#1304 = EDGE_CURVE('',#1297,#1305,#1307,.T.);
#1305 = VERTEX_POINT('',#1306);
#1306 = CARTESIAN_POINT('',(-3.13,5.E-02,-1.925));
#1307 = LINE('',#1308,#1309);
#1308 = CARTESIAN_POINT('',(-1.565,5.E-02,-1.925));
#1309 = VECTOR('',#1310,1.);
#1310 = DIRECTION('',(1.,0.,0.));
#1311 = ORIENTED_EDGE('',*,*,#1312,.T.);
#1312 = EDGE_CURVE('',#1305,#1313,#1315,.T.);
#1313 = VERTEX_POINT('',#1314);
#1314 = CARTESIAN_POINT('',(-3.13,5.E-02,-1.675));
#1315 = CIRCLE('',#1316,0.125);
#1316 = AXIS2_PLACEMENT_3D('',#1317,#1318,#1319);
#1317 = CARTESIAN_POINT('',(-3.13,5.E-02,-1.8));
#1318 = DIRECTION('',(0.,-1.,2.22044604925E-16));
#1319 = DIRECTION('',(1.,0.,0.));
#1320 = ORIENTED_EDGE('',*,*,#1321,.T.);
#1321 = EDGE_CURVE('',#1313,#1322,#1324,.T.);
#1322 = VERTEX_POINT('',#1323);
#1323 = CARTESIAN_POINT('',(-3.5,5.E-02,-1.675));
#1324 = LINE('',#1325,#1326);
#1325 = CARTESIAN_POINT('',(-1.75,5.E-02,-1.675));
#1326 = VECTOR('',#1327,1.);
#1327 = DIRECTION('',(-1.,0.,0.));
#1328 = ORIENTED_EDGE('',*,*,#1329,.F.);
#1329 = EDGE_CURVE('',#1330,#1322,#1332,.T.);
#1330 = VERTEX_POINT('',#1331);
#1331 = CARTESIAN_POINT('',(-3.5,5.E-02,-1.525));
#1332 = LINE('',#1333,#1334);
#1333 = CARTESIAN_POINT('',(-3.5,5.E-02,3.5));
#1334 = VECTOR('',#1335,1.);
#1335 = DIRECTION('',(0.,-2.22044604925E-16,-1.));
#1336 = ORIENTED_EDGE('',*,*,#1337,.T.);
#1337 = EDGE_CURVE('',#1330,#1338,#1340,.T.);
#1338 = VERTEX_POINT('',#1339);
#1339 = CARTESIAN_POINT('',(-3.13,5.E-02,-1.525));
#1340 = LINE('',#1341,#1342);
#1341 = CARTESIAN_POINT('',(-1.565,5.E-02,-1.525));
#1342 = VECTOR('',#1343,1.);
#1343 = DIRECTION('',(1.,0.,0.));
#1344 = ORIENTED_EDGE('',*,*,#1345,.T.);
#1345 = EDGE_CURVE('',#1338,#1346,#1348,.T.);
#1346 = VERTEX_POINT('',#1347);
#1347 = CARTESIAN_POINT('',(-3.13,5.E-02,-1.275));
#1348 = CIRCLE('',#1349,0.125);
#1349 = AXIS2_PLACEMENT_3D('',#1350,#1351,#1352);
#1350 = CARTESIAN_POINT('',(-3.13,5.E-02,-1.4));
#1351 = DIRECTION('',(0.,-1.,2.22044604925E-16));
#1352 = DIRECTION('',(1.,0.,0.));
#1353 = ORIENTED_EDGE('',*,*,#1354,.T.);
#1354 = EDGE_CURVE('',#1346,#1355,#1357,.T.);
#1355 = VERTEX_POINT('',#1356);
#1356 = CARTESIAN_POINT('',(-3.5,5.E-02,-1.275));
#1357 = LINE('',#1358,#1359);
#1358 = CARTESIAN_POINT('',(-1.75,5.E-02,-1.275));
#1359 = VECTOR('',#1360,1.);
#1360 = DIRECTION('',(-1.,0.,0.));
#1361 = ORIENTED_EDGE('',*,*,#1362,.F.);
#1362 = EDGE_CURVE('',#1363,#1355,#1365,.T.);
#1363 = VERTEX_POINT('',#1364);
#1364 = CARTESIAN_POINT('',(-3.5,5.E-02,-1.125));
#1365 = LINE('',#1366,#1367);
#1366 = CARTESIAN_POINT('',(-3.5,5.E-02,3.5));
#1367 = VECTOR('',#1368,1.);
#1368 = DIRECTION('',(0.,-2.22044604925E-16,-1.));
#1369 = ORIENTED_EDGE('',*,*,#1370,.T.);
#1370 = EDGE_CURVE('',#1363,#1371,#1373,.T.);
#1371 = VERTEX_POINT('',#1372);
#1372 = CARTESIAN_POINT('',(-3.13,5.E-02,-1.125));
#1373 = LINE('',#1374,#1375);
#1374 = CARTESIAN_POINT('',(-1.565,5.E-02,-1.125));
#1375 = VECTOR('',#1376,1.);
#1376 = DIRECTION('',(1.,0.,0.));
#1377 = ORIENTED_EDGE('',*,*,#1378,.T.);
#1378 = EDGE_CURVE('',#1371,#1379,#1381,.T.);
#1379 = VERTEX_POINT('',#1380);
#1380 = CARTESIAN_POINT('',(-3.13,5.E-02,-0.875));
#1381 = CIRCLE('',#1382,0.125);
#1382 = AXIS2_PLACEMENT_3D('',#1383,#1384,#1385);
#1383 = CARTESIAN_POINT('',(-3.13,5.E-02,-1.));
#1384 = DIRECTION('',(0.,-1.,2.22044604925E-16));
#1385 = DIRECTION('',(1.,0.,0.));
#1386 = ORIENTED_EDGE('',*,*,#1387,.T.);
#1387 = EDGE_CURVE('',#1379,#1388,#1390,.T.);
#1388 = VERTEX_POINT('',#1389);
#1389 = CARTESIAN_POINT('',(-3.5,5.E-02,-0.875));
#1390 = LINE('',#1391,#1392);
#1391 = CARTESIAN_POINT('',(-1.75,5.E-02,-0.875));
#1392 = VECTOR('',#1393,1.);
#1393 = DIRECTION('',(-1.,0.,0.));
#1394 = ORIENTED_EDGE('',*,*,#1395,.F.);
#1395 = EDGE_CURVE('',#1396,#1388,#1398,.T.);
#1396 = VERTEX_POINT('',#1397);
#1397 = CARTESIAN_POINT('',(-3.5,5.E-02,-0.725));
#1398 = LINE('',#1399,#1400);
#1399 = CARTESIAN_POINT('',(-3.5,5.E-02,3.5));
#1400 = VECTOR('',#1401,1.);
#1401 = DIRECTION('',(0.,-2.22044604925E-16,-1.));
#1402 = ORIENTED_EDGE('',*,*,#1403,.T.);
#1403 = EDGE_CURVE('',#1396,#1404,#1406,.T.);
#1404 = VERTEX_POINT('',#1405);
#1405 = CARTESIAN_POINT('',(-3.13,5.E-02,-0.725));
#1406 = LINE('',#1407,#1408);
#1407 = CARTESIAN_POINT('',(-1.565,5.E-02,-0.725));
#1408 = VECTOR('',#1409,1.);
#1409 = DIRECTION('',(1.,0.,0.));
#1410 = ORIENTED_EDGE('',*,*,#1411,.T.);
#1411 = EDGE_CURVE('',#1404,#1412,#1414,.T.);
#1412 = VERTEX_POINT('',#1413);
#1413 = CARTESIAN_POINT('',(-3.13,5.E-02,-0.475));
#1414 = CIRCLE('',#1415,0.125);
#1415 = AXIS2_PLACEMENT_3D('',#1416,#1417,#1418);
#1416 = CARTESIAN_POINT('',(-3.13,5.E-02,-0.6));
#1417 = DIRECTION('',(0.,-1.,2.22044604925E-16));
#1418 = DIRECTION('',(1.,0.,0.));
#1419 = ORIENTED_EDGE('',*,*,#1420,.T.);
#1420 = EDGE_CURVE('',#1412,#1421,#1423,.T.);
#1421 = VERTEX_POINT('',#1422);
#1422 = CARTESIAN_POINT('',(-3.5,5.E-02,-0.475));
#1423 = LINE('',#1424,#1425);
#1424 = CARTESIAN_POINT('',(-1.75,5.E-02,-0.475));
#1425 = VECTOR('',#1426,1.);
#1426 = DIRECTION('',(-1.,0.,0.));
#1427 = ORIENTED_EDGE('',*,*,#1428,.F.);
#1428 = EDGE_CURVE('',#1429,#1421,#1431,.T.);
#1429 = VERTEX_POINT('',#1430);
#1430 = CARTESIAN_POINT('',(-3.5,5.E-02,-0.325));
#1431 = LINE('',#1432,#1433);
#1432 = CARTESIAN_POINT('',(-3.5,5.E-02,3.5));
#1433 = VECTOR('',#1434,1.);
#1434 = DIRECTION('',(0.,-2.22044604925E-16,-1.));
#1435 = ORIENTED_EDGE('',*,*,#1436,.T.);
#1436 = EDGE_CURVE('',#1429,#1437,#1439,.T.);
#1437 = VERTEX_POINT('',#1438);
#1438 = CARTESIAN_POINT('',(-3.13,5.E-02,-0.325));
#1439 = LINE('',#1440,#1441);
#1440 = CARTESIAN_POINT('',(-1.565,5.E-02,-0.325));
#1441 = VECTOR('',#1442,1.);
#1442 = DIRECTION('',(1.,0.,0.));
#1443 = ORIENTED_EDGE('',*,*,#1444,.T.);
#1444 = EDGE_CURVE('',#1437,#1445,#1447,.T.);
#1445 = VERTEX_POINT('',#1446);
#1446 = CARTESIAN_POINT('',(-3.13,5.E-02,-7.5E-02));
#1447 = CIRCLE('',#1448,0.125);
#1448 = AXIS2_PLACEMENT_3D('',#1449,#1450,#1451);
#1449 = CARTESIAN_POINT('',(-3.13,5.E-02,-0.2));
#1450 = DIRECTION('',(0.,-1.,2.22044604925E-16));
#1451 = DIRECTION('',(1.,0.,0.));
#1452 = ORIENTED_EDGE('',*,*,#1453,.T.);
#1453 = EDGE_CURVE('',#1445,#1454,#1456,.T.);
#1454 = VERTEX_POINT('',#1455);
#1455 = CARTESIAN_POINT('',(-3.5,5.E-02,-7.5E-02));
#1456 = LINE('',#1457,#1458);
#1457 = CARTESIAN_POINT('',(-1.75,5.E-02,-7.5E-02));
#1458 = VECTOR('',#1459,1.);
#1459 = DIRECTION('',(-1.,0.,0.));
#1460 = ORIENTED_EDGE('',*,*,#1461,.F.);
#1461 = EDGE_CURVE('',#1462,#1454,#1464,.T.);
#1462 = VERTEX_POINT('',#1463);
#1463 = CARTESIAN_POINT('',(-3.5,5.E-02,7.5E-02));
#1464 = LINE('',#1465,#1466);
#1465 = CARTESIAN_POINT('',(-3.5,5.E-02,3.5));
#1466 = VECTOR('',#1467,1.);
#1467 = DIRECTION('',(0.,-2.22044604925E-16,-1.));
#1468 = ORIENTED_EDGE('',*,*,#1469,.T.);
#1469 = EDGE_CURVE('',#1462,#1470,#1472,.T.);
#1470 = VERTEX_POINT('',#1471);
#1471 = CARTESIAN_POINT('',(-3.13,5.E-02,7.5E-02));
#1472 = LINE('',#1473,#1474);
#1473 = CARTESIAN_POINT('',(-1.565,5.E-02,7.5E-02));
#1474 = VECTOR('',#1475,1.);
#1475 = DIRECTION('',(1.,0.,0.));
#1476 = ORIENTED_EDGE('',*,*,#1477,.T.);
#1477 = EDGE_CURVE('',#1470,#1478,#1480,.T.);
#1478 = VERTEX_POINT('',#1479);
#1479 = CARTESIAN_POINT('',(-3.13,5.E-02,0.325));
#1480 = CIRCLE('',#1481,0.125);
#1481 = AXIS2_PLACEMENT_3D('',#1482,#1483,#1484);
#1482 = CARTESIAN_POINT('',(-3.13,5.E-02,0.2));
#1483 = DIRECTION('',(0.,-1.,2.22044604925E-16));
#1484 = DIRECTION('',(1.,0.,0.));
#1485 = ORIENTED_EDGE('',*,*,#1486,.T.);
#1486 = EDGE_CURVE('',#1478,#1487,#1489,.T.);
#1487 = VERTEX_POINT('',#1488);
#1488 = CARTESIAN_POINT('',(-3.5,5.E-02,0.325));
#1489 = LINE('',#1490,#1491);
#1490 = CARTESIAN_POINT('',(-1.75,5.E-02,0.325));
#1491 = VECTOR('',#1492,1.);
#1492 = DIRECTION('',(-1.,0.,0.));
#1493 = ORIENTED_EDGE('',*,*,#1494,.F.);
#1494 = EDGE_CURVE('',#1495,#1487,#1497,.T.);
#1495 = VERTEX_POINT('',#1496);
#1496 = CARTESIAN_POINT('',(-3.5,5.E-02,0.475));
#1497 = LINE('',#1498,#1499);
#1498 = CARTESIAN_POINT('',(-3.5,5.E-02,3.5));
#1499 = VECTOR('',#1500,1.);
#1500 = DIRECTION('',(0.,-2.22044604925E-16,-1.));
#1501 = ORIENTED_EDGE('',*,*,#1502,.T.);
#1502 = EDGE_CURVE('',#1495,#1503,#1505,.T.);
#1503 = VERTEX_POINT('',#1504);
#1504 = CARTESIAN_POINT('',(-3.13,5.E-02,0.475));
#1505 = LINE('',#1506,#1507);
#1506 = CARTESIAN_POINT('',(-1.565,5.E-02,0.475));
#1507 = VECTOR('',#1508,1.);
#1508 = DIRECTION('',(1.,0.,0.));
#1509 = ORIENTED_EDGE('',*,*,#1510,.T.);
#1510 = EDGE_CURVE('',#1503,#1511,#1513,.T.);
#1511 = VERTEX_POINT('',#1512);
#1512 = CARTESIAN_POINT('',(-3.13,5.E-02,0.725));
#1513 = CIRCLE('',#1514,0.125);
#1514 = AXIS2_PLACEMENT_3D('',#1515,#1516,#1517);
#1515 = CARTESIAN_POINT('',(-3.13,5.E-02,0.6));
#1516 = DIRECTION('',(0.,-1.,2.22044604925E-16));
#1517 = DIRECTION('',(1.,0.,0.));
#1518 = ORIENTED_EDGE('',*,*,#1519,.T.);
#1519 = EDGE_CURVE('',#1511,#1520,#1522,.T.);
#1520 = VERTEX_POINT('',#1521);
#1521 = CARTESIAN_POINT('',(-3.5,5.E-02,0.725));
#1522 = LINE('',#1523,#1524);
#1523 = CARTESIAN_POINT('',(-1.75,5.E-02,0.725));
#1524 = VECTOR('',#1525,1.);
#1525 = DIRECTION('',(-1.,0.,0.));
#1526 = ORIENTED_EDGE('',*,*,#1527,.F.);
#1527 = EDGE_CURVE('',#1528,#1520,#1530,.T.);
#1528 = VERTEX_POINT('',#1529);
#1529 = CARTESIAN_POINT('',(-3.5,5.E-02,0.875));
#1530 = LINE('',#1531,#1532);
#1531 = CARTESIAN_POINT('',(-3.5,5.E-02,3.5));
#1532 = VECTOR('',#1533,1.);
#1533 = DIRECTION('',(0.,-2.22044604925E-16,-1.));
#1534 = ORIENTED_EDGE('',*,*,#1535,.T.);
#1535 = EDGE_CURVE('',#1528,#1536,#1538,.T.);
#1536 = VERTEX_POINT('',#1537);
#1537 = CARTESIAN_POINT('',(-3.13,5.E-02,0.875));
#1538 = LINE('',#1539,#1540);
#1539 = CARTESIAN_POINT('',(-1.565,5.E-02,0.875));
#1540 = VECTOR('',#1541,1.);
#1541 = DIRECTION('',(1.,0.,0.));
#1542 = ORIENTED_EDGE('',*,*,#1543,.T.);
#1543 = EDGE_CURVE('',#1536,#1544,#1546,.T.);
#1544 = VERTEX_POINT('',#1545);
#1545 = CARTESIAN_POINT('',(-3.13,5.E-02,1.125));
#1546 = CIRCLE('',#1547,0.125);
#1547 = AXIS2_PLACEMENT_3D('',#1548,#1549,#1550);
#1548 = CARTESIAN_POINT('',(-3.13,5.E-02,1.));
#1549 = DIRECTION('',(0.,-1.,2.22044604925E-16));
#1550 = DIRECTION('',(1.,0.,0.));
#1551 = ORIENTED_EDGE('',*,*,#1552,.T.);
#1552 = EDGE_CURVE('',#1544,#1553,#1555,.T.);
#1553 = VERTEX_POINT('',#1554);
#1554 = CARTESIAN_POINT('',(-3.5,5.E-02,1.125));
#1555 = LINE('',#1556,#1557);
#1556 = CARTESIAN_POINT('',(-1.75,5.E-02,1.125));
#1557 = VECTOR('',#1558,1.);
#1558 = DIRECTION('',(-1.,0.,0.));
#1559 = ORIENTED_EDGE('',*,*,#1560,.F.);
#1560 = EDGE_CURVE('',#1561,#1553,#1563,.T.);
#1561 = VERTEX_POINT('',#1562);
#1562 = CARTESIAN_POINT('',(-3.5,5.E-02,1.275));
#1563 = LINE('',#1564,#1565);
#1564 = CARTESIAN_POINT('',(-3.5,5.E-02,3.5));
#1565 = VECTOR('',#1566,1.);
#1566 = DIRECTION('',(0.,-2.22044604925E-16,-1.));
#1567 = ORIENTED_EDGE('',*,*,#1568,.T.);
#1568 = EDGE_CURVE('',#1561,#1569,#1571,.T.);
#1569 = VERTEX_POINT('',#1570);
#1570 = CARTESIAN_POINT('',(-3.13,5.E-02,1.275));
#1571 = LINE('',#1572,#1573);
#1572 = CARTESIAN_POINT('',(-1.565,5.E-02,1.275));
#1573 = VECTOR('',#1574,1.);
#1574 = DIRECTION('',(1.,0.,0.));
#1575 = ORIENTED_EDGE('',*,*,#1576,.T.);
#1576 = EDGE_CURVE('',#1569,#1577,#1579,.T.);
#1577 = VERTEX_POINT('',#1578);
#1578 = CARTESIAN_POINT('',(-3.13,5.E-02,1.525));
#1579 = CIRCLE('',#1580,0.125);
#1580 = AXIS2_PLACEMENT_3D('',#1581,#1582,#1583);
#1581 = CARTESIAN_POINT('',(-3.13,5.E-02,1.4));
#1582 = DIRECTION('',(0.,-1.,2.22044604925E-16));
#1583 = DIRECTION('',(1.,0.,0.));
#1584 = ORIENTED_EDGE('',*,*,#1585,.T.);
#1585 = EDGE_CURVE('',#1577,#1586,#1588,.T.);
#1586 = VERTEX_POINT('',#1587);
#1587 = CARTESIAN_POINT('',(-3.5,5.E-02,1.525));
#1588 = LINE('',#1589,#1590);
#1589 = CARTESIAN_POINT('',(-1.75,5.E-02,1.525));
#1590 = VECTOR('',#1591,1.);
#1591 = DIRECTION('',(-1.,0.,0.));
#1592 = ORIENTED_EDGE('',*,*,#1593,.F.);
#1593 = EDGE_CURVE('',#1594,#1586,#1596,.T.);
#1594 = VERTEX_POINT('',#1595);
#1595 = CARTESIAN_POINT('',(-3.5,5.E-02,1.675));
#1596 = LINE('',#1597,#1598);
#1597 = CARTESIAN_POINT('',(-3.5,5.E-02,3.5));
#1598 = VECTOR('',#1599,1.);
#1599 = DIRECTION('',(0.,-2.22044604925E-16,-1.));
#1600 = ORIENTED_EDGE('',*,*,#1601,.T.);
#1601 = EDGE_CURVE('',#1594,#1602,#1604,.T.);
#1602 = VERTEX_POINT('',#1603);
#1603 = CARTESIAN_POINT('',(-3.13,5.E-02,1.675));
#1604 = LINE('',#1605,#1606);
#1605 = CARTESIAN_POINT('',(-1.565,5.E-02,1.675));
#1606 = VECTOR('',#1607,1.);
#1607 = DIRECTION('',(1.,0.,0.));
#1608 = ORIENTED_EDGE('',*,*,#1609,.T.);
#1609 = EDGE_CURVE('',#1602,#1610,#1612,.T.);
#1610 = VERTEX_POINT('',#1611);
#1611 = CARTESIAN_POINT('',(-3.13,5.E-02,1.925));
#1612 = CIRCLE('',#1613,0.125);
#1613 = AXIS2_PLACEMENT_3D('',#1614,#1615,#1616);
#1614 = CARTESIAN_POINT('',(-3.13,5.E-02,1.8));
#1615 = DIRECTION('',(0.,-1.,2.22044604925E-16));
#1616 = DIRECTION('',(1.,0.,0.));
#1617 = ORIENTED_EDGE('',*,*,#1618,.T.);
#1618 = EDGE_CURVE('',#1610,#1619,#1621,.T.);
#1619 = VERTEX_POINT('',#1620);
#1620 = CARTESIAN_POINT('',(-3.5,5.E-02,1.925));
#1621 = LINE('',#1622,#1623);
#1622 = CARTESIAN_POINT('',(-1.75,5.E-02,1.925));
#1623 = VECTOR('',#1624,1.);
#1624 = DIRECTION('',(-1.,0.,0.));
#1625 = ORIENTED_EDGE('',*,*,#1626,.F.);
#1626 = EDGE_CURVE('',#1627,#1619,#1629,.T.);
#1627 = VERTEX_POINT('',#1628);
#1628 = CARTESIAN_POINT('',(-3.5,5.E-02,2.075));
#1629 = LINE('',#1630,#1631);
#1630 = CARTESIAN_POINT('',(-3.5,5.E-02,3.5));
#1631 = VECTOR('',#1632,1.);
#1632 = DIRECTION('',(0.,-2.22044604925E-16,-1.));
#1633 = ORIENTED_EDGE('',*,*,#1634,.T.);
#1634 = EDGE_CURVE('',#1627,#1635,#1637,.T.);
#1635 = VERTEX_POINT('',#1636);
#1636 = CARTESIAN_POINT('',(-3.13,5.E-02,2.075));
#1637 = LINE('',#1638,#1639);
#1638 = CARTESIAN_POINT('',(-1.565,5.E-02,2.075));
#1639 = VECTOR('',#1640,1.);
#1640 = DIRECTION('',(1.,0.,0.));
#1641 = ORIENTED_EDGE('',*,*,#1642,.T.);
#1642 = EDGE_CURVE('',#1635,#1643,#1645,.T.);
#1643 = VERTEX_POINT('',#1644);
#1644 = CARTESIAN_POINT('',(-3.13,5.E-02,2.325));
#1645 = CIRCLE('',#1646,0.125);
#1646 = AXIS2_PLACEMENT_3D('',#1647,#1648,#1649);
#1647 = CARTESIAN_POINT('',(-3.13,5.E-02,2.2));
#1648 = DIRECTION('',(0.,-1.,2.22044604925E-16));
#1649 = DIRECTION('',(1.,0.,0.));
#1650 = ORIENTED_EDGE('',*,*,#1651,.T.);
#1651 = EDGE_CURVE('',#1643,#1652,#1654,.T.);
#1652 = VERTEX_POINT('',#1653);
#1653 = CARTESIAN_POINT('',(-3.5,5.E-02,2.325));
#1654 = LINE('',#1655,#1656);
#1655 = CARTESIAN_POINT('',(-1.75,5.E-02,2.325));
#1656 = VECTOR('',#1657,1.);
#1657 = DIRECTION('',(-1.,0.,0.));
#1658 = ORIENTED_EDGE('',*,*,#1659,.F.);
#1659 = EDGE_CURVE('',#1660,#1652,#1662,.T.);
#1660 = VERTEX_POINT('',#1661);
#1661 = CARTESIAN_POINT('',(-3.5,5.E-02,2.475));
#1662 = LINE('',#1663,#1664);
#1663 = CARTESIAN_POINT('',(-3.5,5.E-02,3.5));
#1664 = VECTOR('',#1665,1.);
#1665 = DIRECTION('',(0.,-2.22044604925E-16,-1.));
#1666 = ORIENTED_EDGE('',*,*,#1667,.T.);
#1667 = EDGE_CURVE('',#1660,#1668,#1670,.T.);
#1668 = VERTEX_POINT('',#1669);
#1669 = CARTESIAN_POINT('',(-3.13,5.E-02,2.475));
#1670 = LINE('',#1671,#1672);
#1671 = CARTESIAN_POINT('',(-1.565,5.E-02,2.475));
#1672 = VECTOR('',#1673,1.);
#1673 = DIRECTION('',(1.,0.,0.));
#1674 = ORIENTED_EDGE('',*,*,#1675,.T.);
#1675 = EDGE_CURVE('',#1668,#1676,#1678,.T.);
#1676 = VERTEX_POINT('',#1677);
#1677 = CARTESIAN_POINT('',(-3.13,5.E-02,2.725));
#1678 = CIRCLE('',#1679,0.125);
#1679 = AXIS2_PLACEMENT_3D('',#1680,#1681,#1682);
#1680 = CARTESIAN_POINT('',(-3.13,5.E-02,2.6));
#1681 = DIRECTION('',(0.,-1.,2.22044604925E-16));
#1682 = DIRECTION('',(1.,0.,0.));
#1683 = ORIENTED_EDGE('',*,*,#1684,.T.);
#1684 = EDGE_CURVE('',#1676,#1685,#1687,.T.);
#1685 = VERTEX_POINT('',#1686);
#1686 = CARTESIAN_POINT('',(-3.5,5.E-02,2.725));
#1687 = LINE('',#1688,#1689);
#1688 = CARTESIAN_POINT('',(-1.75,5.E-02,2.725));
#1689 = VECTOR('',#1690,1.);
#1690 = DIRECTION('',(-1.,0.,0.));
#1691 = ORIENTED_EDGE('',*,*,#1692,.F.);
#1692 = EDGE_CURVE('',#1693,#1685,#1695,.T.);
#1693 = VERTEX_POINT('',#1694);
#1694 = CARTESIAN_POINT('',(-3.5,5.E-02,3.5));
#1695 = LINE('',#1696,#1697);
#1696 = CARTESIAN_POINT('',(-3.5,5.E-02,3.5));
#1697 = VECTOR('',#1698,1.);
#1698 = DIRECTION('',(0.,-2.22044604925E-16,-1.));
#1699 = ORIENTED_EDGE('',*,*,#1700,.F.);
#1700 = EDGE_CURVE('',#1701,#1693,#1703,.T.);
#1701 = VERTEX_POINT('',#1702);
#1702 = CARTESIAN_POINT('',(-2.725,5.E-02,3.5));
#1703 = LINE('',#1704,#1705);
#1704 = CARTESIAN_POINT('',(3.5,5.E-02,3.5));
#1705 = VECTOR('',#1706,1.);
#1706 = DIRECTION('',(-1.,0.,0.));
#1707 = ORIENTED_EDGE('',*,*,#1708,.T.);
#1708 = EDGE_CURVE('',#1701,#1709,#1711,.T.);
#1709 = VERTEX_POINT('',#1710);
#1710 = CARTESIAN_POINT('',(-2.725,5.E-02,3.13));
#1711 = LINE('',#1712,#1713);
#1712 = CARTESIAN_POINT('',(-2.725,5.E-02,1.565));
#1713 = VECTOR('',#1714,1.);
#1714 = DIRECTION('',(0.,0.,-1.));
#1715 = ORIENTED_EDGE('',*,*,#1716,.T.);
#1716 = EDGE_CURVE('',#1709,#1717,#1719,.T.);
#1717 = VERTEX_POINT('',#1718);
#1718 = CARTESIAN_POINT('',(-2.475,5.E-02,3.13));
#1719 = CIRCLE('',#1720,0.125);
#1720 = AXIS2_PLACEMENT_3D('',#1721,#1722,#1723);
#1721 = CARTESIAN_POINT('',(-2.6,5.E-02,3.13));
#1722 = DIRECTION('',(0.,-1.,2.22044604925E-16));
#1723 = DIRECTION('',(1.,0.,0.));
#1724 = ORIENTED_EDGE('',*,*,#1725,.T.);
#1725 = EDGE_CURVE('',#1717,#1726,#1728,.T.);
#1726 = VERTEX_POINT('',#1727);
#1727 = CARTESIAN_POINT('',(-2.475,5.E-02,3.5));
#1728 = LINE('',#1729,#1730);
#1729 = CARTESIAN_POINT('',(-2.475,5.E-02,1.75));
#1730 = VECTOR('',#1731,1.);
#1731 = DIRECTION('',(0.,0.,1.));
#1732 = ORIENTED_EDGE('',*,*,#1733,.F.);
#1733 = EDGE_CURVE('',#1734,#1726,#1736,.T.);
#1734 = VERTEX_POINT('',#1735);
#1735 = CARTESIAN_POINT('',(-2.325,5.E-02,3.5));
#1736 = LINE('',#1737,#1738);
#1737 = CARTESIAN_POINT('',(3.5,5.E-02,3.5));
#1738 = VECTOR('',#1739,1.);
#1739 = DIRECTION('',(-1.,0.,0.));
#1740 = ORIENTED_EDGE('',*,*,#1741,.T.);
#1741 = EDGE_CURVE('',#1734,#1742,#1744,.T.);
#1742 = VERTEX_POINT('',#1743);
#1743 = CARTESIAN_POINT('',(-2.325,5.E-02,3.13));
#1744 = LINE('',#1745,#1746);
#1745 = CARTESIAN_POINT('',(-2.325,5.E-02,1.565));
#1746 = VECTOR('',#1747,1.);
#1747 = DIRECTION('',(0.,0.,-1.));
#1748 = ORIENTED_EDGE('',*,*,#1749,.T.);
#1749 = EDGE_CURVE('',#1742,#1750,#1752,.T.);
#1750 = VERTEX_POINT('',#1751);
#1751 = CARTESIAN_POINT('',(-2.075,5.E-02,3.13));
#1752 = CIRCLE('',#1753,0.125);
#1753 = AXIS2_PLACEMENT_3D('',#1754,#1755,#1756);
#1754 = CARTESIAN_POINT('',(-2.2,5.E-02,3.13));
#1755 = DIRECTION('',(0.,-1.,2.22044604925E-16));
#1756 = DIRECTION('',(1.,0.,0.));
#1757 = ORIENTED_EDGE('',*,*,#1758,.T.);
#1758 = EDGE_CURVE('',#1750,#1759,#1761,.T.);
#1759 = VERTEX_POINT('',#1760);
#1760 = CARTESIAN_POINT('',(-2.075,5.E-02,3.5));
#1761 = LINE('',#1762,#1763);
#1762 = CARTESIAN_POINT('',(-2.075,5.E-02,1.75));
#1763 = VECTOR('',#1764,1.);
#1764 = DIRECTION('',(0.,0.,1.));
#1765 = ORIENTED_EDGE('',*,*,#1766,.F.);
#1766 = EDGE_CURVE('',#1767,#1759,#1769,.T.);
#1767 = VERTEX_POINT('',#1768);
#1768 = CARTESIAN_POINT('',(-1.925,5.E-02,3.5));
#1769 = LINE('',#1770,#1771);
#1770 = CARTESIAN_POINT('',(3.5,5.E-02,3.5));
#1771 = VECTOR('',#1772,1.);
#1772 = DIRECTION('',(-1.,0.,0.));
#1773 = ORIENTED_EDGE('',*,*,#1774,.T.);
#1774 = EDGE_CURVE('',#1767,#1775,#1777,.T.);
#1775 = VERTEX_POINT('',#1776);
#1776 = CARTESIAN_POINT('',(-1.925,5.E-02,3.13));
#1777 = LINE('',#1778,#1779);
#1778 = CARTESIAN_POINT('',(-1.925,5.E-02,1.565));
#1779 = VECTOR('',#1780,1.);
#1780 = DIRECTION('',(0.,0.,-1.));
#1781 = ORIENTED_EDGE('',*,*,#1782,.T.);
#1782 = EDGE_CURVE('',#1775,#1783,#1785,.T.);
#1783 = VERTEX_POINT('',#1784);
#1784 = CARTESIAN_POINT('',(-1.675,5.E-02,3.13));
#1785 = CIRCLE('',#1786,0.125);
#1786 = AXIS2_PLACEMENT_3D('',#1787,#1788,#1789);
#1787 = CARTESIAN_POINT('',(-1.8,5.E-02,3.13));
#1788 = DIRECTION('',(0.,-1.,2.22044604925E-16));
#1789 = DIRECTION('',(1.,0.,0.));
#1790 = ORIENTED_EDGE('',*,*,#1791,.T.);
#1791 = EDGE_CURVE('',#1783,#1792,#1794,.T.);
#1792 = VERTEX_POINT('',#1793);
#1793 = CARTESIAN_POINT('',(-1.675,5.E-02,3.5));
#1794 = LINE('',#1795,#1796);
#1795 = CARTESIAN_POINT('',(-1.675,5.E-02,1.75));
#1796 = VECTOR('',#1797,1.);
#1797 = DIRECTION('',(0.,0.,1.));
#1798 = ORIENTED_EDGE('',*,*,#1799,.F.);
#1799 = EDGE_CURVE('',#1800,#1792,#1802,.T.);
#1800 = VERTEX_POINT('',#1801);
#1801 = CARTESIAN_POINT('',(-1.525,5.E-02,3.5));
#1802 = LINE('',#1803,#1804);
#1803 = CARTESIAN_POINT('',(3.5,5.E-02,3.5));
#1804 = VECTOR('',#1805,1.);
#1805 = DIRECTION('',(-1.,0.,0.));
#1806 = ORIENTED_EDGE('',*,*,#1807,.T.);
#1807 = EDGE_CURVE('',#1800,#1808,#1810,.T.);
#1808 = VERTEX_POINT('',#1809);
#1809 = CARTESIAN_POINT('',(-1.525,5.E-02,3.13));
#1810 = LINE('',#1811,#1812);
#1811 = CARTESIAN_POINT('',(-1.525,5.E-02,1.565));
#1812 = VECTOR('',#1813,1.);
#1813 = DIRECTION('',(0.,0.,-1.));
#1814 = ORIENTED_EDGE('',*,*,#1815,.T.);
#1815 = EDGE_CURVE('',#1808,#1816,#1818,.T.);
#1816 = VERTEX_POINT('',#1817);
#1817 = CARTESIAN_POINT('',(-1.275,5.E-02,3.13));
#1818 = CIRCLE('',#1819,0.125);
#1819 = AXIS2_PLACEMENT_3D('',#1820,#1821,#1822);
#1820 = CARTESIAN_POINT('',(-1.4,5.E-02,3.13));
#1821 = DIRECTION('',(0.,-1.,2.22044604925E-16));
#1822 = DIRECTION('',(1.,0.,0.));
#1823 = ORIENTED_EDGE('',*,*,#1824,.T.);
#1824 = EDGE_CURVE('',#1816,#1825,#1827,.T.);
#1825 = VERTEX_POINT('',#1826);
#1826 = CARTESIAN_POINT('',(-1.275,5.E-02,3.5));
#1827 = LINE('',#1828,#1829);
#1828 = CARTESIAN_POINT('',(-1.275,5.E-02,1.75));
#1829 = VECTOR('',#1830,1.);
#1830 = DIRECTION('',(0.,0.,1.));
#1831 = ORIENTED_EDGE('',*,*,#1832,.F.);
#1832 = EDGE_CURVE('',#1833,#1825,#1835,.T.);
#1833 = VERTEX_POINT('',#1834);
#1834 = CARTESIAN_POINT('',(-1.125,5.E-02,3.5));
#1835 = LINE('',#1836,#1837);
#1836 = CARTESIAN_POINT('',(3.5,5.E-02,3.5));
#1837 = VECTOR('',#1838,1.);
#1838 = DIRECTION('',(-1.,0.,0.));
#1839 = ORIENTED_EDGE('',*,*,#1840,.T.);
#1840 = EDGE_CURVE('',#1833,#1841,#1843,.T.);
#1841 = VERTEX_POINT('',#1842);
#1842 = CARTESIAN_POINT('',(-1.125,5.E-02,3.13));
#1843 = LINE('',#1844,#1845);
#1844 = CARTESIAN_POINT('',(-1.125,5.E-02,1.565));
#1845 = VECTOR('',#1846,1.);
#1846 = DIRECTION('',(0.,0.,-1.));
#1847 = ORIENTED_EDGE('',*,*,#1848,.T.);
#1848 = EDGE_CURVE('',#1841,#1849,#1851,.T.);
#1849 = VERTEX_POINT('',#1850);
#1850 = CARTESIAN_POINT('',(-0.875,5.E-02,3.13));
#1851 = CIRCLE('',#1852,0.125);
#1852 = AXIS2_PLACEMENT_3D('',#1853,#1854,#1855);
#1853 = CARTESIAN_POINT('',(-1.,5.E-02,3.13));
#1854 = DIRECTION('',(0.,-1.,2.22044604925E-16));
#1855 = DIRECTION('',(1.,0.,0.));
#1856 = ORIENTED_EDGE('',*,*,#1857,.T.);
#1857 = EDGE_CURVE('',#1849,#1858,#1860,.T.);
#1858 = VERTEX_POINT('',#1859);
#1859 = CARTESIAN_POINT('',(-0.875,5.E-02,3.5));
#1860 = LINE('',#1861,#1862);
#1861 = CARTESIAN_POINT('',(-0.875,5.E-02,1.75));
#1862 = VECTOR('',#1863,1.);
#1863 = DIRECTION('',(0.,0.,1.));
#1864 = ORIENTED_EDGE('',*,*,#1865,.F.);
#1865 = EDGE_CURVE('',#1866,#1858,#1868,.T.);
#1866 = VERTEX_POINT('',#1867);
#1867 = CARTESIAN_POINT('',(-0.725,5.E-02,3.5));
#1868 = LINE('',#1869,#1870);
#1869 = CARTESIAN_POINT('',(3.5,5.E-02,3.5));
#1870 = VECTOR('',#1871,1.);
#1871 = DIRECTION('',(-1.,0.,0.));
#1872 = ORIENTED_EDGE('',*,*,#1873,.T.);
#1873 = EDGE_CURVE('',#1866,#1874,#1876,.T.);
#1874 = VERTEX_POINT('',#1875);
#1875 = CARTESIAN_POINT('',(-0.725,5.E-02,3.13));
#1876 = LINE('',#1877,#1878);
#1877 = CARTESIAN_POINT('',(-0.725,5.E-02,1.565));
#1878 = VECTOR('',#1879,1.);
#1879 = DIRECTION('',(0.,0.,-1.));
#1880 = ORIENTED_EDGE('',*,*,#1881,.T.);
#1881 = EDGE_CURVE('',#1874,#1882,#1884,.T.);
#1882 = VERTEX_POINT('',#1883);
#1883 = CARTESIAN_POINT('',(-0.475,5.E-02,3.13));
#1884 = CIRCLE('',#1885,0.125);
#1885 = AXIS2_PLACEMENT_3D('',#1886,#1887,#1888);
#1886 = CARTESIAN_POINT('',(-0.6,5.E-02,3.13));
#1887 = DIRECTION('',(0.,-1.,2.22044604925E-16));
#1888 = DIRECTION('',(1.,0.,0.));
#1889 = ORIENTED_EDGE('',*,*,#1890,.T.);
#1890 = EDGE_CURVE('',#1882,#1891,#1893,.T.);
#1891 = VERTEX_POINT('',#1892);
#1892 = CARTESIAN_POINT('',(-0.475,5.E-02,3.5));
#1893 = LINE('',#1894,#1895);
#1894 = CARTESIAN_POINT('',(-0.475,5.E-02,1.75));
#1895 = VECTOR('',#1896,1.);
#1896 = DIRECTION('',(0.,0.,1.));
#1897 = ORIENTED_EDGE('',*,*,#1898,.F.);
#1898 = EDGE_CURVE('',#1899,#1891,#1901,.T.);
#1899 = VERTEX_POINT('',#1900);
#1900 = CARTESIAN_POINT('',(-0.325,5.E-02,3.5));
#1901 = LINE('',#1902,#1903);
#1902 = CARTESIAN_POINT('',(3.5,5.E-02,3.5));
#1903 = VECTOR('',#1904,1.);
#1904 = DIRECTION('',(-1.,0.,0.));
#1905 = ORIENTED_EDGE('',*,*,#1906,.T.);
#1906 = EDGE_CURVE('',#1899,#1907,#1909,.T.);
#1907 = VERTEX_POINT('',#1908);
#1908 = CARTESIAN_POINT('',(-0.325,5.E-02,3.13));
#1909 = LINE('',#1910,#1911);
#1910 = CARTESIAN_POINT('',(-0.325,5.E-02,1.565));
#1911 = VECTOR('',#1912,1.);
#1912 = DIRECTION('',(0.,0.,-1.));
#1913 = ORIENTED_EDGE('',*,*,#1914,.T.);
#1914 = EDGE_CURVE('',#1907,#1915,#1917,.T.);
#1915 = VERTEX_POINT('',#1916);
#1916 = CARTESIAN_POINT('',(-7.5E-02,5.E-02,3.13));
#1917 = CIRCLE('',#1918,0.125);
#1918 = AXIS2_PLACEMENT_3D('',#1919,#1920,#1921);
#1919 = CARTESIAN_POINT('',(-0.2,5.E-02,3.13));
#1920 = DIRECTION('',(0.,-1.,2.22044604925E-16));
#1921 = DIRECTION('',(1.,0.,0.));
#1922 = ORIENTED_EDGE('',*,*,#1923,.T.);
#1923 = EDGE_CURVE('',#1915,#1924,#1926,.T.);
#1924 = VERTEX_POINT('',#1925);
#1925 = CARTESIAN_POINT('',(-7.5E-02,5.E-02,3.5));
#1926 = LINE('',#1927,#1928);
#1927 = CARTESIAN_POINT('',(-7.5E-02,5.E-02,1.75));
#1928 = VECTOR('',#1929,1.);
#1929 = DIRECTION('',(0.,0.,1.));
#1930 = ORIENTED_EDGE('',*,*,#1931,.F.);
#1931 = EDGE_CURVE('',#1932,#1924,#1934,.T.);
#1932 = VERTEX_POINT('',#1933);
#1933 = CARTESIAN_POINT('',(7.5E-02,5.E-02,3.5));
#1934 = LINE('',#1935,#1936);
#1935 = CARTESIAN_POINT('',(3.5,5.E-02,3.5));
#1936 = VECTOR('',#1937,1.);
#1937 = DIRECTION('',(-1.,0.,0.));
#1938 = ORIENTED_EDGE('',*,*,#1939,.T.);
#1939 = EDGE_CURVE('',#1932,#1940,#1942,.T.);
#1940 = VERTEX_POINT('',#1941);
#1941 = CARTESIAN_POINT('',(7.5E-02,5.E-02,3.13));
#1942 = LINE('',#1943,#1944);
#1943 = CARTESIAN_POINT('',(7.5E-02,5.E-02,1.565));
#1944 = VECTOR('',#1945,1.);
#1945 = DIRECTION('',(0.,0.,-1.));
#1946 = ORIENTED_EDGE('',*,*,#1947,.T.);
#1947 = EDGE_CURVE('',#1940,#1948,#1950,.T.);
#1948 = VERTEX_POINT('',#1949);
#1949 = CARTESIAN_POINT('',(0.325,5.E-02,3.13));
#1950 = CIRCLE('',#1951,0.125);
#1951 = AXIS2_PLACEMENT_3D('',#1952,#1953,#1954);
#1952 = CARTESIAN_POINT('',(0.2,5.E-02,3.13));
#1953 = DIRECTION('',(0.,-1.,2.22044604925E-16));
#1954 = DIRECTION('',(1.,0.,0.));
#1955 = ORIENTED_EDGE('',*,*,#1956,.T.);
#1956 = EDGE_CURVE('',#1948,#1957,#1959,.T.);
#1957 = VERTEX_POINT('',#1958);
#1958 = CARTESIAN_POINT('',(0.325,5.E-02,3.5));
#1959 = LINE('',#1960,#1961);
#1960 = CARTESIAN_POINT('',(0.325,5.E-02,1.75));
#1961 = VECTOR('',#1962,1.);
#1962 = DIRECTION('',(0.,0.,1.));
#1963 = ORIENTED_EDGE('',*,*,#1964,.F.);
#1964 = EDGE_CURVE('',#1965,#1957,#1967,.T.);
#1965 = VERTEX_POINT('',#1966);
#1966 = CARTESIAN_POINT('',(0.475,5.E-02,3.5));
#1967 = LINE('',#1968,#1969);
#1968 = CARTESIAN_POINT('',(3.5,5.E-02,3.5));
#1969 = VECTOR('',#1970,1.);
#1970 = DIRECTION('',(-1.,0.,0.));
#1971 = ORIENTED_EDGE('',*,*,#1972,.T.);
#1972 = EDGE_CURVE('',#1965,#1973,#1975,.T.);
#1973 = VERTEX_POINT('',#1974);
#1974 = CARTESIAN_POINT('',(0.475,5.E-02,3.13));
#1975 = LINE('',#1976,#1977);
#1976 = CARTESIAN_POINT('',(0.475,5.E-02,1.565));
#1977 = VECTOR('',#1978,1.);
#1978 = DIRECTION('',(0.,0.,-1.));
#1979 = ORIENTED_EDGE('',*,*,#1980,.T.);
#1980 = EDGE_CURVE('',#1973,#1981,#1983,.T.);
#1981 = VERTEX_POINT('',#1982);
#1982 = CARTESIAN_POINT('',(0.725,5.E-02,3.13));
#1983 = CIRCLE('',#1984,0.125);
#1984 = AXIS2_PLACEMENT_3D('',#1985,#1986,#1987);
#1985 = CARTESIAN_POINT('',(0.6,5.E-02,3.13));
#1986 = DIRECTION('',(0.,-1.,2.22044604925E-16));
#1987 = DIRECTION('',(1.,0.,0.));
#1988 = ORIENTED_EDGE('',*,*,#1989,.T.);
#1989 = EDGE_CURVE('',#1981,#1990,#1992,.T.);
#1990 = VERTEX_POINT('',#1991);
#1991 = CARTESIAN_POINT('',(0.725,5.E-02,3.5));
#1992 = LINE('',#1993,#1994);
#1993 = CARTESIAN_POINT('',(0.725,5.E-02,1.75));
#1994 = VECTOR('',#1995,1.);
#1995 = DIRECTION('',(0.,0.,1.));
#1996 = ORIENTED_EDGE('',*,*,#1997,.F.);
#1997 = EDGE_CURVE('',#1998,#1990,#2000,.T.);
#1998 = VERTEX_POINT('',#1999);
#1999 = CARTESIAN_POINT('',(0.875,5.E-02,3.5));
#2000 = LINE('',#2001,#2002);
#2001 = CARTESIAN_POINT('',(3.5,5.E-02,3.5));
#2002 = VECTOR('',#2003,1.);
#2003 = DIRECTION('',(-1.,0.,0.));
#2004 = ORIENTED_EDGE('',*,*,#2005,.T.);
#2005 = EDGE_CURVE('',#1998,#2006,#2008,.T.);
#2006 = VERTEX_POINT('',#2007);
#2007 = CARTESIAN_POINT('',(0.875,5.E-02,3.13));
#2008 = LINE('',#2009,#2010);
#2009 = CARTESIAN_POINT('',(0.875,5.E-02,1.565));
#2010 = VECTOR('',#2011,1.);
#2011 = DIRECTION('',(0.,0.,-1.));
#2012 = ORIENTED_EDGE('',*,*,#2013,.T.);
#2013 = EDGE_CURVE('',#2006,#2014,#2016,.T.);
#2014 = VERTEX_POINT('',#2015);
#2015 = CARTESIAN_POINT('',(1.125,5.E-02,3.13));
#2016 = CIRCLE('',#2017,0.125);
#2017 = AXIS2_PLACEMENT_3D('',#2018,#2019,#2020);
#2018 = CARTESIAN_POINT('',(1.,5.E-02,3.13));
#2019 = DIRECTION('',(0.,-1.,2.22044604925E-16));
#2020 = DIRECTION('',(1.,0.,0.));
#2021 = ORIENTED_EDGE('',*,*,#2022,.T.);
#2022 = EDGE_CURVE('',#2014,#2023,#2025,.T.);
#2023 = VERTEX_POINT('',#2024);
#2024 = CARTESIAN_POINT('',(1.125,5.E-02,3.5));
#2025 = LINE('',#2026,#2027);
#2026 = CARTESIAN_POINT('',(1.125,5.E-02,1.75));
#2027 = VECTOR('',#2028,1.);
#2028 = DIRECTION('',(0.,0.,1.));
#2029 = ORIENTED_EDGE('',*,*,#2030,.F.);
#2030 = EDGE_CURVE('',#2031,#2023,#2033,.T.);
#2031 = VERTEX_POINT('',#2032);
#2032 = CARTESIAN_POINT('',(1.275,5.E-02,3.5));
#2033 = LINE('',#2034,#2035);
#2034 = CARTESIAN_POINT('',(3.5,5.E-02,3.5));
#2035 = VECTOR('',#2036,1.);
#2036 = DIRECTION('',(-1.,0.,0.));
#2037 = ORIENTED_EDGE('',*,*,#2038,.T.);
#2038 = EDGE_CURVE('',#2031,#2039,#2041,.T.);
#2039 = VERTEX_POINT('',#2040);
#2040 = CARTESIAN_POINT('',(1.275,5.E-02,3.13));
#2041 = LINE('',#2042,#2043);
#2042 = CARTESIAN_POINT('',(1.275,5.E-02,1.565));
#2043 = VECTOR('',#2044,1.);
#2044 = DIRECTION('',(0.,0.,-1.));
#2045 = ORIENTED_EDGE('',*,*,#2046,.T.);
#2046 = EDGE_CURVE('',#2039,#2047,#2049,.T.);
#2047 = VERTEX_POINT('',#2048);
#2048 = CARTESIAN_POINT('',(1.525,5.E-02,3.13));
#2049 = CIRCLE('',#2050,0.125);
#2050 = AXIS2_PLACEMENT_3D('',#2051,#2052,#2053);
#2051 = CARTESIAN_POINT('',(1.4,5.E-02,3.13));
#2052 = DIRECTION('',(0.,-1.,2.22044604925E-16));
#2053 = DIRECTION('',(1.,0.,0.));
#2054 = ORIENTED_EDGE('',*,*,#2055,.T.);
#2055 = EDGE_CURVE('',#2047,#2056,#2058,.T.);
#2056 = VERTEX_POINT('',#2057);
#2057 = CARTESIAN_POINT('',(1.525,5.E-02,3.5));
#2058 = LINE('',#2059,#2060);
#2059 = CARTESIAN_POINT('',(1.525,5.E-02,1.75));
#2060 = VECTOR('',#2061,1.);
#2061 = DIRECTION('',(0.,0.,1.));
#2062 = ORIENTED_EDGE('',*,*,#2063,.F.);
#2063 = EDGE_CURVE('',#2064,#2056,#2066,.T.);
#2064 = VERTEX_POINT('',#2065);
#2065 = CARTESIAN_POINT('',(1.675,5.E-02,3.5));
#2066 = LINE('',#2067,#2068);
#2067 = CARTESIAN_POINT('',(3.5,5.E-02,3.5));
#2068 = VECTOR('',#2069,1.);
#2069 = DIRECTION('',(-1.,0.,0.));
#2070 = ORIENTED_EDGE('',*,*,#2071,.T.);
#2071 = EDGE_CURVE('',#2064,#2072,#2074,.T.);
#2072 = VERTEX_POINT('',#2073);
#2073 = CARTESIAN_POINT('',(1.675,5.E-02,3.13));
#2074 = LINE('',#2075,#2076);
#2075 = CARTESIAN_POINT('',(1.675,5.E-02,1.565));
#2076 = VECTOR('',#2077,1.);
#2077 = DIRECTION('',(0.,0.,-1.));
#2078 = ORIENTED_EDGE('',*,*,#2079,.T.);
#2079 = EDGE_CURVE('',#2072,#2080,#2082,.T.);
#2080 = VERTEX_POINT('',#2081);
#2081 = CARTESIAN_POINT('',(1.925,5.E-02,3.13));
#2082 = CIRCLE('',#2083,0.125);
#2083 = AXIS2_PLACEMENT_3D('',#2084,#2085,#2086);
#2084 = CARTESIAN_POINT('',(1.8,5.E-02,3.13));
#2085 = DIRECTION('',(0.,-1.,2.22044604925E-16));
#2086 = DIRECTION('',(1.,0.,0.));
#2087 = ORIENTED_EDGE('',*,*,#2088,.T.);
#2088 = EDGE_CURVE('',#2080,#2089,#2091,.T.);
#2089 = VERTEX_POINT('',#2090);
#2090 = CARTESIAN_POINT('',(1.925,5.E-02,3.5));
#2091 = LINE('',#2092,#2093);
#2092 = CARTESIAN_POINT('',(1.925,5.E-02,1.75));
#2093 = VECTOR('',#2094,1.);
#2094 = DIRECTION('',(0.,0.,1.));
#2095 = ORIENTED_EDGE('',*,*,#2096,.F.);
#2096 = EDGE_CURVE('',#2097,#2089,#2099,.T.);
#2097 = VERTEX_POINT('',#2098);
#2098 = CARTESIAN_POINT('',(2.075,5.E-02,3.5));
#2099 = LINE('',#2100,#2101);
#2100 = CARTESIAN_POINT('',(3.5,5.E-02,3.5));
#2101 = VECTOR('',#2102,1.);
#2102 = DIRECTION('',(-1.,0.,0.));
#2103 = ORIENTED_EDGE('',*,*,#2104,.T.);
#2104 = EDGE_CURVE('',#2097,#2105,#2107,.T.);
#2105 = VERTEX_POINT('',#2106);
#2106 = CARTESIAN_POINT('',(2.075,5.E-02,3.13));
#2107 = LINE('',#2108,#2109);
#2108 = CARTESIAN_POINT('',(2.075,5.E-02,1.565));
#2109 = VECTOR('',#2110,1.);
#2110 = DIRECTION('',(0.,0.,-1.));
#2111 = ORIENTED_EDGE('',*,*,#2112,.T.);
#2112 = EDGE_CURVE('',#2105,#2113,#2115,.T.);
#2113 = VERTEX_POINT('',#2114);
#2114 = CARTESIAN_POINT('',(2.325,5.E-02,3.13));
#2115 = CIRCLE('',#2116,0.125);
#2116 = AXIS2_PLACEMENT_3D('',#2117,#2118,#2119);
#2117 = CARTESIAN_POINT('',(2.2,5.E-02,3.13));
#2118 = DIRECTION('',(0.,-1.,2.22044604925E-16));
#2119 = DIRECTION('',(1.,0.,0.));
#2120 = ORIENTED_EDGE('',*,*,#2121,.T.);
#2121 = EDGE_CURVE('',#2113,#2122,#2124,.T.);
#2122 = VERTEX_POINT('',#2123);
#2123 = CARTESIAN_POINT('',(2.325,5.E-02,3.5));
#2124 = LINE('',#2125,#2126);
#2125 = CARTESIAN_POINT('',(2.325,5.E-02,1.75));
#2126 = VECTOR('',#2127,1.);
#2127 = DIRECTION('',(0.,0.,1.));
#2128 = ORIENTED_EDGE('',*,*,#2129,.F.);
#2129 = EDGE_CURVE('',#2130,#2122,#2132,.T.);
#2130 = VERTEX_POINT('',#2131);
#2131 = CARTESIAN_POINT('',(2.475,5.E-02,3.5));
#2132 = LINE('',#2133,#2134);
#2133 = CARTESIAN_POINT('',(3.5,5.E-02,3.5));
#2134 = VECTOR('',#2135,1.);
#2135 = DIRECTION('',(-1.,0.,0.));
#2136 = ORIENTED_EDGE('',*,*,#2137,.T.);
#2137 = EDGE_CURVE('',#2130,#2138,#2140,.T.);
#2138 = VERTEX_POINT('',#2139);
#2139 = CARTESIAN_POINT('',(2.475,5.E-02,3.13));
#2140 = LINE('',#2141,#2142);
#2141 = CARTESIAN_POINT('',(2.475,5.E-02,1.565));
#2142 = VECTOR('',#2143,1.);
#2143 = DIRECTION('',(0.,0.,-1.));
#2144 = ORIENTED_EDGE('',*,*,#2145,.T.);
#2145 = EDGE_CURVE('',#2138,#2146,#2148,.T.);
#2146 = VERTEX_POINT('',#2147);
#2147 = CARTESIAN_POINT('',(2.725,5.E-02,3.13));
#2148 = CIRCLE('',#2149,0.125);
#2149 = AXIS2_PLACEMENT_3D('',#2150,#2151,#2152);
#2150 = CARTESIAN_POINT('',(2.6,5.E-02,3.13));
#2151 = DIRECTION('',(0.,-1.,2.22044604925E-16));
#2152 = DIRECTION('',(1.,0.,0.));
#2153 = ORIENTED_EDGE('',*,*,#2154,.T.);
#2154 = EDGE_CURVE('',#2146,#2155,#2157,.T.);
#2155 = VERTEX_POINT('',#2156);
#2156 = CARTESIAN_POINT('',(2.725,5.E-02,3.5));
#2157 = LINE('',#2158,#2159);
#2158 = CARTESIAN_POINT('',(2.725,5.E-02,1.75));
#2159 = VECTOR('',#2160,1.);
#2160 = DIRECTION('',(0.,0.,1.));
#2161 = ORIENTED_EDGE('',*,*,#2162,.F.);
#2162 = EDGE_CURVE('',#298,#2155,#2163,.T.);
#2163 = LINE('',#2164,#2165);
#2164 = CARTESIAN_POINT('',(3.5,5.E-02,3.5));
#2165 = VECTOR('',#2166,1.);
#2166 = DIRECTION('',(-1.,0.,0.));
#2167 = ORIENTED_EDGE('',*,*,#305,.F.);
#2168 = ORIENTED_EDGE('',*,*,#2169,.T.);
#2169 = EDGE_CURVE('',#306,#2170,#2172,.T.);
#2170 = VERTEX_POINT('',#2171);
#2171 = CARTESIAN_POINT('',(3.13,5.E-02,2.725));
#2172 = LINE('',#2173,#2174);
#2173 = CARTESIAN_POINT('',(1.565,5.E-02,2.725));
#2174 = VECTOR('',#2175,1.);
#2175 = DIRECTION('',(-1.,0.,0.));
#2176 = ORIENTED_EDGE('',*,*,#2177,.T.);
#2177 = EDGE_CURVE('',#2170,#2178,#2180,.T.);
#2178 = VERTEX_POINT('',#2179);
#2179 = CARTESIAN_POINT('',(3.13,5.E-02,2.475));
#2180 = CIRCLE('',#2181,0.125);
#2181 = AXIS2_PLACEMENT_3D('',#2182,#2183,#2184);
#2182 = CARTESIAN_POINT('',(3.13,5.E-02,2.6));
#2183 = DIRECTION('',(0.,-1.,2.22044604925E-16));
#2184 = DIRECTION('',(1.,0.,0.));
#2185 = ORIENTED_EDGE('',*,*,#2186,.T.);
#2186 = EDGE_CURVE('',#2178,#330,#2187,.T.);
#2187 = LINE('',#2188,#2189);
#2188 = CARTESIAN_POINT('',(1.75,5.E-02,2.475));
#2189 = VECTOR('',#2190,1.);
#2190 = DIRECTION('',(1.,0.,0.));
#2191 = ORIENTED_EDGE('',*,*,#337,.F.);
#2192 = ORIENTED_EDGE('',*,*,#2193,.T.);
#2193 = EDGE_CURVE('',#338,#2194,#2196,.T.);
#2194 = VERTEX_POINT('',#2195);
#2195 = CARTESIAN_POINT('',(3.13,5.E-02,2.325));
#2196 = LINE('',#2197,#2198);
#2197 = CARTESIAN_POINT('',(1.565,5.E-02,2.325));
#2198 = VECTOR('',#2199,1.);
#2199 = DIRECTION('',(-1.,0.,0.));
#2200 = ORIENTED_EDGE('',*,*,#2201,.T.);
#2201 = EDGE_CURVE('',#2194,#2202,#2204,.T.);
#2202 = VERTEX_POINT('',#2203);
#2203 = CARTESIAN_POINT('',(3.13,5.E-02,2.075));
#2204 = CIRCLE('',#2205,0.125);
#2205 = AXIS2_PLACEMENT_3D('',#2206,#2207,#2208);
#2206 = CARTESIAN_POINT('',(3.13,5.E-02,2.2));
#2207 = DIRECTION('',(0.,-1.,2.22044604925E-16));
#2208 = DIRECTION('',(1.,0.,0.));
#2209 = ORIENTED_EDGE('',*,*,#2210,.T.);
#2210 = EDGE_CURVE('',#2202,#362,#2211,.T.);
#2211 = LINE('',#2212,#2213);
#2212 = CARTESIAN_POINT('',(1.75,5.E-02,2.075));
#2213 = VECTOR('',#2214,1.);
#2214 = DIRECTION('',(1.,0.,0.));
#2215 = ORIENTED_EDGE('',*,*,#369,.F.);
#2216 = ORIENTED_EDGE('',*,*,#2217,.T.);
#2217 = EDGE_CURVE('',#370,#2218,#2220,.T.);
#2218 = VERTEX_POINT('',#2219);
#2219 = CARTESIAN_POINT('',(3.13,5.E-02,1.925));
#2220 = LINE('',#2221,#2222);
#2221 = CARTESIAN_POINT('',(1.565,5.E-02,1.925));
#2222 = VECTOR('',#2223,1.);
#2223 = DIRECTION('',(-1.,0.,0.));
#2224 = ORIENTED_EDGE('',*,*,#2225,.T.);
#2225 = EDGE_CURVE('',#2218,#2226,#2228,.T.);
#2226 = VERTEX_POINT('',#2227);
#2227 = CARTESIAN_POINT('',(3.13,5.E-02,1.675));
#2228 = CIRCLE('',#2229,0.125);
#2229 = AXIS2_PLACEMENT_3D('',#2230,#2231,#2232);
#2230 = CARTESIAN_POINT('',(3.13,5.E-02,1.8));
#2231 = DIRECTION('',(0.,-1.,2.22044604925E-16));
#2232 = DIRECTION('',(1.,0.,0.));
#2233 = ORIENTED_EDGE('',*,*,#2234,.T.);
#2234 = EDGE_CURVE('',#2226,#394,#2235,.T.);
#2235 = LINE('',#2236,#2237);
#2236 = CARTESIAN_POINT('',(1.75,5.E-02,1.675));
#2237 = VECTOR('',#2238,1.);
#2238 = DIRECTION('',(1.,0.,0.));
#2239 = ORIENTED_EDGE('',*,*,#401,.F.);
#2240 = ORIENTED_EDGE('',*,*,#2241,.T.);
#2241 = EDGE_CURVE('',#402,#2242,#2244,.T.);
#2242 = VERTEX_POINT('',#2243);
#2243 = CARTESIAN_POINT('',(3.13,5.E-02,1.525));
#2244 = LINE('',#2245,#2246);
#2245 = CARTESIAN_POINT('',(1.565,5.E-02,1.525));
#2246 = VECTOR('',#2247,1.);
#2247 = DIRECTION('',(-1.,0.,0.));
#2248 = ORIENTED_EDGE('',*,*,#2249,.T.);
#2249 = EDGE_CURVE('',#2242,#2250,#2252,.T.);
#2250 = VERTEX_POINT('',#2251);
#2251 = CARTESIAN_POINT('',(3.13,5.E-02,1.275));
#2252 = CIRCLE('',#2253,0.125);
#2253 = AXIS2_PLACEMENT_3D('',#2254,#2255,#2256);
#2254 = CARTESIAN_POINT('',(3.13,5.E-02,1.4));
#2255 = DIRECTION('',(0.,-1.,2.22044604925E-16));
#2256 = DIRECTION('',(1.,0.,0.));
#2257 = ORIENTED_EDGE('',*,*,#2258,.T.);
#2258 = EDGE_CURVE('',#2250,#426,#2259,.T.);
#2259 = LINE('',#2260,#2261);
#2260 = CARTESIAN_POINT('',(1.75,5.E-02,1.275));
#2261 = VECTOR('',#2262,1.);
#2262 = DIRECTION('',(1.,0.,0.));
#2263 = ORIENTED_EDGE('',*,*,#433,.F.);
#2264 = ORIENTED_EDGE('',*,*,#2265,.T.);
#2265 = EDGE_CURVE('',#434,#2266,#2268,.T.);
#2266 = VERTEX_POINT('',#2267);
#2267 = CARTESIAN_POINT('',(3.13,5.E-02,1.125));
#2268 = LINE('',#2269,#2270);
#2269 = CARTESIAN_POINT('',(1.565,5.E-02,1.125));
#2270 = VECTOR('',#2271,1.);
#2271 = DIRECTION('',(-1.,0.,0.));
#2272 = ORIENTED_EDGE('',*,*,#2273,.T.);
#2273 = EDGE_CURVE('',#2266,#2274,#2276,.T.);
#2274 = VERTEX_POINT('',#2275);
#2275 = CARTESIAN_POINT('',(3.13,5.E-02,0.875));
#2276 = CIRCLE('',#2277,0.125);
#2277 = AXIS2_PLACEMENT_3D('',#2278,#2279,#2280);
#2278 = CARTESIAN_POINT('',(3.13,5.E-02,1.));
#2279 = DIRECTION('',(0.,-1.,2.22044604925E-16));
#2280 = DIRECTION('',(1.,0.,0.));
#2281 = ORIENTED_EDGE('',*,*,#2282,.T.);
#2282 = EDGE_CURVE('',#2274,#458,#2283,.T.);
#2283 = LINE('',#2284,#2285);
#2284 = CARTESIAN_POINT('',(1.75,5.E-02,0.875));
#2285 = VECTOR('',#2286,1.);
#2286 = DIRECTION('',(1.,0.,0.));
#2287 = ORIENTED_EDGE('',*,*,#465,.F.);
#2288 = ORIENTED_EDGE('',*,*,#2289,.T.);
#2289 = EDGE_CURVE('',#466,#2290,#2292,.T.);
#2290 = VERTEX_POINT('',#2291);
#2291 = CARTESIAN_POINT('',(3.13,5.E-02,0.725));
#2292 = LINE('',#2293,#2294);
#2293 = CARTESIAN_POINT('',(1.565,5.E-02,0.725));
#2294 = VECTOR('',#2295,1.);
#2295 = DIRECTION('',(-1.,0.,0.));
#2296 = ORIENTED_EDGE('',*,*,#2297,.T.);
#2297 = EDGE_CURVE('',#2290,#2298,#2300,.T.);
#2298 = VERTEX_POINT('',#2299);
#2299 = CARTESIAN_POINT('',(3.13,5.E-02,0.475));
#2300 = CIRCLE('',#2301,0.125);
#2301 = AXIS2_PLACEMENT_3D('',#2302,#2303,#2304);
#2302 = CARTESIAN_POINT('',(3.13,5.E-02,0.6));
#2303 = DIRECTION('',(0.,-1.,2.22044604925E-16));
#2304 = DIRECTION('',(1.,0.,0.));
#2305 = ORIENTED_EDGE('',*,*,#2306,.T.);
#2306 = EDGE_CURVE('',#2298,#490,#2307,.T.);
#2307 = LINE('',#2308,#2309);
#2308 = CARTESIAN_POINT('',(1.75,5.E-02,0.475));
#2309 = VECTOR('',#2310,1.);
#2310 = DIRECTION('',(1.,0.,0.));
#2311 = ORIENTED_EDGE('',*,*,#497,.F.);
#2312 = ORIENTED_EDGE('',*,*,#2313,.T.);
#2313 = EDGE_CURVE('',#498,#2314,#2316,.T.);
#2314 = VERTEX_POINT('',#2315);
#2315 = CARTESIAN_POINT('',(3.13,5.E-02,0.325));
#2316 = LINE('',#2317,#2318);
#2317 = CARTESIAN_POINT('',(1.565,5.E-02,0.325));
#2318 = VECTOR('',#2319,1.);
#2319 = DIRECTION('',(-1.,0.,0.));
#2320 = ORIENTED_EDGE('',*,*,#2321,.T.);
#2321 = EDGE_CURVE('',#2314,#2322,#2324,.T.);
#2322 = VERTEX_POINT('',#2323);
#2323 = CARTESIAN_POINT('',(3.13,5.E-02,7.5E-02));
#2324 = CIRCLE('',#2325,0.125);
#2325 = AXIS2_PLACEMENT_3D('',#2326,#2327,#2328);
#2326 = CARTESIAN_POINT('',(3.13,5.E-02,0.2));
#2327 = DIRECTION('',(0.,-1.,2.22044604925E-16));
#2328 = DIRECTION('',(1.,0.,0.));
#2329 = ORIENTED_EDGE('',*,*,#2330,.T.);
#2330 = EDGE_CURVE('',#2322,#522,#2331,.T.);
#2331 = LINE('',#2332,#2333);
#2332 = CARTESIAN_POINT('',(1.75,5.E-02,7.5E-02));
#2333 = VECTOR('',#2334,1.);
#2334 = DIRECTION('',(1.,0.,0.));
#2335 = ORIENTED_EDGE('',*,*,#529,.F.);
#2336 = ORIENTED_EDGE('',*,*,#2337,.T.);
#2337 = EDGE_CURVE('',#530,#2338,#2340,.T.);
#2338 = VERTEX_POINT('',#2339);
#2339 = CARTESIAN_POINT('',(3.13,5.E-02,-7.5E-02));
#2340 = LINE('',#2341,#2342);
#2341 = CARTESIAN_POINT('',(1.565,5.E-02,-7.5E-02));
#2342 = VECTOR('',#2343,1.);
#2343 = DIRECTION('',(-1.,0.,0.));
#2344 = ORIENTED_EDGE('',*,*,#2345,.T.);
#2345 = EDGE_CURVE('',#2338,#2346,#2348,.T.);
#2346 = VERTEX_POINT('',#2347);
#2347 = CARTESIAN_POINT('',(3.13,5.E-02,-0.325));
#2348 = CIRCLE('',#2349,0.125);
#2349 = AXIS2_PLACEMENT_3D('',#2350,#2351,#2352);
#2350 = CARTESIAN_POINT('',(3.13,5.E-02,-0.2));
#2351 = DIRECTION('',(0.,-1.,2.22044604925E-16));
#2352 = DIRECTION('',(1.,0.,0.));
#2353 = ORIENTED_EDGE('',*,*,#2354,.T.);
#2354 = EDGE_CURVE('',#2346,#554,#2355,.T.);
#2355 = LINE('',#2356,#2357);
#2356 = CARTESIAN_POINT('',(1.75,5.E-02,-0.325));
#2357 = VECTOR('',#2358,1.);
#2358 = DIRECTION('',(1.,0.,0.));
#2359 = ORIENTED_EDGE('',*,*,#561,.F.);
#2360 = ORIENTED_EDGE('',*,*,#2361,.T.);
#2361 = EDGE_CURVE('',#562,#2362,#2364,.T.);
#2362 = VERTEX_POINT('',#2363);
#2363 = CARTESIAN_POINT('',(3.13,5.E-02,-0.475));
#2364 = LINE('',#2365,#2366);
#2365 = CARTESIAN_POINT('',(1.565,5.E-02,-0.475));
#2366 = VECTOR('',#2367,1.);
#2367 = DIRECTION('',(-1.,0.,0.));
#2368 = ORIENTED_EDGE('',*,*,#2369,.T.);
#2369 = EDGE_CURVE('',#2362,#2370,#2372,.T.);
#2370 = VERTEX_POINT('',#2371);
#2371 = CARTESIAN_POINT('',(3.13,5.E-02,-0.725));
#2372 = CIRCLE('',#2373,0.125);
#2373 = AXIS2_PLACEMENT_3D('',#2374,#2375,#2376);
#2374 = CARTESIAN_POINT('',(3.13,5.E-02,-0.6));
#2375 = DIRECTION('',(0.,-1.,2.22044604925E-16));
#2376 = DIRECTION('',(1.,0.,0.));
#2377 = ORIENTED_EDGE('',*,*,#2378,.T.);
#2378 = EDGE_CURVE('',#2370,#586,#2379,.T.);
#2379 = LINE('',#2380,#2381);
#2380 = CARTESIAN_POINT('',(1.75,5.E-02,-0.725));
#2381 = VECTOR('',#2382,1.);
#2382 = DIRECTION('',(1.,0.,0.));
#2383 = ORIENTED_EDGE('',*,*,#593,.F.);
#2384 = ORIENTED_EDGE('',*,*,#2385,.T.);
#2385 = EDGE_CURVE('',#594,#2386,#2388,.T.);
#2386 = VERTEX_POINT('',#2387);
#2387 = CARTESIAN_POINT('',(3.13,5.E-02,-0.875));
#2388 = LINE('',#2389,#2390);
#2389 = CARTESIAN_POINT('',(1.565,5.E-02,-0.875));
#2390 = VECTOR('',#2391,1.);
#2391 = DIRECTION('',(-1.,0.,0.));
#2392 = ORIENTED_EDGE('',*,*,#2393,.T.);
#2393 = EDGE_CURVE('',#2386,#2394,#2396,.T.);
#2394 = VERTEX_POINT('',#2395);
#2395 = CARTESIAN_POINT('',(3.13,5.E-02,-1.125));
#2396 = CIRCLE('',#2397,0.125);
#2397 = AXIS2_PLACEMENT_3D('',#2398,#2399,#2400);
#2398 = CARTESIAN_POINT('',(3.13,5.E-02,-1.));
#2399 = DIRECTION('',(0.,-1.,2.22044604925E-16));
#2400 = DIRECTION('',(1.,0.,0.));
#2401 = ORIENTED_EDGE('',*,*,#2402,.T.);
#2402 = EDGE_CURVE('',#2394,#618,#2403,.T.);
#2403 = LINE('',#2404,#2405);
#2404 = CARTESIAN_POINT('',(1.75,5.E-02,-1.125));
#2405 = VECTOR('',#2406,1.);
#2406 = DIRECTION('',(1.,0.,0.));
#2407 = ORIENTED_EDGE('',*,*,#625,.F.);
#2408 = ORIENTED_EDGE('',*,*,#2409,.T.);
#2409 = EDGE_CURVE('',#626,#2410,#2412,.T.);
#2410 = VERTEX_POINT('',#2411);
#2411 = CARTESIAN_POINT('',(3.13,5.E-02,-1.275));
#2412 = LINE('',#2413,#2414);
#2413 = CARTESIAN_POINT('',(1.565,5.E-02,-1.275));
#2414 = VECTOR('',#2415,1.);
#2415 = DIRECTION('',(-1.,0.,0.));
#2416 = ORIENTED_EDGE('',*,*,#2417,.T.);
#2417 = EDGE_CURVE('',#2410,#2418,#2420,.T.);
#2418 = VERTEX_POINT('',#2419);
#2419 = CARTESIAN_POINT('',(3.13,5.E-02,-1.525));
#2420 = CIRCLE('',#2421,0.125);
#2421 = AXIS2_PLACEMENT_3D('',#2422,#2423,#2424);
#2422 = CARTESIAN_POINT('',(3.13,5.E-02,-1.4));
#2423 = DIRECTION('',(0.,-1.,2.22044604925E-16));
#2424 = DIRECTION('',(1.,0.,0.));
#2425 = ORIENTED_EDGE('',*,*,#2426,.T.);
#2426 = EDGE_CURVE('',#2418,#650,#2427,.T.);
#2427 = LINE('',#2428,#2429);
#2428 = CARTESIAN_POINT('',(1.75,5.E-02,-1.525));
#2429 = VECTOR('',#2430,1.);
#2430 = DIRECTION('',(1.,0.,0.));
#2431 = ORIENTED_EDGE('',*,*,#657,.F.);
#2432 = ORIENTED_EDGE('',*,*,#2433,.T.);
#2433 = EDGE_CURVE('',#658,#2434,#2436,.T.);
#2434 = VERTEX_POINT('',#2435);
#2435 = CARTESIAN_POINT('',(3.13,5.E-02,-1.675));
#2436 = LINE('',#2437,#2438);
#2437 = CARTESIAN_POINT('',(1.565,5.E-02,-1.675));
#2438 = VECTOR('',#2439,1.);
#2439 = DIRECTION('',(-1.,0.,0.));
#2440 = ORIENTED_EDGE('',*,*,#2441,.T.);
#2441 = EDGE_CURVE('',#2434,#2442,#2444,.T.);
#2442 = VERTEX_POINT('',#2443);
#2443 = CARTESIAN_POINT('',(3.13,5.E-02,-1.925));
#2444 = CIRCLE('',#2445,0.125);
#2445 = AXIS2_PLACEMENT_3D('',#2446,#2447,#2448);
#2446 = CARTESIAN_POINT('',(3.13,5.E-02,-1.8));
#2447 = DIRECTION('',(0.,-1.,2.22044604925E-16));
#2448 = DIRECTION('',(1.,0.,0.));
#2449 = ORIENTED_EDGE('',*,*,#2450,.T.);
#2450 = EDGE_CURVE('',#2442,#682,#2451,.T.);
#2451 = LINE('',#2452,#2453);
#2452 = CARTESIAN_POINT('',(1.75,5.E-02,-1.925));
#2453 = VECTOR('',#2454,1.);
#2454 = DIRECTION('',(1.,0.,0.));
#2455 = ORIENTED_EDGE('',*,*,#689,.F.);
#2456 = ORIENTED_EDGE('',*,*,#2457,.T.);
#2457 = EDGE_CURVE('',#690,#2458,#2460,.T.);
#2458 = VERTEX_POINT('',#2459);
#2459 = CARTESIAN_POINT('',(3.13,5.E-02,-2.075));
#2460 = LINE('',#2461,#2462);
#2461 = CARTESIAN_POINT('',(1.565,5.E-02,-2.075));
#2462 = VECTOR('',#2463,1.);
#2463 = DIRECTION('',(-1.,0.,0.));
#2464 = ORIENTED_EDGE('',*,*,#2465,.T.);
#2465 = EDGE_CURVE('',#2458,#2466,#2468,.T.);
#2466 = VERTEX_POINT('',#2467);
#2467 = CARTESIAN_POINT('',(3.13,5.E-02,-2.325));
#2468 = CIRCLE('',#2469,0.125);
#2469 = AXIS2_PLACEMENT_3D('',#2470,#2471,#2472);
#2470 = CARTESIAN_POINT('',(3.13,5.E-02,-2.2));
#2471 = DIRECTION('',(0.,-1.,2.22044604925E-16));
#2472 = DIRECTION('',(1.,0.,0.));
#2473 = ORIENTED_EDGE('',*,*,#2474,.T.);
#2474 = EDGE_CURVE('',#2466,#714,#2475,.T.);
#2475 = LINE('',#2476,#2477);
#2476 = CARTESIAN_POINT('',(1.75,5.E-02,-2.325));
#2477 = VECTOR('',#2478,1.);
#2478 = DIRECTION('',(1.,0.,0.));
#2479 = ORIENTED_EDGE('',*,*,#721,.F.);
#2480 = ORIENTED_EDGE('',*,*,#2481,.T.);
#2481 = EDGE_CURVE('',#722,#2482,#2484,.T.);
#2482 = VERTEX_POINT('',#2483);
#2483 = CARTESIAN_POINT('',(3.13,5.E-02,-2.475));
#2484 = LINE('',#2485,#2486);
#2485 = CARTESIAN_POINT('',(1.565,5.E-02,-2.475));
#2486 = VECTOR('',#2487,1.);
#2487 = DIRECTION('',(-1.,0.,0.));
#2488 = ORIENTED_EDGE('',*,*,#2489,.T.);
#2489 = EDGE_CURVE('',#2482,#2490,#2492,.T.);
#2490 = VERTEX_POINT('',#2491);
#2491 = CARTESIAN_POINT('',(3.13,5.E-02,-2.725));
#2492 = CIRCLE('',#2493,0.125);
#2493 = AXIS2_PLACEMENT_3D('',#2494,#2495,#2496);
#2494 = CARTESIAN_POINT('',(3.13,5.E-02,-2.6));
#2495 = DIRECTION('',(0.,-1.,2.22044604925E-16));
#2496 = DIRECTION('',(1.,0.,0.));
#2497 = ORIENTED_EDGE('',*,*,#2498,.T.);
#2498 = EDGE_CURVE('',#2490,#274,#2499,.T.);
#2499 = LINE('',#2500,#2501);
#2500 = CARTESIAN_POINT('',(1.75,5.E-02,-2.725));
#2501 = VECTOR('',#2502,1.);
#2502 = DIRECTION('',(1.,0.,0.));
#2503 = PLANE('',#2504);
#2504 = AXIS2_PLACEMENT_3D('',#2505,#2506,#2507);
#2505 = CARTESIAN_POINT('',(0.,5.E-02,-1.387778780781E-17));
#2506 = DIRECTION('',(0.,1.,0.));
#2507 = DIRECTION('',(0.,0.,1.));
#2508 = ADVANCED_FACE('',(#2509),#2527,.T.);
#2509 = FACE_BOUND('',#2510,.T.);
#2510 = EDGE_LOOP('',(#2511,#2512,#2513,#2521));
#2511 = ORIENTED_EDGE('',*,*,#2498,.T.);
#2512 = ORIENTED_EDGE('',*,*,#745,.T.);
#2513 = ORIENTED_EDGE('',*,*,#2514,.T.);
#2514 = EDGE_CURVE('',#738,#2515,#2517,.T.);
#2515 = VERTEX_POINT('',#2516);
#2516 = CARTESIAN_POINT('',(3.13,0.2,-2.725));
#2517 = LINE('',#2518,#2519);
#2518 = CARTESIAN_POINT('',(3.5,0.2,-2.725));
#2519 = VECTOR('',#2520,1.);
#2520 = DIRECTION('',(-1.,0.,0.));
#2521 = ORIENTED_EDGE('',*,*,#2522,.F.);
#2522 = EDGE_CURVE('',#2490,#2515,#2523,.T.);
#2523 = LINE('',#2524,#2525);
#2524 = CARTESIAN_POINT('',(3.13,-6.050715484207E-16,-2.725));
#2525 = VECTOR('',#2526,1.);
#2526 = DIRECTION('',(0.,1.,-2.22044604925E-16));
#2527 = PLANE('',#2528);
#2528 = AXIS2_PLACEMENT_3D('',#2529,#2530,#2531);
#2529 = CARTESIAN_POINT('',(3.5,-6.050715484207E-16,-2.725));
#2530 = DIRECTION('',(0.,2.22044604925E-16,1.));
#2531 = DIRECTION('',(-1.,0.,0.));
#2532 = ADVANCED_FACE('',(#2533),#2552,.F.);
#2533 = FACE_BOUND('',#2534,.F.);
#2534 = EDGE_LOOP('',(#2535,#2536,#2537,#2546));
#2535 = ORIENTED_EDGE('',*,*,#737,.T.);
#2536 = ORIENTED_EDGE('',*,*,#2514,.T.);
#2537 = ORIENTED_EDGE('',*,*,#2538,.F.);
#2538 = EDGE_CURVE('',#2539,#2515,#2541,.T.);
#2539 = VERTEX_POINT('',#2540);
#2540 = CARTESIAN_POINT('',(3.13,0.2,-2.475));
#2541 = CIRCLE('',#2542,0.125);
#2542 = AXIS2_PLACEMENT_3D('',#2543,#2544,#2545);
#2543 = CARTESIAN_POINT('',(3.13,0.2,-2.6));
#2544 = DIRECTION('',(0.,-1.,2.22044604925E-16));
#2545 = DIRECTION('',(1.,0.,0.));
#2546 = ORIENTED_EDGE('',*,*,#2547,.T.);
#2547 = EDGE_CURVE('',#2539,#730,#2548,.T.);
#2548 = LINE('',#2549,#2550);
#2549 = CARTESIAN_POINT('',(3.13,0.2,-2.475));
#2550 = VECTOR('',#2551,1.);
#2551 = DIRECTION('',(1.,0.,0.));
#2552 = PLANE('',#2553);
#2553 = AXIS2_PLACEMENT_3D('',#2554,#2555,#2556);
#2554 = CARTESIAN_POINT('',(3.278232019144,0.2,-2.6));
#2555 = DIRECTION('',(0.,1.,0.));
#2556 = DIRECTION('',(0.,0.,1.));
#2557 = ADVANCED_FACE('',(#2558),#2569,.T.);
#2558 = FACE_BOUND('',#2559,.T.);
#2559 = EDGE_LOOP('',(#2560,#2561,#2567,#2568));
#2560 = ORIENTED_EDGE('',*,*,#2481,.T.);
#2561 = ORIENTED_EDGE('',*,*,#2562,.T.);
#2562 = EDGE_CURVE('',#2482,#2539,#2563,.T.);
#2563 = LINE('',#2564,#2565);
#2564 = CARTESIAN_POINT('',(3.13,-5.495603971895E-16,-2.475));
#2565 = VECTOR('',#2566,1.);
#2566 = DIRECTION('',(0.,1.,-2.22044604925E-16));
#2567 = ORIENTED_EDGE('',*,*,#2547,.T.);
#2568 = ORIENTED_EDGE('',*,*,#729,.F.);
#2569 = PLANE('',#2570);
#2570 = AXIS2_PLACEMENT_3D('',#2571,#2572,#2573);
#2571 = CARTESIAN_POINT('',(3.13,-5.495603971895E-16,-2.475));
#2572 = DIRECTION('',(0.,-2.22044604925E-16,-1.));
#2573 = DIRECTION('',(1.,0.,0.));
#2574 = ADVANCED_FACE('',(#2575),#2593,.T.);
#2575 = FACE_BOUND('',#2576,.T.);
#2576 = EDGE_LOOP('',(#2577,#2578,#2579,#2587));
#2577 = ORIENTED_EDGE('',*,*,#2474,.T.);
#2578 = ORIENTED_EDGE('',*,*,#713,.T.);
#2579 = ORIENTED_EDGE('',*,*,#2580,.T.);
#2580 = EDGE_CURVE('',#706,#2581,#2583,.T.);
#2581 = VERTEX_POINT('',#2582);
#2582 = CARTESIAN_POINT('',(3.13,0.2,-2.325));
#2583 = LINE('',#2584,#2585);
#2584 = CARTESIAN_POINT('',(3.5,0.2,-2.325));
#2585 = VECTOR('',#2586,1.);
#2586 = DIRECTION('',(-1.,0.,0.));
#2587 = ORIENTED_EDGE('',*,*,#2588,.F.);
#2588 = EDGE_CURVE('',#2466,#2581,#2589,.T.);
#2589 = LINE('',#2590,#2591);
#2590 = CARTESIAN_POINT('',(3.13,-5.551115123126E-16,-2.325));
#2591 = VECTOR('',#2592,1.);
#2592 = DIRECTION('',(0.,1.,-2.22044604925E-16));
#2593 = PLANE('',#2594);
#2594 = AXIS2_PLACEMENT_3D('',#2595,#2596,#2597);
#2595 = CARTESIAN_POINT('',(3.5,-5.551115123126E-16,-2.325));
#2596 = DIRECTION('',(0.,2.22044604925E-16,1.));
#2597 = DIRECTION('',(-1.,0.,0.));
#2598 = ADVANCED_FACE('',(#2599),#2618,.F.);
#2599 = FACE_BOUND('',#2600,.F.);
#2600 = EDGE_LOOP('',(#2601,#2602,#2603,#2612));
#2601 = ORIENTED_EDGE('',*,*,#705,.T.);
#2602 = ORIENTED_EDGE('',*,*,#2580,.T.);
#2603 = ORIENTED_EDGE('',*,*,#2604,.F.);
#2604 = EDGE_CURVE('',#2605,#2581,#2607,.T.);
#2605 = VERTEX_POINT('',#2606);
#2606 = CARTESIAN_POINT('',(3.13,0.2,-2.075));
#2607 = CIRCLE('',#2608,0.125);
#2608 = AXIS2_PLACEMENT_3D('',#2609,#2610,#2611);
#2609 = CARTESIAN_POINT('',(3.13,0.2,-2.2));
#2610 = DIRECTION('',(0.,-1.,2.22044604925E-16));
#2611 = DIRECTION('',(1.,0.,0.));
#2612 = ORIENTED_EDGE('',*,*,#2613,.T.);
#2613 = EDGE_CURVE('',#2605,#698,#2614,.T.);
#2614 = LINE('',#2615,#2616);
#2615 = CARTESIAN_POINT('',(3.13,0.2,-2.075));
#2616 = VECTOR('',#2617,1.);
#2617 = DIRECTION('',(1.,0.,0.));
#2618 = PLANE('',#2619);
#2619 = AXIS2_PLACEMENT_3D('',#2620,#2621,#2622);
#2620 = CARTESIAN_POINT('',(3.278232019144,0.2,-2.2));
#2621 = DIRECTION('',(0.,1.,0.));
#2622 = DIRECTION('',(0.,0.,1.));
#2623 = ADVANCED_FACE('',(#2624),#2635,.T.);
#2624 = FACE_BOUND('',#2625,.T.);
#2625 = EDGE_LOOP('',(#2626,#2627,#2633,#2634));
#2626 = ORIENTED_EDGE('',*,*,#2457,.T.);
#2627 = ORIENTED_EDGE('',*,*,#2628,.T.);
#2628 = EDGE_CURVE('',#2458,#2605,#2629,.T.);
#2629 = LINE('',#2630,#2631);
#2630 = CARTESIAN_POINT('',(3.13,-4.996003610813E-16,-2.075));
#2631 = VECTOR('',#2632,1.);
#2632 = DIRECTION('',(0.,1.,-2.22044604925E-16));
#2633 = ORIENTED_EDGE('',*,*,#2613,.T.);
#2634 = ORIENTED_EDGE('',*,*,#697,.F.);
#2635 = PLANE('',#2636);
#2636 = AXIS2_PLACEMENT_3D('',#2637,#2638,#2639);
#2637 = CARTESIAN_POINT('',(3.13,-4.996003610813E-16,-2.075));
#2638 = DIRECTION('',(0.,-2.22044604925E-16,-1.));
#2639 = DIRECTION('',(1.,0.,0.));
#2640 = ADVANCED_FACE('',(#2641),#2659,.T.);
#2641 = FACE_BOUND('',#2642,.T.);
#2642 = EDGE_LOOP('',(#2643,#2644,#2645,#2653));
#2643 = ORIENTED_EDGE('',*,*,#2450,.T.);
#2644 = ORIENTED_EDGE('',*,*,#681,.T.);
#2645 = ORIENTED_EDGE('',*,*,#2646,.T.);
#2646 = EDGE_CURVE('',#674,#2647,#2649,.T.);
#2647 = VERTEX_POINT('',#2648);
#2648 = CARTESIAN_POINT('',(3.13,0.2,-1.925));
#2649 = LINE('',#2650,#2651);
#2650 = CARTESIAN_POINT('',(3.5,0.2,-1.925));
#2651 = VECTOR('',#2652,1.);
#2652 = DIRECTION('',(-1.,0.,0.));
#2653 = ORIENTED_EDGE('',*,*,#2654,.F.);
#2654 = EDGE_CURVE('',#2442,#2647,#2655,.T.);
#2655 = LINE('',#2656,#2657);
#2656 = CARTESIAN_POINT('',(3.13,-4.440892098501E-16,-1.925));
#2657 = VECTOR('',#2658,1.);
#2658 = DIRECTION('',(0.,1.,-2.22044604925E-16));
#2659 = PLANE('',#2660);
#2660 = AXIS2_PLACEMENT_3D('',#2661,#2662,#2663);
#2661 = CARTESIAN_POINT('',(3.5,-4.440892098501E-16,-1.925));
#2662 = DIRECTION('',(0.,2.22044604925E-16,1.));
#2663 = DIRECTION('',(-1.,0.,0.));
#2664 = ADVANCED_FACE('',(#2665),#2684,.F.);
#2665 = FACE_BOUND('',#2666,.F.);
#2666 = EDGE_LOOP('',(#2667,#2668,#2669,#2678));
#2667 = ORIENTED_EDGE('',*,*,#673,.T.);
#2668 = ORIENTED_EDGE('',*,*,#2646,.T.);
#2669 = ORIENTED_EDGE('',*,*,#2670,.F.);
#2670 = EDGE_CURVE('',#2671,#2647,#2673,.T.);
#2671 = VERTEX_POINT('',#2672);
#2672 = CARTESIAN_POINT('',(3.13,0.2,-1.675));
#2673 = CIRCLE('',#2674,0.125);
#2674 = AXIS2_PLACEMENT_3D('',#2675,#2676,#2677);
#2675 = CARTESIAN_POINT('',(3.13,0.2,-1.8));
#2676 = DIRECTION('',(0.,-1.,2.22044604925E-16));
#2677 = DIRECTION('',(1.,0.,0.));
#2678 = ORIENTED_EDGE('',*,*,#2679,.T.);
#2679 = EDGE_CURVE('',#2671,#666,#2680,.T.);
#2680 = LINE('',#2681,#2682);
#2681 = CARTESIAN_POINT('',(3.13,0.2,-1.675));
#2682 = VECTOR('',#2683,1.);
#2683 = DIRECTION('',(1.,0.,0.));
#2684 = PLANE('',#2685);
#2685 = AXIS2_PLACEMENT_3D('',#2686,#2687,#2688);
#2686 = CARTESIAN_POINT('',(3.278232019144,0.2,-1.8));
#2687 = DIRECTION('',(0.,1.,0.));
#2688 = DIRECTION('',(0.,0.,1.));
#2689 = ADVANCED_FACE('',(#2690),#2701,.T.);
#2690 = FACE_BOUND('',#2691,.T.);
#2691 = EDGE_LOOP('',(#2692,#2693,#2699,#2700));
#2692 = ORIENTED_EDGE('',*,*,#2433,.T.);
#2693 = ORIENTED_EDGE('',*,*,#2694,.T.);
#2694 = EDGE_CURVE('',#2434,#2671,#2695,.T.);
#2695 = LINE('',#2696,#2697);
#2696 = CARTESIAN_POINT('',(3.13,-4.440892098501E-16,-1.675));
#2697 = VECTOR('',#2698,1.);
#2698 = DIRECTION('',(0.,1.,-2.22044604925E-16));
#2699 = ORIENTED_EDGE('',*,*,#2679,.T.);
#2700 = ORIENTED_EDGE('',*,*,#665,.F.);
#2701 = PLANE('',#2702);
#2702 = AXIS2_PLACEMENT_3D('',#2703,#2704,#2705);
#2703 = CARTESIAN_POINT('',(3.13,-4.440892098501E-16,-1.675));
#2704 = DIRECTION('',(0.,-2.22044604925E-16,-1.));
#2705 = DIRECTION('',(1.,0.,0.));
#2706 = ADVANCED_FACE('',(#2707),#2725,.T.);
#2707 = FACE_BOUND('',#2708,.T.);
#2708 = EDGE_LOOP('',(#2709,#2710,#2711,#2719));
#2709 = ORIENTED_EDGE('',*,*,#2426,.T.);
#2710 = ORIENTED_EDGE('',*,*,#649,.T.);
#2711 = ORIENTED_EDGE('',*,*,#2712,.T.);
#2712 = EDGE_CURVE('',#642,#2713,#2715,.T.);
#2713 = VERTEX_POINT('',#2714);
#2714 = CARTESIAN_POINT('',(3.13,0.2,-1.525));
#2715 = LINE('',#2716,#2717);
#2716 = CARTESIAN_POINT('',(3.5,0.2,-1.525));
#2717 = VECTOR('',#2718,1.);
#2718 = DIRECTION('',(-1.,0.,0.));
#2719 = ORIENTED_EDGE('',*,*,#2720,.F.);
#2720 = EDGE_CURVE('',#2418,#2713,#2721,.T.);
#2721 = LINE('',#2722,#2723);
#2722 = CARTESIAN_POINT('',(3.13,-4.440892098501E-16,-1.525));
#2723 = VECTOR('',#2724,1.);
#2724 = DIRECTION('',(0.,1.,-2.22044604925E-16));
#2725 = PLANE('',#2726);
#2726 = AXIS2_PLACEMENT_3D('',#2727,#2728,#2729);
#2727 = CARTESIAN_POINT('',(3.5,-4.440892098501E-16,-1.525));
#2728 = DIRECTION('',(0.,2.22044604925E-16,1.));
#2729 = DIRECTION('',(-1.,0.,0.));
#2730 = ADVANCED_FACE('',(#2731),#2750,.F.);
#2731 = FACE_BOUND('',#2732,.F.);
#2732 = EDGE_LOOP('',(#2733,#2734,#2735,#2744));
#2733 = ORIENTED_EDGE('',*,*,#641,.T.);
#2734 = ORIENTED_EDGE('',*,*,#2712,.T.);
#2735 = ORIENTED_EDGE('',*,*,#2736,.F.);
#2736 = EDGE_CURVE('',#2737,#2713,#2739,.T.);
#2737 = VERTEX_POINT('',#2738);
#2738 = CARTESIAN_POINT('',(3.13,0.2,-1.275));
#2739 = CIRCLE('',#2740,0.125);
#2740 = AXIS2_PLACEMENT_3D('',#2741,#2742,#2743);
#2741 = CARTESIAN_POINT('',(3.13,0.2,-1.4));
#2742 = DIRECTION('',(0.,-1.,2.22044604925E-16));
#2743 = DIRECTION('',(1.,0.,0.));
#2744 = ORIENTED_EDGE('',*,*,#2745,.T.);
#2745 = EDGE_CURVE('',#2737,#634,#2746,.T.);
#2746 = LINE('',#2747,#2748);
#2747 = CARTESIAN_POINT('',(3.13,0.2,-1.275));
#2748 = VECTOR('',#2749,1.);
#2749 = DIRECTION('',(1.,0.,0.));
#2750 = PLANE('',#2751);
#2751 = AXIS2_PLACEMENT_3D('',#2752,#2753,#2754);
#2752 = CARTESIAN_POINT('',(3.278232019144,0.2,-1.4));
#2753 = DIRECTION('',(0.,1.,0.));
#2754 = DIRECTION('',(0.,0.,1.));
#2755 = ADVANCED_FACE('',(#2756),#2767,.T.);
#2756 = FACE_BOUND('',#2757,.T.);
#2757 = EDGE_LOOP('',(#2758,#2759,#2765,#2766));
#2758 = ORIENTED_EDGE('',*,*,#2409,.T.);
#2759 = ORIENTED_EDGE('',*,*,#2760,.T.);
#2760 = EDGE_CURVE('',#2410,#2737,#2761,.T.);
#2761 = LINE('',#2762,#2763);
#2762 = CARTESIAN_POINT('',(3.13,-2.22044604925E-16,-1.275));
#2763 = VECTOR('',#2764,1.);
#2764 = DIRECTION('',(0.,1.,-2.22044604925E-16));
#2765 = ORIENTED_EDGE('',*,*,#2745,.T.);
#2766 = ORIENTED_EDGE('',*,*,#633,.F.);
#2767 = PLANE('',#2768);
#2768 = AXIS2_PLACEMENT_3D('',#2769,#2770,#2771);
#2769 = CARTESIAN_POINT('',(3.13,-2.22044604925E-16,-1.275));
#2770 = DIRECTION('',(0.,-2.22044604925E-16,-1.));
#2771 = DIRECTION('',(1.,0.,0.));
#2772 = ADVANCED_FACE('',(#2773),#2791,.T.);
#2773 = FACE_BOUND('',#2774,.T.);
#2774 = EDGE_LOOP('',(#2775,#2776,#2777,#2785));
#2775 = ORIENTED_EDGE('',*,*,#2402,.T.);
#2776 = ORIENTED_EDGE('',*,*,#617,.T.);
#2777 = ORIENTED_EDGE('',*,*,#2778,.T.);
#2778 = EDGE_CURVE('',#610,#2779,#2781,.T.);
#2779 = VERTEX_POINT('',#2780);
#2780 = CARTESIAN_POINT('',(3.13,0.2,-1.125));
#2781 = LINE('',#2782,#2783);
#2782 = CARTESIAN_POINT('',(3.5,0.2,-1.125));
#2783 = VECTOR('',#2784,1.);
#2784 = DIRECTION('',(-1.,0.,0.));
#2785 = ORIENTED_EDGE('',*,*,#2786,.F.);
#2786 = EDGE_CURVE('',#2394,#2779,#2787,.T.);
#2787 = LINE('',#2788,#2789);
#2788 = CARTESIAN_POINT('',(3.13,-4.440892098501E-16,-1.125));
#2789 = VECTOR('',#2790,1.);
#2790 = DIRECTION('',(0.,1.,-2.22044604925E-16));
#2791 = PLANE('',#2792);
#2792 = AXIS2_PLACEMENT_3D('',#2793,#2794,#2795);
#2793 = CARTESIAN_POINT('',(3.5,-4.440892098501E-16,-1.125));
#2794 = DIRECTION('',(0.,2.22044604925E-16,1.));
#2795 = DIRECTION('',(-1.,0.,0.));
#2796 = ADVANCED_FACE('',(#2797),#2816,.F.);
#2797 = FACE_BOUND('',#2798,.F.);
#2798 = EDGE_LOOP('',(#2799,#2800,#2801,#2810));
#2799 = ORIENTED_EDGE('',*,*,#609,.T.);
#2800 = ORIENTED_EDGE('',*,*,#2778,.T.);
#2801 = ORIENTED_EDGE('',*,*,#2802,.F.);
#2802 = EDGE_CURVE('',#2803,#2779,#2805,.T.);
#2803 = VERTEX_POINT('',#2804);
#2804 = CARTESIAN_POINT('',(3.13,0.2,-0.875));
#2805 = CIRCLE('',#2806,0.125);
#2806 = AXIS2_PLACEMENT_3D('',#2807,#2808,#2809);
#2807 = CARTESIAN_POINT('',(3.13,0.2,-1.));
#2808 = DIRECTION('',(0.,-1.,2.22044604925E-16));
#2809 = DIRECTION('',(1.,0.,0.));
#2810 = ORIENTED_EDGE('',*,*,#2811,.T.);
#2811 = EDGE_CURVE('',#2803,#602,#2812,.T.);
#2812 = LINE('',#2813,#2814);
#2813 = CARTESIAN_POINT('',(3.13,0.2,-0.875));
#2814 = VECTOR('',#2815,1.);
#2815 = DIRECTION('',(1.,0.,0.));
#2816 = PLANE('',#2817);
#2817 = AXIS2_PLACEMENT_3D('',#2818,#2819,#2820);
#2818 = CARTESIAN_POINT('',(3.278232019144,0.2,-1.));
#2819 = DIRECTION('',(0.,1.,0.));
#2820 = DIRECTION('',(0.,0.,1.));
#2821 = ADVANCED_FACE('',(#2822),#2833,.T.);
#2822 = FACE_BOUND('',#2823,.T.);
#2823 = EDGE_LOOP('',(#2824,#2825,#2831,#2832));
#2824 = ORIENTED_EDGE('',*,*,#2385,.T.);
#2825 = ORIENTED_EDGE('',*,*,#2826,.T.);
#2826 = EDGE_CURVE('',#2386,#2803,#2827,.T.);
#2827 = LINE('',#2828,#2829);
#2828 = CARTESIAN_POINT('',(3.13,-2.22044604925E-16,-0.875));
#2829 = VECTOR('',#2830,1.);
#2830 = DIRECTION('',(0.,1.,-2.22044604925E-16));
#2831 = ORIENTED_EDGE('',*,*,#2811,.T.);
#2832 = ORIENTED_EDGE('',*,*,#601,.F.);
#2833 = PLANE('',#2834);
#2834 = AXIS2_PLACEMENT_3D('',#2835,#2836,#2837);
#2835 = CARTESIAN_POINT('',(3.13,-2.22044604925E-16,-0.875));
#2836 = DIRECTION('',(0.,-2.22044604925E-16,-1.));
#2837 = DIRECTION('',(1.,0.,0.));
#2838 = ADVANCED_FACE('',(#2839),#2857,.T.);
#2839 = FACE_BOUND('',#2840,.T.);
#2840 = EDGE_LOOP('',(#2841,#2842,#2843,#2851));
#2841 = ORIENTED_EDGE('',*,*,#2378,.T.);
#2842 = ORIENTED_EDGE('',*,*,#585,.T.);
#2843 = ORIENTED_EDGE('',*,*,#2844,.T.);
#2844 = EDGE_CURVE('',#578,#2845,#2847,.T.);
#2845 = VERTEX_POINT('',#2846);
#2846 = CARTESIAN_POINT('',(3.13,0.2,-0.725));
#2847 = LINE('',#2848,#2849);
#2848 = CARTESIAN_POINT('',(3.5,0.2,-0.725));
#2849 = VECTOR('',#2850,1.);
#2850 = DIRECTION('',(-1.,0.,0.));
#2851 = ORIENTED_EDGE('',*,*,#2852,.F.);
#2852 = EDGE_CURVE('',#2370,#2845,#2853,.T.);
#2853 = LINE('',#2854,#2855);
#2854 = CARTESIAN_POINT('',(3.13,-4.440892098501E-16,-0.725));
#2855 = VECTOR('',#2856,1.);
#2856 = DIRECTION('',(0.,1.,-2.22044604925E-16));
#2857 = PLANE('',#2858);
#2858 = AXIS2_PLACEMENT_3D('',#2859,#2860,#2861);
#2859 = CARTESIAN_POINT('',(3.5,-4.440892098501E-16,-0.725));
#2860 = DIRECTION('',(0.,2.22044604925E-16,1.));
#2861 = DIRECTION('',(-1.,0.,0.));
#2862 = ADVANCED_FACE('',(#2863),#2882,.F.);
#2863 = FACE_BOUND('',#2864,.F.);
#2864 = EDGE_LOOP('',(#2865,#2866,#2867,#2876));
#2865 = ORIENTED_EDGE('',*,*,#577,.T.);
#2866 = ORIENTED_EDGE('',*,*,#2844,.T.);
#2867 = ORIENTED_EDGE('',*,*,#2868,.F.);
#2868 = EDGE_CURVE('',#2869,#2845,#2871,.T.);
#2869 = VERTEX_POINT('',#2870);
#2870 = CARTESIAN_POINT('',(3.13,0.2,-0.475));
#2871 = CIRCLE('',#2872,0.125);
#2872 = AXIS2_PLACEMENT_3D('',#2873,#2874,#2875);
#2873 = CARTESIAN_POINT('',(3.13,0.2,-0.6));
#2874 = DIRECTION('',(0.,-1.,2.22044604925E-16));
#2875 = DIRECTION('',(1.,0.,0.));
#2876 = ORIENTED_EDGE('',*,*,#2877,.T.);
#2877 = EDGE_CURVE('',#2869,#570,#2878,.T.);
#2878 = LINE('',#2879,#2880);
#2879 = CARTESIAN_POINT('',(3.13,0.2,-0.475));
#2880 = VECTOR('',#2881,1.);
#2881 = DIRECTION('',(1.,0.,0.));
#2882 = PLANE('',#2883);
#2883 = AXIS2_PLACEMENT_3D('',#2884,#2885,#2886);
#2884 = CARTESIAN_POINT('',(3.278232019144,0.2,-0.6));
#2885 = DIRECTION('',(0.,1.,0.));
#2886 = DIRECTION('',(0.,0.,1.));
#2887 = ADVANCED_FACE('',(#2888),#2899,.T.);
#2888 = FACE_BOUND('',#2889,.T.);
#2889 = EDGE_LOOP('',(#2890,#2891,#2897,#2898));
#2890 = ORIENTED_EDGE('',*,*,#2361,.T.);
#2891 = ORIENTED_EDGE('',*,*,#2892,.T.);
#2892 = EDGE_CURVE('',#2362,#2869,#2893,.T.);
#2893 = LINE('',#2894,#2895);
#2894 = CARTESIAN_POINT('',(3.13,-4.440892098501E-16,-0.475));
#2895 = VECTOR('',#2896,1.);
#2896 = DIRECTION('',(0.,1.,-2.22044604925E-16));
#2897 = ORIENTED_EDGE('',*,*,#2877,.T.);
#2898 = ORIENTED_EDGE('',*,*,#569,.F.);
#2899 = PLANE('',#2900);
#2900 = AXIS2_PLACEMENT_3D('',#2901,#2902,#2903);
#2901 = CARTESIAN_POINT('',(3.13,-4.440892098501E-16,-0.475));
#2902 = DIRECTION('',(0.,-2.22044604925E-16,-1.));
#2903 = DIRECTION('',(1.,0.,0.));
#2904 = ADVANCED_FACE('',(#2905),#2923,.T.);
#2905 = FACE_BOUND('',#2906,.T.);
#2906 = EDGE_LOOP('',(#2907,#2908,#2909,#2917));
#2907 = ORIENTED_EDGE('',*,*,#2354,.T.);
#2908 = ORIENTED_EDGE('',*,*,#553,.T.);
#2909 = ORIENTED_EDGE('',*,*,#2910,.T.);
#2910 = EDGE_CURVE('',#546,#2911,#2913,.T.);
#2911 = VERTEX_POINT('',#2912);
#2912 = CARTESIAN_POINT('',(3.13,0.2,-0.325));
#2913 = LINE('',#2914,#2915);
#2914 = CARTESIAN_POINT('',(3.5,0.2,-0.325));
#2915 = VECTOR('',#2916,1.);
#2916 = DIRECTION('',(-1.,0.,0.));
#2917 = ORIENTED_EDGE('',*,*,#2918,.F.);
#2918 = EDGE_CURVE('',#2346,#2911,#2919,.T.);
#2919 = LINE('',#2920,#2921);
#2920 = CARTESIAN_POINT('',(3.13,0.,-0.325));
#2921 = VECTOR('',#2922,1.);
#2922 = DIRECTION('',(0.,1.,-2.22044604925E-16));
#2923 = PLANE('',#2924);
#2924 = AXIS2_PLACEMENT_3D('',#2925,#2926,#2927);
#2925 = CARTESIAN_POINT('',(3.5,0.,-0.325));
#2926 = DIRECTION('',(0.,2.22044604925E-16,1.));
#2927 = DIRECTION('',(-1.,0.,0.));
#2928 = ADVANCED_FACE('',(#2929),#2948,.F.);
#2929 = FACE_BOUND('',#2930,.F.);
#2930 = EDGE_LOOP('',(#2931,#2932,#2933,#2942));
#2931 = ORIENTED_EDGE('',*,*,#545,.T.);
#2932 = ORIENTED_EDGE('',*,*,#2910,.T.);
#2933 = ORIENTED_EDGE('',*,*,#2934,.F.);
#2934 = EDGE_CURVE('',#2935,#2911,#2937,.T.);
#2935 = VERTEX_POINT('',#2936);
#2936 = CARTESIAN_POINT('',(3.13,0.2,-7.5E-02));
#2937 = CIRCLE('',#2938,0.125);
#2938 = AXIS2_PLACEMENT_3D('',#2939,#2940,#2941);
#2939 = CARTESIAN_POINT('',(3.13,0.2,-0.2));
#2940 = DIRECTION('',(0.,-1.,2.22044604925E-16));
#2941 = DIRECTION('',(1.,0.,0.));
#2942 = ORIENTED_EDGE('',*,*,#2943,.T.);
#2943 = EDGE_CURVE('',#2935,#538,#2944,.T.);
#2944 = LINE('',#2945,#2946);
#2945 = CARTESIAN_POINT('',(3.13,0.2,-7.5E-02));
#2946 = VECTOR('',#2947,1.);
#2947 = DIRECTION('',(1.,0.,0.));
#2948 = PLANE('',#2949);
#2949 = AXIS2_PLACEMENT_3D('',#2950,#2951,#2952);
#2950 = CARTESIAN_POINT('',(3.278232019144,0.2,-0.2));
#2951 = DIRECTION('',(0.,1.,0.));
#2952 = DIRECTION('',(0.,0.,1.));
#2953 = ADVANCED_FACE('',(#2954),#2965,.T.);
#2954 = FACE_BOUND('',#2955,.T.);
#2955 = EDGE_LOOP('',(#2956,#2957,#2963,#2964));
#2956 = ORIENTED_EDGE('',*,*,#2337,.T.);
#2957 = ORIENTED_EDGE('',*,*,#2958,.T.);
#2958 = EDGE_CURVE('',#2338,#2935,#2959,.T.);
#2959 = LINE('',#2960,#2961);
#2960 = CARTESIAN_POINT('',(3.13,0.,-7.5E-02));
#2961 = VECTOR('',#2962,1.);
#2962 = DIRECTION('',(0.,1.,-2.22044604925E-16));
#2963 = ORIENTED_EDGE('',*,*,#2943,.T.);
#2964 = ORIENTED_EDGE('',*,*,#537,.F.);
#2965 = PLANE('',#2966);
#2966 = AXIS2_PLACEMENT_3D('',#2967,#2968,#2969);
#2967 = CARTESIAN_POINT('',(3.13,0.,-7.5E-02));
#2968 = DIRECTION('',(0.,-2.22044604925E-16,-1.));
#2969 = DIRECTION('',(1.,0.,0.));
#2970 = ADVANCED_FACE('',(#2971),#2989,.T.);
#2971 = FACE_BOUND('',#2972,.T.);
#2972 = EDGE_LOOP('',(#2973,#2974,#2975,#2983));
#2973 = ORIENTED_EDGE('',*,*,#2330,.T.);
#2974 = ORIENTED_EDGE('',*,*,#521,.T.);
#2975 = ORIENTED_EDGE('',*,*,#2976,.T.);
#2976 = EDGE_CURVE('',#514,#2977,#2979,.T.);
#2977 = VERTEX_POINT('',#2978);
#2978 = CARTESIAN_POINT('',(3.13,0.2,7.5E-02));
#2979 = LINE('',#2980,#2981);
#2980 = CARTESIAN_POINT('',(3.5,0.2,7.5E-02));
#2981 = VECTOR('',#2982,1.);
#2982 = DIRECTION('',(-1.,0.,0.));
#2983 = ORIENTED_EDGE('',*,*,#2984,.F.);
#2984 = EDGE_CURVE('',#2322,#2977,#2985,.T.);
#2985 = LINE('',#2986,#2987);
#2986 = CARTESIAN_POINT('',(3.13,0.,7.5E-02));
#2987 = VECTOR('',#2988,1.);
#2988 = DIRECTION('',(0.,1.,-2.22044604925E-16));
#2989 = PLANE('',#2990);
#2990 = AXIS2_PLACEMENT_3D('',#2991,#2992,#2993);
#2991 = CARTESIAN_POINT('',(3.5,0.,7.5E-02));
#2992 = DIRECTION('',(0.,2.22044604925E-16,1.));
#2993 = DIRECTION('',(-1.,0.,0.));
#2994 = ADVANCED_FACE('',(#2995),#3014,.F.);
#2995 = FACE_BOUND('',#2996,.F.);
#2996 = EDGE_LOOP('',(#2997,#2998,#2999,#3008));
#2997 = ORIENTED_EDGE('',*,*,#513,.T.);
#2998 = ORIENTED_EDGE('',*,*,#2976,.T.);
#2999 = ORIENTED_EDGE('',*,*,#3000,.F.);
#3000 = EDGE_CURVE('',#3001,#2977,#3003,.T.);
#3001 = VERTEX_POINT('',#3002);
#3002 = CARTESIAN_POINT('',(3.13,0.2,0.325));
#3003 = CIRCLE('',#3004,0.125);
#3004 = AXIS2_PLACEMENT_3D('',#3005,#3006,#3007);
#3005 = CARTESIAN_POINT('',(3.13,0.2,0.2));
#3006 = DIRECTION('',(0.,-1.,2.22044604925E-16));
#3007 = DIRECTION('',(1.,0.,0.));
#3008 = ORIENTED_EDGE('',*,*,#3009,.T.);
#3009 = EDGE_CURVE('',#3001,#506,#3010,.T.);
#3010 = LINE('',#3011,#3012);
#3011 = CARTESIAN_POINT('',(3.13,0.2,0.325));
#3012 = VECTOR('',#3013,1.);
#3013 = DIRECTION('',(1.,0.,0.));
#3014 = PLANE('',#3015);
#3015 = AXIS2_PLACEMENT_3D('',#3016,#3017,#3018);
#3016 = CARTESIAN_POINT('',(3.278232019144,0.2,0.2));
#3017 = DIRECTION('',(0.,1.,0.));
#3018 = DIRECTION('',(0.,0.,1.));
#3019 = ADVANCED_FACE('',(#3020),#3031,.T.);
#3020 = FACE_BOUND('',#3021,.T.);
#3021 = EDGE_LOOP('',(#3022,#3023,#3029,#3030));
#3022 = ORIENTED_EDGE('',*,*,#2313,.T.);
#3023 = ORIENTED_EDGE('',*,*,#3024,.T.);
#3024 = EDGE_CURVE('',#2314,#3001,#3025,.T.);
#3025 = LINE('',#3026,#3027);
#3026 = CARTESIAN_POINT('',(3.13,0.,0.325));
#3027 = VECTOR('',#3028,1.);
#3028 = DIRECTION('',(0.,1.,-2.22044604925E-16));
#3029 = ORIENTED_EDGE('',*,*,#3009,.T.);
#3030 = ORIENTED_EDGE('',*,*,#505,.F.);
#3031 = PLANE('',#3032);
#3032 = AXIS2_PLACEMENT_3D('',#3033,#3034,#3035);
#3033 = CARTESIAN_POINT('',(3.13,0.,0.325));
#3034 = DIRECTION('',(0.,-2.22044604925E-16,-1.));
#3035 = DIRECTION('',(1.,0.,0.));
#3036 = ADVANCED_FACE('',(#3037),#3055,.T.);
#3037 = FACE_BOUND('',#3038,.T.);
#3038 = EDGE_LOOP('',(#3039,#3040,#3041,#3049));
#3039 = ORIENTED_EDGE('',*,*,#2306,.T.);
#3040 = ORIENTED_EDGE('',*,*,#489,.T.);
#3041 = ORIENTED_EDGE('',*,*,#3042,.T.);
#3042 = EDGE_CURVE('',#482,#3043,#3045,.T.);
#3043 = VERTEX_POINT('',#3044);
#3044 = CARTESIAN_POINT('',(3.13,0.2,0.475));
#3045 = LINE('',#3046,#3047);
#3046 = CARTESIAN_POINT('',(3.5,0.2,0.475));
#3047 = VECTOR('',#3048,1.);
#3048 = DIRECTION('',(-1.,0.,0.));
#3049 = ORIENTED_EDGE('',*,*,#3050,.F.);
#3050 = EDGE_CURVE('',#2298,#3043,#3051,.T.);
#3051 = LINE('',#3052,#3053);
#3052 = CARTESIAN_POINT('',(3.13,0.,0.475));
#3053 = VECTOR('',#3054,1.);
#3054 = DIRECTION('',(0.,1.,-2.22044604925E-16));
#3055 = PLANE('',#3056);
#3056 = AXIS2_PLACEMENT_3D('',#3057,#3058,#3059);
#3057 = CARTESIAN_POINT('',(3.5,0.,0.475));
#3058 = DIRECTION('',(0.,2.22044604925E-16,1.));
#3059 = DIRECTION('',(-1.,0.,0.));
#3060 = ADVANCED_FACE('',(#3061),#3080,.F.);
#3061 = FACE_BOUND('',#3062,.F.);
#3062 = EDGE_LOOP('',(#3063,#3064,#3065,#3074));
#3063 = ORIENTED_EDGE('',*,*,#481,.T.);
#3064 = ORIENTED_EDGE('',*,*,#3042,.T.);
#3065 = ORIENTED_EDGE('',*,*,#3066,.F.);
#3066 = EDGE_CURVE('',#3067,#3043,#3069,.T.);
#3067 = VERTEX_POINT('',#3068);
#3068 = CARTESIAN_POINT('',(3.13,0.2,0.725));
#3069 = CIRCLE('',#3070,0.125);
#3070 = AXIS2_PLACEMENT_3D('',#3071,#3072,#3073);
#3071 = CARTESIAN_POINT('',(3.13,0.2,0.6));
#3072 = DIRECTION('',(0.,-1.,2.22044604925E-16));
#3073 = DIRECTION('',(1.,0.,0.));
#3074 = ORIENTED_EDGE('',*,*,#3075,.T.);
#3075 = EDGE_CURVE('',#3067,#474,#3076,.T.);
#3076 = LINE('',#3077,#3078);
#3077 = CARTESIAN_POINT('',(3.13,0.2,0.725));
#3078 = VECTOR('',#3079,1.);
#3079 = DIRECTION('',(1.,0.,0.));
#3080 = PLANE('',#3081);
#3081 = AXIS2_PLACEMENT_3D('',#3082,#3083,#3084);
#3082 = CARTESIAN_POINT('',(3.278232019144,0.2,0.6));
#3083 = DIRECTION('',(0.,1.,0.));
#3084 = DIRECTION('',(0.,0.,1.));
#3085 = ADVANCED_FACE('',(#3086),#3097,.T.);
#3086 = FACE_BOUND('',#3087,.T.);
#3087 = EDGE_LOOP('',(#3088,#3089,#3095,#3096));
#3088 = ORIENTED_EDGE('',*,*,#2289,.T.);
#3089 = ORIENTED_EDGE('',*,*,#3090,.T.);
#3090 = EDGE_CURVE('',#2290,#3067,#3091,.T.);
#3091 = LINE('',#3092,#3093);
#3092 = CARTESIAN_POINT('',(3.13,0.,0.725));
#3093 = VECTOR('',#3094,1.);
#3094 = DIRECTION('',(0.,1.,-2.22044604925E-16));
#3095 = ORIENTED_EDGE('',*,*,#3075,.T.);
#3096 = ORIENTED_EDGE('',*,*,#473,.F.);
#3097 = PLANE('',#3098);
#3098 = AXIS2_PLACEMENT_3D('',#3099,#3100,#3101);
#3099 = CARTESIAN_POINT('',(3.13,0.,0.725));
#3100 = DIRECTION('',(0.,-2.22044604925E-16,-1.));
#3101 = DIRECTION('',(1.,0.,0.));
#3102 = ADVANCED_FACE('',(#3103),#3121,.T.);
#3103 = FACE_BOUND('',#3104,.T.);
#3104 = EDGE_LOOP('',(#3105,#3106,#3107,#3115));
#3105 = ORIENTED_EDGE('',*,*,#2282,.T.);
#3106 = ORIENTED_EDGE('',*,*,#457,.T.);
#3107 = ORIENTED_EDGE('',*,*,#3108,.T.);
#3108 = EDGE_CURVE('',#450,#3109,#3111,.T.);
#3109 = VERTEX_POINT('',#3110);
#3110 = CARTESIAN_POINT('',(3.13,0.2,0.875));
#3111 = LINE('',#3112,#3113);
#3112 = CARTESIAN_POINT('',(3.5,0.2,0.875));
#3113 = VECTOR('',#3114,1.);
#3114 = DIRECTION('',(-1.,0.,0.));
#3115 = ORIENTED_EDGE('',*,*,#3116,.F.);
#3116 = EDGE_CURVE('',#2274,#3109,#3117,.T.);
#3117 = LINE('',#3118,#3119);
#3118 = CARTESIAN_POINT('',(3.13,0.,0.875));
#3119 = VECTOR('',#3120,1.);
#3120 = DIRECTION('',(0.,1.,-2.22044604925E-16));
#3121 = PLANE('',#3122);
#3122 = AXIS2_PLACEMENT_3D('',#3123,#3124,#3125);
#3123 = CARTESIAN_POINT('',(3.5,0.,0.875));
#3124 = DIRECTION('',(0.,2.22044604925E-16,1.));
#3125 = DIRECTION('',(-1.,0.,0.));
#3126 = ADVANCED_FACE('',(#3127),#3146,.F.);
#3127 = FACE_BOUND('',#3128,.F.);
#3128 = EDGE_LOOP('',(#3129,#3130,#3131,#3140));
#3129 = ORIENTED_EDGE('',*,*,#449,.T.);
#3130 = ORIENTED_EDGE('',*,*,#3108,.T.);
#3131 = ORIENTED_EDGE('',*,*,#3132,.F.);
#3132 = EDGE_CURVE('',#3133,#3109,#3135,.T.);
#3133 = VERTEX_POINT('',#3134);
#3134 = CARTESIAN_POINT('',(3.13,0.2,1.125));
#3135 = CIRCLE('',#3136,0.125);
#3136 = AXIS2_PLACEMENT_3D('',#3137,#3138,#3139);
#3137 = CARTESIAN_POINT('',(3.13,0.2,1.));
#3138 = DIRECTION('',(0.,-1.,2.22044604925E-16));
#3139 = DIRECTION('',(1.,0.,0.));
#3140 = ORIENTED_EDGE('',*,*,#3141,.T.);
#3141 = EDGE_CURVE('',#3133,#442,#3142,.T.);
#3142 = LINE('',#3143,#3144);
#3143 = CARTESIAN_POINT('',(3.13,0.2,1.125));
#3144 = VECTOR('',#3145,1.);
#3145 = DIRECTION('',(1.,0.,0.));
#3146 = PLANE('',#3147);
#3147 = AXIS2_PLACEMENT_3D('',#3148,#3149,#3150);
#3148 = CARTESIAN_POINT('',(3.278232019144,0.2,1.));
#3149 = DIRECTION('',(0.,1.,0.));
#3150 = DIRECTION('',(0.,0.,1.));
#3151 = ADVANCED_FACE('',(#3152),#3163,.T.);
#3152 = FACE_BOUND('',#3153,.T.);
#3153 = EDGE_LOOP('',(#3154,#3155,#3161,#3162));
#3154 = ORIENTED_EDGE('',*,*,#2265,.T.);
#3155 = ORIENTED_EDGE('',*,*,#3156,.T.);
#3156 = EDGE_CURVE('',#2266,#3133,#3157,.T.);
#3157 = LINE('',#3158,#3159);
#3158 = CARTESIAN_POINT('',(3.13,0.,1.125));
#3159 = VECTOR('',#3160,1.);
#3160 = DIRECTION('',(0.,1.,-2.22044604925E-16));
#3161 = ORIENTED_EDGE('',*,*,#3141,.T.);
#3162 = ORIENTED_EDGE('',*,*,#441,.F.);
#3163 = PLANE('',#3164);
#3164 = AXIS2_PLACEMENT_3D('',#3165,#3166,#3167);
#3165 = CARTESIAN_POINT('',(3.13,0.,1.125));
#3166 = DIRECTION('',(0.,-2.22044604925E-16,-1.));
#3167 = DIRECTION('',(1.,0.,0.));
#3168 = ADVANCED_FACE('',(#3169),#3187,.T.);
#3169 = FACE_BOUND('',#3170,.T.);
#3170 = EDGE_LOOP('',(#3171,#3172,#3173,#3181));
#3171 = ORIENTED_EDGE('',*,*,#2258,.T.);
#3172 = ORIENTED_EDGE('',*,*,#425,.T.);
#3173 = ORIENTED_EDGE('',*,*,#3174,.T.);
#3174 = EDGE_CURVE('',#418,#3175,#3177,.T.);
#3175 = VERTEX_POINT('',#3176);
#3176 = CARTESIAN_POINT('',(3.13,0.2,1.275));
#3177 = LINE('',#3178,#3179);
#3178 = CARTESIAN_POINT('',(3.5,0.2,1.275));
#3179 = VECTOR('',#3180,1.);
#3180 = DIRECTION('',(-1.,0.,0.));
#3181 = ORIENTED_EDGE('',*,*,#3182,.F.);
#3182 = EDGE_CURVE('',#2250,#3175,#3183,.T.);
#3183 = LINE('',#3184,#3185);
#3184 = CARTESIAN_POINT('',(3.13,0.,1.275));
#3185 = VECTOR('',#3186,1.);
#3186 = DIRECTION('',(0.,1.,-2.22044604925E-16));
#3187 = PLANE('',#3188);
#3188 = AXIS2_PLACEMENT_3D('',#3189,#3190,#3191);
#3189 = CARTESIAN_POINT('',(3.5,0.,1.275));
#3190 = DIRECTION('',(0.,2.22044604925E-16,1.));
#3191 = DIRECTION('',(-1.,0.,0.));
#3192 = ADVANCED_FACE('',(#3193),#3212,.F.);
#3193 = FACE_BOUND('',#3194,.F.);
#3194 = EDGE_LOOP('',(#3195,#3196,#3197,#3206));
#3195 = ORIENTED_EDGE('',*,*,#417,.T.);
#3196 = ORIENTED_EDGE('',*,*,#3174,.T.);
#3197 = ORIENTED_EDGE('',*,*,#3198,.F.);
#3198 = EDGE_CURVE('',#3199,#3175,#3201,.T.);
#3199 = VERTEX_POINT('',#3200);
#3200 = CARTESIAN_POINT('',(3.13,0.2,1.525));
#3201 = CIRCLE('',#3202,0.125);
#3202 = AXIS2_PLACEMENT_3D('',#3203,#3204,#3205);
#3203 = CARTESIAN_POINT('',(3.13,0.2,1.4));
#3204 = DIRECTION('',(0.,-1.,2.22044604925E-16));
#3205 = DIRECTION('',(1.,0.,0.));
#3206 = ORIENTED_EDGE('',*,*,#3207,.T.);
#3207 = EDGE_CURVE('',#3199,#410,#3208,.T.);
#3208 = LINE('',#3209,#3210);
#3209 = CARTESIAN_POINT('',(3.13,0.2,1.525));
#3210 = VECTOR('',#3211,1.);
#3211 = DIRECTION('',(1.,0.,0.));
#3212 = PLANE('',#3213);
#3213 = AXIS2_PLACEMENT_3D('',#3214,#3215,#3216);
#3214 = CARTESIAN_POINT('',(3.278232019144,0.2,1.4));
#3215 = DIRECTION('',(0.,1.,0.));
#3216 = DIRECTION('',(0.,0.,1.));
#3217 = ADVANCED_FACE('',(#3218),#3229,.T.);
#3218 = FACE_BOUND('',#3219,.T.);
#3219 = EDGE_LOOP('',(#3220,#3221,#3227,#3228));
#3220 = ORIENTED_EDGE('',*,*,#2241,.T.);
#3221 = ORIENTED_EDGE('',*,*,#3222,.T.);
#3222 = EDGE_CURVE('',#2242,#3199,#3223,.T.);
#3223 = LINE('',#3224,#3225);
#3224 = CARTESIAN_POINT('',(3.13,0.,1.525));
#3225 = VECTOR('',#3226,1.);
#3226 = DIRECTION('',(0.,1.,-2.22044604925E-16));
#3227 = ORIENTED_EDGE('',*,*,#3207,.T.);
#3228 = ORIENTED_EDGE('',*,*,#409,.F.);
#3229 = PLANE('',#3230);
#3230 = AXIS2_PLACEMENT_3D('',#3231,#3232,#3233);
#3231 = CARTESIAN_POINT('',(3.13,0.,1.525));
#3232 = DIRECTION('',(0.,-2.22044604925E-16,-1.));
#3233 = DIRECTION('',(1.,0.,0.));
#3234 = ADVANCED_FACE('',(#3235),#3253,.T.);
#3235 = FACE_BOUND('',#3236,.T.);
#3236 = EDGE_LOOP('',(#3237,#3238,#3239,#3247));
#3237 = ORIENTED_EDGE('',*,*,#2234,.T.);
#3238 = ORIENTED_EDGE('',*,*,#393,.T.);
#3239 = ORIENTED_EDGE('',*,*,#3240,.T.);
#3240 = EDGE_CURVE('',#386,#3241,#3243,.T.);
#3241 = VERTEX_POINT('',#3242);
#3242 = CARTESIAN_POINT('',(3.13,0.2,1.675));
#3243 = LINE('',#3244,#3245);
#3244 = CARTESIAN_POINT('',(3.5,0.2,1.675));
#3245 = VECTOR('',#3246,1.);
#3246 = DIRECTION('',(-1.,0.,0.));
#3247 = ORIENTED_EDGE('',*,*,#3248,.F.);
#3248 = EDGE_CURVE('',#2226,#3241,#3249,.T.);
#3249 = LINE('',#3250,#3251);
#3250 = CARTESIAN_POINT('',(3.13,0.,1.675));
#3251 = VECTOR('',#3252,1.);
#3252 = DIRECTION('',(0.,1.,-2.22044604925E-16));
#3253 = PLANE('',#3254);
#3254 = AXIS2_PLACEMENT_3D('',#3255,#3256,#3257);
#3255 = CARTESIAN_POINT('',(3.5,0.,1.675));
#3256 = DIRECTION('',(0.,2.22044604925E-16,1.));
#3257 = DIRECTION('',(-1.,0.,0.));
#3258 = ADVANCED_FACE('',(#3259),#3278,.F.);
#3259 = FACE_BOUND('',#3260,.F.);
#3260 = EDGE_LOOP('',(#3261,#3262,#3263,#3272));
#3261 = ORIENTED_EDGE('',*,*,#385,.T.);
#3262 = ORIENTED_EDGE('',*,*,#3240,.T.);
#3263 = ORIENTED_EDGE('',*,*,#3264,.F.);
#3264 = EDGE_CURVE('',#3265,#3241,#3267,.T.);
#3265 = VERTEX_POINT('',#3266);
#3266 = CARTESIAN_POINT('',(3.13,0.2,1.925));
#3267 = CIRCLE('',#3268,0.125);
#3268 = AXIS2_PLACEMENT_3D('',#3269,#3270,#3271);
#3269 = CARTESIAN_POINT('',(3.13,0.2,1.8));
#3270 = DIRECTION('',(0.,-1.,2.22044604925E-16));
#3271 = DIRECTION('',(1.,0.,0.));
#3272 = ORIENTED_EDGE('',*,*,#3273,.T.);
#3273 = EDGE_CURVE('',#3265,#378,#3274,.T.);
#3274 = LINE('',#3275,#3276);
#3275 = CARTESIAN_POINT('',(3.13,0.2,1.925));
#3276 = VECTOR('',#3277,1.);
#3277 = DIRECTION('',(1.,0.,0.));
#3278 = PLANE('',#3279);
#3279 = AXIS2_PLACEMENT_3D('',#3280,#3281,#3282);
#3280 = CARTESIAN_POINT('',(3.278232019144,0.2,1.8));
#3281 = DIRECTION('',(0.,1.,0.));
#3282 = DIRECTION('',(0.,0.,1.));
#3283 = ADVANCED_FACE('',(#3284),#3295,.T.);
#3284 = FACE_BOUND('',#3285,.T.);
#3285 = EDGE_LOOP('',(#3286,#3287,#3293,#3294));
#3286 = ORIENTED_EDGE('',*,*,#2217,.T.);
#3287 = ORIENTED_EDGE('',*,*,#3288,.T.);
#3288 = EDGE_CURVE('',#2218,#3265,#3289,.T.);
#3289 = LINE('',#3290,#3291);
#3290 = CARTESIAN_POINT('',(3.13,0.,1.925));
#3291 = VECTOR('',#3292,1.);
#3292 = DIRECTION('',(0.,1.,-2.22044604925E-16));
#3293 = ORIENTED_EDGE('',*,*,#3273,.T.);
#3294 = ORIENTED_EDGE('',*,*,#377,.F.);
#3295 = PLANE('',#3296);
#3296 = AXIS2_PLACEMENT_3D('',#3297,#3298,#3299);
#3297 = CARTESIAN_POINT('',(3.13,0.,1.925));
#3298 = DIRECTION('',(0.,-2.22044604925E-16,-1.));
#3299 = DIRECTION('',(1.,0.,0.));
#3300 = ADVANCED_FACE('',(#3301),#3319,.T.);
#3301 = FACE_BOUND('',#3302,.T.);
#3302 = EDGE_LOOP('',(#3303,#3304,#3305,#3313));
#3303 = ORIENTED_EDGE('',*,*,#2210,.T.);
#3304 = ORIENTED_EDGE('',*,*,#361,.T.);
#3305 = ORIENTED_EDGE('',*,*,#3306,.T.);
#3306 = EDGE_CURVE('',#354,#3307,#3309,.T.);
#3307 = VERTEX_POINT('',#3308);
#3308 = CARTESIAN_POINT('',(3.13,0.2,2.075));
#3309 = LINE('',#3310,#3311);
#3310 = CARTESIAN_POINT('',(3.5,0.2,2.075));
#3311 = VECTOR('',#3312,1.);
#3312 = DIRECTION('',(-1.,0.,0.));
#3313 = ORIENTED_EDGE('',*,*,#3314,.F.);
#3314 = EDGE_CURVE('',#2202,#3307,#3315,.T.);
#3315 = LINE('',#3316,#3317);
#3316 = CARTESIAN_POINT('',(3.13,0.,2.075));
#3317 = VECTOR('',#3318,1.);
#3318 = DIRECTION('',(0.,1.,-2.22044604925E-16));
#3319 = PLANE('',#3320);
#3320 = AXIS2_PLACEMENT_3D('',#3321,#3322,#3323);
#3321 = CARTESIAN_POINT('',(3.5,0.,2.075));
#3322 = DIRECTION('',(0.,2.22044604925E-16,1.));
#3323 = DIRECTION('',(-1.,0.,0.));
#3324 = ADVANCED_FACE('',(#3325),#3344,.F.);
#3325 = FACE_BOUND('',#3326,.F.);
#3326 = EDGE_LOOP('',(#3327,#3328,#3329,#3338));
#3327 = ORIENTED_EDGE('',*,*,#353,.T.);
#3328 = ORIENTED_EDGE('',*,*,#3306,.T.);
#3329 = ORIENTED_EDGE('',*,*,#3330,.F.);
#3330 = EDGE_CURVE('',#3331,#3307,#3333,.T.);
#3331 = VERTEX_POINT('',#3332);
#3332 = CARTESIAN_POINT('',(3.13,0.2,2.325));
#3333 = CIRCLE('',#3334,0.125);
#3334 = AXIS2_PLACEMENT_3D('',#3335,#3336,#3337);
#3335 = CARTESIAN_POINT('',(3.13,0.2,2.2));
#3336 = DIRECTION('',(0.,-1.,2.22044604925E-16));
#3337 = DIRECTION('',(1.,0.,0.));
#3338 = ORIENTED_EDGE('',*,*,#3339,.T.);
#3339 = EDGE_CURVE('',#3331,#346,#3340,.T.);
#3340 = LINE('',#3341,#3342);
#3341 = CARTESIAN_POINT('',(3.13,0.2,2.325));
#3342 = VECTOR('',#3343,1.);
#3343 = DIRECTION('',(1.,0.,0.));
#3344 = PLANE('',#3345);
#3345 = AXIS2_PLACEMENT_3D('',#3346,#3347,#3348);
#3346 = CARTESIAN_POINT('',(3.278232019144,0.2,2.2));
#3347 = DIRECTION('',(0.,1.,0.));
#3348 = DIRECTION('',(0.,0.,1.));
#3349 = ADVANCED_FACE('',(#3350),#3361,.T.);
#3350 = FACE_BOUND('',#3351,.T.);
#3351 = EDGE_LOOP('',(#3352,#3353,#3359,#3360));
#3352 = ORIENTED_EDGE('',*,*,#2193,.T.);
#3353 = ORIENTED_EDGE('',*,*,#3354,.T.);
#3354 = EDGE_CURVE('',#2194,#3331,#3355,.T.);
#3355 = LINE('',#3356,#3357);
#3356 = CARTESIAN_POINT('',(3.13,0.,2.325));
#3357 = VECTOR('',#3358,1.);
#3358 = DIRECTION('',(0.,1.,-2.22044604925E-16));
#3359 = ORIENTED_EDGE('',*,*,#3339,.T.);
#3360 = ORIENTED_EDGE('',*,*,#345,.F.);
#3361 = PLANE('',#3362);
#3362 = AXIS2_PLACEMENT_3D('',#3363,#3364,#3365);
#3363 = CARTESIAN_POINT('',(3.13,0.,2.325));
#3364 = DIRECTION('',(0.,-2.22044604925E-16,-1.));
#3365 = DIRECTION('',(1.,0.,0.));
#3366 = ADVANCED_FACE('',(#3367),#3385,.T.);
#3367 = FACE_BOUND('',#3368,.T.);
#3368 = EDGE_LOOP('',(#3369,#3370,#3371,#3379));
#3369 = ORIENTED_EDGE('',*,*,#2186,.T.);
#3370 = ORIENTED_EDGE('',*,*,#329,.T.);
#3371 = ORIENTED_EDGE('',*,*,#3372,.T.);
#3372 = EDGE_CURVE('',#322,#3373,#3375,.T.);
#3373 = VERTEX_POINT('',#3374);
#3374 = CARTESIAN_POINT('',(3.13,0.2,2.475));
#3375 = LINE('',#3376,#3377);
#3376 = CARTESIAN_POINT('',(3.5,0.2,2.475));
#3377 = VECTOR('',#3378,1.);
#3378 = DIRECTION('',(-1.,0.,0.));
#3379 = ORIENTED_EDGE('',*,*,#3380,.F.);
#3380 = EDGE_CURVE('',#2178,#3373,#3381,.T.);
#3381 = LINE('',#3382,#3383);
#3382 = CARTESIAN_POINT('',(3.13,0.,2.475));
#3383 = VECTOR('',#3384,1.);
#3384 = DIRECTION('',(0.,1.,-2.22044604925E-16));
#3385 = PLANE('',#3386);
#3386 = AXIS2_PLACEMENT_3D('',#3387,#3388,#3389);
#3387 = CARTESIAN_POINT('',(3.5,0.,2.475));
#3388 = DIRECTION('',(0.,2.22044604925E-16,1.));
#3389 = DIRECTION('',(-1.,0.,0.));
#3390 = ADVANCED_FACE('',(#3391),#3410,.F.);
#3391 = FACE_BOUND('',#3392,.F.);
#3392 = EDGE_LOOP('',(#3393,#3394,#3395,#3404));
#3393 = ORIENTED_EDGE('',*,*,#321,.T.);
#3394 = ORIENTED_EDGE('',*,*,#3372,.T.);
#3395 = ORIENTED_EDGE('',*,*,#3396,.F.);
#3396 = EDGE_CURVE('',#3397,#3373,#3399,.T.);
#3397 = VERTEX_POINT('',#3398);
#3398 = CARTESIAN_POINT('',(3.13,0.2,2.725));
#3399 = CIRCLE('',#3400,0.125);
#3400 = AXIS2_PLACEMENT_3D('',#3401,#3402,#3403);
#3401 = CARTESIAN_POINT('',(3.13,0.2,2.6));
#3402 = DIRECTION('',(0.,-1.,2.22044604925E-16));
#3403 = DIRECTION('',(1.,0.,0.));
#3404 = ORIENTED_EDGE('',*,*,#3405,.T.);
#3405 = EDGE_CURVE('',#3397,#314,#3406,.T.);
#3406 = LINE('',#3407,#3408);
#3407 = CARTESIAN_POINT('',(3.13,0.2,2.725));
#3408 = VECTOR('',#3409,1.);
#3409 = DIRECTION('',(1.,0.,0.));
#3410 = PLANE('',#3411);
#3411 = AXIS2_PLACEMENT_3D('',#3412,#3413,#3414);
#3412 = CARTESIAN_POINT('',(3.278232019144,0.2,2.6));
#3413 = DIRECTION('',(0.,1.,0.));
#3414 = DIRECTION('',(0.,0.,1.));
#3415 = ADVANCED_FACE('',(#3416),#3427,.T.);
#3416 = FACE_BOUND('',#3417,.T.);
#3417 = EDGE_LOOP('',(#3418,#3419,#3425,#3426));
#3418 = ORIENTED_EDGE('',*,*,#2169,.T.);
#3419 = ORIENTED_EDGE('',*,*,#3420,.T.);
#3420 = EDGE_CURVE('',#2170,#3397,#3421,.T.);
#3421 = LINE('',#3422,#3423);
#3422 = CARTESIAN_POINT('',(3.13,0.,2.725));
#3423 = VECTOR('',#3424,1.);
#3424 = DIRECTION('',(0.,1.,-2.22044604925E-16));
#3425 = ORIENTED_EDGE('',*,*,#3405,.T.);
#3426 = ORIENTED_EDGE('',*,*,#313,.F.);
#3427 = PLANE('',#3428);
#3428 = AXIS2_PLACEMENT_3D('',#3429,#3430,#3431);
#3429 = CARTESIAN_POINT('',(3.13,0.,2.725));
#3430 = DIRECTION('',(0.,-2.22044604925E-16,-1.));
#3431 = DIRECTION('',(1.,0.,0.));
#3432 = ADVANCED_FACE('',(#3433),#3773,.T.);
#3433 = FACE_BOUND('',#3434,.T.);
#3434 = EDGE_LOOP('',(#3435,#3436,#3437,#3445,#3451,#3452,#3460,#3468,
    #3474,#3475,#3483,#3491,#3497,#3498,#3506,#3514,#3520,#3521,#3529,
    #3537,#3543,#3544,#3552,#3560,#3566,#3567,#3575,#3583,#3589,#3590,
    #3598,#3606,#3612,#3613,#3621,#3629,#3635,#3636,#3644,#3652,#3658,
    #3659,#3667,#3675,#3681,#3682,#3690,#3698,#3704,#3705,#3713,#3721,
    #3727,#3728,#3736,#3744,#3750,#3751,#3759,#3767));
#3435 = ORIENTED_EDGE('',*,*,#2162,.F.);
#3436 = ORIENTED_EDGE('',*,*,#297,.T.);
#3437 = ORIENTED_EDGE('',*,*,#3438,.T.);
#3438 = EDGE_CURVE('',#290,#3439,#3441,.T.);
#3439 = VERTEX_POINT('',#3440);
#3440 = CARTESIAN_POINT('',(-3.5,1.,3.5));
#3441 = LINE('',#3442,#3443);
#3442 = CARTESIAN_POINT('',(3.5,1.,3.5));
#3443 = VECTOR('',#3444,1.);
#3444 = DIRECTION('',(-1.,0.,0.));
#3445 = ORIENTED_EDGE('',*,*,#3446,.F.);
#3446 = EDGE_CURVE('',#1693,#3439,#3447,.T.);
#3447 = LINE('',#3448,#3449);
#3448 = CARTESIAN_POINT('',(-3.5,7.771561172376E-16,3.5));
#3449 = VECTOR('',#3450,1.);
#3450 = DIRECTION('',(0.,1.,-2.22044604925E-16));
#3451 = ORIENTED_EDGE('',*,*,#1700,.F.);
#3452 = ORIENTED_EDGE('',*,*,#3453,.T.);
#3453 = EDGE_CURVE('',#1701,#3454,#3456,.T.);
#3454 = VERTEX_POINT('',#3455);
#3455 = CARTESIAN_POINT('',(-2.725,0.2,3.5));
#3456 = LINE('',#3457,#3458);
#3457 = CARTESIAN_POINT('',(-2.725,7.771561172376E-16,3.5));
#3458 = VECTOR('',#3459,1.);
#3459 = DIRECTION('',(0.,1.,-2.22044604925E-16));
#3460 = ORIENTED_EDGE('',*,*,#3461,.T.);
#3461 = EDGE_CURVE('',#3454,#3462,#3464,.T.);
#3462 = VERTEX_POINT('',#3463);
#3463 = CARTESIAN_POINT('',(-2.475,0.2,3.5));
#3464 = LINE('',#3465,#3466);
#3465 = CARTESIAN_POINT('',(-2.725,0.2,3.5));
#3466 = VECTOR('',#3467,1.);
#3467 = DIRECTION('',(1.,0.,0.));
#3468 = ORIENTED_EDGE('',*,*,#3469,.F.);
#3469 = EDGE_CURVE('',#1726,#3462,#3470,.T.);
#3470 = LINE('',#3471,#3472);
#3471 = CARTESIAN_POINT('',(-2.475,7.771561172376E-16,3.5));
#3472 = VECTOR('',#3473,1.);
#3473 = DIRECTION('',(0.,1.,-2.22044604925E-16));
#3474 = ORIENTED_EDGE('',*,*,#1733,.F.);
#3475 = ORIENTED_EDGE('',*,*,#3476,.T.);
#3476 = EDGE_CURVE('',#1734,#3477,#3479,.T.);
#3477 = VERTEX_POINT('',#3478);
#3478 = CARTESIAN_POINT('',(-2.325,0.2,3.5));
#3479 = LINE('',#3480,#3481);
#3480 = CARTESIAN_POINT('',(-2.325,7.771561172376E-16,3.5));
#3481 = VECTOR('',#3482,1.);
#3482 = DIRECTION('',(0.,1.,-2.22044604925E-16));
#3483 = ORIENTED_EDGE('',*,*,#3484,.T.);
#3484 = EDGE_CURVE('',#3477,#3485,#3487,.T.);
#3485 = VERTEX_POINT('',#3486);
#3486 = CARTESIAN_POINT('',(-2.075,0.2,3.5));
#3487 = LINE('',#3488,#3489);
#3488 = CARTESIAN_POINT('',(-2.325,0.2,3.5));
#3489 = VECTOR('',#3490,1.);
#3490 = DIRECTION('',(1.,0.,0.));
#3491 = ORIENTED_EDGE('',*,*,#3492,.F.);
#3492 = EDGE_CURVE('',#1759,#3485,#3493,.T.);
#3493 = LINE('',#3494,#3495);
#3494 = CARTESIAN_POINT('',(-2.075,7.771561172376E-16,3.5));
#3495 = VECTOR('',#3496,1.);
#3496 = DIRECTION('',(0.,1.,-2.22044604925E-16));
#3497 = ORIENTED_EDGE('',*,*,#1766,.F.);
#3498 = ORIENTED_EDGE('',*,*,#3499,.T.);
#3499 = EDGE_CURVE('',#1767,#3500,#3502,.T.);
#3500 = VERTEX_POINT('',#3501);
#3501 = CARTESIAN_POINT('',(-1.925,0.2,3.5));
#3502 = LINE('',#3503,#3504);
#3503 = CARTESIAN_POINT('',(-1.925,7.771561172376E-16,3.5));
#3504 = VECTOR('',#3505,1.);
#3505 = DIRECTION('',(0.,1.,-2.22044604925E-16));
#3506 = ORIENTED_EDGE('',*,*,#3507,.T.);
#3507 = EDGE_CURVE('',#3500,#3508,#3510,.T.);
#3508 = VERTEX_POINT('',#3509);
#3509 = CARTESIAN_POINT('',(-1.675,0.2,3.5));
#3510 = LINE('',#3511,#3512);
#3511 = CARTESIAN_POINT('',(-1.925,0.2,3.5));
#3512 = VECTOR('',#3513,1.);
#3513 = DIRECTION('',(1.,0.,0.));
#3514 = ORIENTED_EDGE('',*,*,#3515,.F.);
#3515 = EDGE_CURVE('',#1792,#3508,#3516,.T.);
#3516 = LINE('',#3517,#3518);
#3517 = CARTESIAN_POINT('',(-1.675,7.771561172376E-16,3.5));
#3518 = VECTOR('',#3519,1.);
#3519 = DIRECTION('',(0.,1.,-2.22044604925E-16));
#3520 = ORIENTED_EDGE('',*,*,#1799,.F.);
#3521 = ORIENTED_EDGE('',*,*,#3522,.T.);
#3522 = EDGE_CURVE('',#1800,#3523,#3525,.T.);
#3523 = VERTEX_POINT('',#3524);
#3524 = CARTESIAN_POINT('',(-1.525,0.2,3.5));
#3525 = LINE('',#3526,#3527);
#3526 = CARTESIAN_POINT('',(-1.525,7.771561172376E-16,3.5));
#3527 = VECTOR('',#3528,1.);
#3528 = DIRECTION('',(0.,1.,-2.22044604925E-16));
#3529 = ORIENTED_EDGE('',*,*,#3530,.T.);
#3530 = EDGE_CURVE('',#3523,#3531,#3533,.T.);
#3531 = VERTEX_POINT('',#3532);
#3532 = CARTESIAN_POINT('',(-1.275,0.2,3.5));
#3533 = LINE('',#3534,#3535);
#3534 = CARTESIAN_POINT('',(-1.525,0.2,3.5));
#3535 = VECTOR('',#3536,1.);
#3536 = DIRECTION('',(1.,0.,0.));
#3537 = ORIENTED_EDGE('',*,*,#3538,.F.);
#3538 = EDGE_CURVE('',#1825,#3531,#3539,.T.);
#3539 = LINE('',#3540,#3541);
#3540 = CARTESIAN_POINT('',(-1.275,7.771561172376E-16,3.5));
#3541 = VECTOR('',#3542,1.);
#3542 = DIRECTION('',(0.,1.,-2.22044604925E-16));
#3543 = ORIENTED_EDGE('',*,*,#1832,.F.);
#3544 = ORIENTED_EDGE('',*,*,#3545,.T.);
#3545 = EDGE_CURVE('',#1833,#3546,#3548,.T.);
#3546 = VERTEX_POINT('',#3547);
#3547 = CARTESIAN_POINT('',(-1.125,0.2,3.5));
#3548 = LINE('',#3549,#3550);
#3549 = CARTESIAN_POINT('',(-1.125,7.771561172376E-16,3.5));
#3550 = VECTOR('',#3551,1.);
#3551 = DIRECTION('',(0.,1.,-2.22044604925E-16));
#3552 = ORIENTED_EDGE('',*,*,#3553,.T.);
#3553 = EDGE_CURVE('',#3546,#3554,#3556,.T.);
#3554 = VERTEX_POINT('',#3555);
#3555 = CARTESIAN_POINT('',(-0.875,0.2,3.5));
#3556 = LINE('',#3557,#3558);
#3557 = CARTESIAN_POINT('',(-1.125,0.2,3.5));
#3558 = VECTOR('',#3559,1.);
#3559 = DIRECTION('',(1.,0.,0.));
#3560 = ORIENTED_EDGE('',*,*,#3561,.F.);
#3561 = EDGE_CURVE('',#1858,#3554,#3562,.T.);
#3562 = LINE('',#3563,#3564);
#3563 = CARTESIAN_POINT('',(-0.875,7.771561172376E-16,3.5));
#3564 = VECTOR('',#3565,1.);
#3565 = DIRECTION('',(0.,1.,-2.22044604925E-16));
#3566 = ORIENTED_EDGE('',*,*,#1865,.F.);
#3567 = ORIENTED_EDGE('',*,*,#3568,.T.);
#3568 = EDGE_CURVE('',#1866,#3569,#3571,.T.);
#3569 = VERTEX_POINT('',#3570);
#3570 = CARTESIAN_POINT('',(-0.725,0.2,3.5));
#3571 = LINE('',#3572,#3573);
#3572 = CARTESIAN_POINT('',(-0.725,7.771561172376E-16,3.5));
#3573 = VECTOR('',#3574,1.);
#3574 = DIRECTION('',(0.,1.,-2.22044604925E-16));
#3575 = ORIENTED_EDGE('',*,*,#3576,.T.);
#3576 = EDGE_CURVE('',#3569,#3577,#3579,.T.);
#3577 = VERTEX_POINT('',#3578);
#3578 = CARTESIAN_POINT('',(-0.475,0.2,3.5));
#3579 = LINE('',#3580,#3581);
#3580 = CARTESIAN_POINT('',(-0.725,0.2,3.5));
#3581 = VECTOR('',#3582,1.);
#3582 = DIRECTION('',(1.,0.,0.));
#3583 = ORIENTED_EDGE('',*,*,#3584,.F.);
#3584 = EDGE_CURVE('',#1891,#3577,#3585,.T.);
#3585 = LINE('',#3586,#3587);
#3586 = CARTESIAN_POINT('',(-0.475,7.771561172376E-16,3.5));
#3587 = VECTOR('',#3588,1.);
#3588 = DIRECTION('',(0.,1.,-2.22044604925E-16));
#3589 = ORIENTED_EDGE('',*,*,#1898,.F.);
#3590 = ORIENTED_EDGE('',*,*,#3591,.T.);
#3591 = EDGE_CURVE('',#1899,#3592,#3594,.T.);
#3592 = VERTEX_POINT('',#3593);
#3593 = CARTESIAN_POINT('',(-0.325,0.2,3.5));
#3594 = LINE('',#3595,#3596);
#3595 = CARTESIAN_POINT('',(-0.325,7.771561172376E-16,3.5));
#3596 = VECTOR('',#3597,1.);
#3597 = DIRECTION('',(0.,1.,-2.22044604925E-16));
#3598 = ORIENTED_EDGE('',*,*,#3599,.T.);
#3599 = EDGE_CURVE('',#3592,#3600,#3602,.T.);
#3600 = VERTEX_POINT('',#3601);
#3601 = CARTESIAN_POINT('',(-7.5E-02,0.2,3.5));
#3602 = LINE('',#3603,#3604);
#3603 = CARTESIAN_POINT('',(-0.325,0.2,3.5));
#3604 = VECTOR('',#3605,1.);
#3605 = DIRECTION('',(1.,0.,0.));
#3606 = ORIENTED_EDGE('',*,*,#3607,.F.);
#3607 = EDGE_CURVE('',#1924,#3600,#3608,.T.);
#3608 = LINE('',#3609,#3610);
#3609 = CARTESIAN_POINT('',(-7.5E-02,7.771561172376E-16,3.5));
#3610 = VECTOR('',#3611,1.);
#3611 = DIRECTION('',(0.,1.,-2.22044604925E-16));
#3612 = ORIENTED_EDGE('',*,*,#1931,.F.);
#3613 = ORIENTED_EDGE('',*,*,#3614,.T.);
#3614 = EDGE_CURVE('',#1932,#3615,#3617,.T.);
#3615 = VERTEX_POINT('',#3616);
#3616 = CARTESIAN_POINT('',(7.5E-02,0.2,3.5));
#3617 = LINE('',#3618,#3619);
#3618 = CARTESIAN_POINT('',(7.5E-02,7.771561172376E-16,3.5));
#3619 = VECTOR('',#3620,1.);
#3620 = DIRECTION('',(0.,1.,-2.22044604925E-16));
#3621 = ORIENTED_EDGE('',*,*,#3622,.T.);
#3622 = EDGE_CURVE('',#3615,#3623,#3625,.T.);
#3623 = VERTEX_POINT('',#3624);
#3624 = CARTESIAN_POINT('',(0.325,0.2,3.5));
#3625 = LINE('',#3626,#3627);
#3626 = CARTESIAN_POINT('',(7.5E-02,0.2,3.5));
#3627 = VECTOR('',#3628,1.);
#3628 = DIRECTION('',(1.,0.,0.));
#3629 = ORIENTED_EDGE('',*,*,#3630,.F.);
#3630 = EDGE_CURVE('',#1957,#3623,#3631,.T.);
#3631 = LINE('',#3632,#3633);
#3632 = CARTESIAN_POINT('',(0.325,7.771561172376E-16,3.5));
#3633 = VECTOR('',#3634,1.);
#3634 = DIRECTION('',(0.,1.,-2.22044604925E-16));
#3635 = ORIENTED_EDGE('',*,*,#1964,.F.);
#3636 = ORIENTED_EDGE('',*,*,#3637,.T.);
#3637 = EDGE_CURVE('',#1965,#3638,#3640,.T.);
#3638 = VERTEX_POINT('',#3639);
#3639 = CARTESIAN_POINT('',(0.475,0.2,3.5));
#3640 = LINE('',#3641,#3642);
#3641 = CARTESIAN_POINT('',(0.475,7.771561172376E-16,3.5));
#3642 = VECTOR('',#3643,1.);
#3643 = DIRECTION('',(0.,1.,-2.22044604925E-16));
#3644 = ORIENTED_EDGE('',*,*,#3645,.T.);
#3645 = EDGE_CURVE('',#3638,#3646,#3648,.T.);
#3646 = VERTEX_POINT('',#3647);
#3647 = CARTESIAN_POINT('',(0.725,0.2,3.5));
#3648 = LINE('',#3649,#3650);
#3649 = CARTESIAN_POINT('',(0.475,0.2,3.5));
#3650 = VECTOR('',#3651,1.);
#3651 = DIRECTION('',(1.,0.,0.));
#3652 = ORIENTED_EDGE('',*,*,#3653,.F.);
#3653 = EDGE_CURVE('',#1990,#3646,#3654,.T.);
#3654 = LINE('',#3655,#3656);
#3655 = CARTESIAN_POINT('',(0.725,7.771561172376E-16,3.5));
#3656 = VECTOR('',#3657,1.);
#3657 = DIRECTION('',(0.,1.,-2.22044604925E-16));
#3658 = ORIENTED_EDGE('',*,*,#1997,.F.);
#3659 = ORIENTED_EDGE('',*,*,#3660,.T.);
#3660 = EDGE_CURVE('',#1998,#3661,#3663,.T.);
#3661 = VERTEX_POINT('',#3662);
#3662 = CARTESIAN_POINT('',(0.875,0.2,3.5));
#3663 = LINE('',#3664,#3665);
#3664 = CARTESIAN_POINT('',(0.875,7.771561172376E-16,3.5));
#3665 = VECTOR('',#3666,1.);
#3666 = DIRECTION('',(0.,1.,-2.22044604925E-16));
#3667 = ORIENTED_EDGE('',*,*,#3668,.T.);
#3668 = EDGE_CURVE('',#3661,#3669,#3671,.T.);
#3669 = VERTEX_POINT('',#3670);
#3670 = CARTESIAN_POINT('',(1.125,0.2,3.5));
#3671 = LINE('',#3672,#3673);
#3672 = CARTESIAN_POINT('',(0.875,0.2,3.5));
#3673 = VECTOR('',#3674,1.);
#3674 = DIRECTION('',(1.,0.,0.));
#3675 = ORIENTED_EDGE('',*,*,#3676,.F.);
#3676 = EDGE_CURVE('',#2023,#3669,#3677,.T.);
#3677 = LINE('',#3678,#3679);
#3678 = CARTESIAN_POINT('',(1.125,7.771561172376E-16,3.5));
#3679 = VECTOR('',#3680,1.);
#3680 = DIRECTION('',(0.,1.,-2.22044604925E-16));
#3681 = ORIENTED_EDGE('',*,*,#2030,.F.);
#3682 = ORIENTED_EDGE('',*,*,#3683,.T.);
#3683 = EDGE_CURVE('',#2031,#3684,#3686,.T.);
#3684 = VERTEX_POINT('',#3685);
#3685 = CARTESIAN_POINT('',(1.275,0.2,3.5));
#3686 = LINE('',#3687,#3688);
#3687 = CARTESIAN_POINT('',(1.275,7.771561172376E-16,3.5));
#3688 = VECTOR('',#3689,1.);
#3689 = DIRECTION('',(0.,1.,-2.22044604925E-16));
#3690 = ORIENTED_EDGE('',*,*,#3691,.T.);
#3691 = EDGE_CURVE('',#3684,#3692,#3694,.T.);
#3692 = VERTEX_POINT('',#3693);
#3693 = CARTESIAN_POINT('',(1.525,0.2,3.5));
#3694 = LINE('',#3695,#3696);
#3695 = CARTESIAN_POINT('',(1.275,0.2,3.5));
#3696 = VECTOR('',#3697,1.);
#3697 = DIRECTION('',(1.,0.,0.));
#3698 = ORIENTED_EDGE('',*,*,#3699,.F.);
#3699 = EDGE_CURVE('',#2056,#3692,#3700,.T.);
#3700 = LINE('',#3701,#3702);
#3701 = CARTESIAN_POINT('',(1.525,7.771561172376E-16,3.5));
#3702 = VECTOR('',#3703,1.);
#3703 = DIRECTION('',(0.,1.,-2.22044604925E-16));
#3704 = ORIENTED_EDGE('',*,*,#2063,.F.);
#3705 = ORIENTED_EDGE('',*,*,#3706,.T.);
#3706 = EDGE_CURVE('',#2064,#3707,#3709,.T.);
#3707 = VERTEX_POINT('',#3708);
#3708 = CARTESIAN_POINT('',(1.675,0.2,3.5));
#3709 = LINE('',#3710,#3711);
#3710 = CARTESIAN_POINT('',(1.675,7.771561172376E-16,3.5));
#3711 = VECTOR('',#3712,1.);
#3712 = DIRECTION('',(0.,1.,-2.22044604925E-16));
#3713 = ORIENTED_EDGE('',*,*,#3714,.T.);
#3714 = EDGE_CURVE('',#3707,#3715,#3717,.T.);
#3715 = VERTEX_POINT('',#3716);
#3716 = CARTESIAN_POINT('',(1.925,0.2,3.5));
#3717 = LINE('',#3718,#3719);
#3718 = CARTESIAN_POINT('',(1.675,0.2,3.5));
#3719 = VECTOR('',#3720,1.);
#3720 = DIRECTION('',(1.,0.,0.));
#3721 = ORIENTED_EDGE('',*,*,#3722,.F.);
#3722 = EDGE_CURVE('',#2089,#3715,#3723,.T.);
#3723 = LINE('',#3724,#3725);
#3724 = CARTESIAN_POINT('',(1.925,7.771561172376E-16,3.5));
#3725 = VECTOR('',#3726,1.);
#3726 = DIRECTION('',(0.,1.,-2.22044604925E-16));
#3727 = ORIENTED_EDGE('',*,*,#2096,.F.);
#3728 = ORIENTED_EDGE('',*,*,#3729,.T.);
#3729 = EDGE_CURVE('',#2097,#3730,#3732,.T.);
#3730 = VERTEX_POINT('',#3731);
#3731 = CARTESIAN_POINT('',(2.075,0.2,3.5));
#3732 = LINE('',#3733,#3734);
#3733 = CARTESIAN_POINT('',(2.075,7.771561172376E-16,3.5));
#3734 = VECTOR('',#3735,1.);
#3735 = DIRECTION('',(0.,1.,-2.22044604925E-16));
#3736 = ORIENTED_EDGE('',*,*,#3737,.T.);
#3737 = EDGE_CURVE('',#3730,#3738,#3740,.T.);
#3738 = VERTEX_POINT('',#3739);
#3739 = CARTESIAN_POINT('',(2.325,0.2,3.5));
#3740 = LINE('',#3741,#3742);
#3741 = CARTESIAN_POINT('',(2.075,0.2,3.5));
#3742 = VECTOR('',#3743,1.);
#3743 = DIRECTION('',(1.,0.,0.));
#3744 = ORIENTED_EDGE('',*,*,#3745,.F.);
#3745 = EDGE_CURVE('',#2122,#3738,#3746,.T.);
#3746 = LINE('',#3747,#3748);
#3747 = CARTESIAN_POINT('',(2.325,7.771561172376E-16,3.5));
#3748 = VECTOR('',#3749,1.);
#3749 = DIRECTION('',(0.,1.,-2.22044604925E-16));
#3750 = ORIENTED_EDGE('',*,*,#2129,.F.);
#3751 = ORIENTED_EDGE('',*,*,#3752,.T.);
#3752 = EDGE_CURVE('',#2130,#3753,#3755,.T.);
#3753 = VERTEX_POINT('',#3754);
#3754 = CARTESIAN_POINT('',(2.475,0.2,3.5));
#3755 = LINE('',#3756,#3757);
#3756 = CARTESIAN_POINT('',(2.475,7.771561172376E-16,3.5));
#3757 = VECTOR('',#3758,1.);
#3758 = DIRECTION('',(0.,1.,-2.22044604925E-16));
#3759 = ORIENTED_EDGE('',*,*,#3760,.T.);
#3760 = EDGE_CURVE('',#3753,#3761,#3763,.T.);
#3761 = VERTEX_POINT('',#3762);
#3762 = CARTESIAN_POINT('',(2.725,0.2,3.5));
#3763 = LINE('',#3764,#3765);
#3764 = CARTESIAN_POINT('',(2.475,0.2,3.5));
#3765 = VECTOR('',#3766,1.);
#3766 = DIRECTION('',(1.,0.,0.));
#3767 = ORIENTED_EDGE('',*,*,#3768,.F.);
#3768 = EDGE_CURVE('',#2155,#3761,#3769,.T.);
#3769 = LINE('',#3770,#3771);
#3770 = CARTESIAN_POINT('',(2.725,7.771561172376E-16,3.5));
#3771 = VECTOR('',#3772,1.);
#3772 = DIRECTION('',(0.,1.,-2.22044604925E-16));
#3773 = PLANE('',#3774);
#3774 = AXIS2_PLACEMENT_3D('',#3775,#3776,#3777);
#3775 = CARTESIAN_POINT('',(3.5,7.771561172376E-16,3.5));
#3776 = DIRECTION('',(0.,2.22044604925E-16,1.));
#3777 = DIRECTION('',(-1.,0.,0.));
#3778 = ADVANCED_FACE('',(#3779,#3797),#3808,.T.);
#3779 = FACE_BOUND('',#3780,.T.);
#3780 = EDGE_LOOP('',(#3781,#3782,#3790,#3796));
#3781 = ORIENTED_EDGE('',*,*,#289,.F.);
#3782 = ORIENTED_EDGE('',*,*,#3783,.F.);
#3783 = EDGE_CURVE('',#3784,#282,#3786,.T.);
#3784 = VERTEX_POINT('',#3785);
#3785 = CARTESIAN_POINT('',(-3.5,1.,-3.5));
#3786 = LINE('',#3787,#3788);
#3787 = CARTESIAN_POINT('',(-3.5,1.,-3.5));
#3788 = VECTOR('',#3789,1.);
#3789 = DIRECTION('',(1.,0.,0.));
#3790 = ORIENTED_EDGE('',*,*,#3791,.F.);
#3791 = EDGE_CURVE('',#3439,#3784,#3792,.T.);
#3792 = LINE('',#3793,#3794);
#3793 = CARTESIAN_POINT('',(-3.5,1.,3.5));
#3794 = VECTOR('',#3795,1.);
#3795 = DIRECTION('',(0.,-2.22044604925E-16,-1.));
#3796 = ORIENTED_EDGE('',*,*,#3438,.F.);
#3797 = FACE_BOUND('',#3798,.T.);
#3798 = EDGE_LOOP('',(#3799));
#3799 = ORIENTED_EDGE('',*,*,#3800,.F.);
#3800 = EDGE_CURVE('',#3801,#3801,#3803,.T.);
#3801 = VERTEX_POINT('',#3802);
#3802 = CARTESIAN_POINT('',(-2.261,1.,-2.611));
#3803 = CIRCLE('',#3804,0.35);
#3804 = AXIS2_PLACEMENT_3D('',#3805,#3806,#3807);
#3805 = CARTESIAN_POINT('',(-2.611,1.,-2.611));
#3806 = DIRECTION('',(-0.,1.,2.22044604925E-16));
#3807 = DIRECTION('',(1.,0.,0.));
#3808 = PLANE('',#3809);
#3809 = AXIS2_PLACEMENT_3D('',#3810,#3811,#3812);
#3810 = CARTESIAN_POINT('',(0.,1.,-2.22044604925E-16));
#3811 = DIRECTION('',(0.,1.,0.));
#3812 = DIRECTION('',(0.,0.,1.));
#3813 = ADVANCED_FACE('',(#3814),#4147,.T.);
#3814 = FACE_BOUND('',#3815,.T.);
#3815 = EDGE_LOOP('',(#3816,#3817,#3823,#3824,#3825,#3826,#3834,#3842,
    #3848,#3849,#3857,#3865,#3871,#3872,#3880,#3888,#3894,#3895,#3903,
    #3911,#3917,#3918,#3926,#3934,#3940,#3941,#3949,#3957,#3963,#3964,
    #3972,#3980,#3986,#3987,#3995,#4003,#4009,#4010,#4018,#4026,#4032,
    #4033,#4041,#4049,#4055,#4056,#4064,#4072,#4078,#4079,#4087,#4095,
    #4101,#4102,#4110,#4118,#4124,#4125,#4133,#4141));
#3816 = ORIENTED_EDGE('',*,*,#1222,.F.);
#3817 = ORIENTED_EDGE('',*,*,#3818,.T.);
#3818 = EDGE_CURVE('',#1223,#3784,#3819,.T.);
#3819 = LINE('',#3820,#3821);
#3820 = CARTESIAN_POINT('',(-3.5,-7.771561172376E-16,-3.5));
#3821 = VECTOR('',#3822,1.);
#3822 = DIRECTION('',(0.,1.,-2.22044604925E-16));
#3823 = ORIENTED_EDGE('',*,*,#3783,.T.);
#3824 = ORIENTED_EDGE('',*,*,#281,.F.);
#3825 = ORIENTED_EDGE('',*,*,#760,.F.);
#3826 = ORIENTED_EDGE('',*,*,#3827,.T.);
#3827 = EDGE_CURVE('',#761,#3828,#3830,.T.);
#3828 = VERTEX_POINT('',#3829);
#3829 = CARTESIAN_POINT('',(2.725,0.2,-3.5));
#3830 = LINE('',#3831,#3832);
#3831 = CARTESIAN_POINT('',(2.725,-7.771561172376E-16,-3.5));
#3832 = VECTOR('',#3833,1.);
#3833 = DIRECTION('',(0.,1.,-2.22044604925E-16));
#3834 = ORIENTED_EDGE('',*,*,#3835,.F.);
#3835 = EDGE_CURVE('',#3836,#3828,#3838,.T.);
#3836 = VERTEX_POINT('',#3837);
#3837 = CARTESIAN_POINT('',(2.475,0.2,-3.5));
#3838 = LINE('',#3839,#3840);
#3839 = CARTESIAN_POINT('',(2.475,0.2,-3.5));
#3840 = VECTOR('',#3841,1.);
#3841 = DIRECTION('',(1.,0.,0.));
#3842 = ORIENTED_EDGE('',*,*,#3843,.F.);
#3843 = EDGE_CURVE('',#786,#3836,#3844,.T.);
#3844 = LINE('',#3845,#3846);
#3845 = CARTESIAN_POINT('',(2.475,-7.771561172376E-16,-3.5));
#3846 = VECTOR('',#3847,1.);
#3847 = DIRECTION('',(0.,1.,-2.22044604925E-16));
#3848 = ORIENTED_EDGE('',*,*,#793,.F.);
#3849 = ORIENTED_EDGE('',*,*,#3850,.T.);
#3850 = EDGE_CURVE('',#794,#3851,#3853,.T.);
#3851 = VERTEX_POINT('',#3852);
#3852 = CARTESIAN_POINT('',(2.325,0.2,-3.5));
#3853 = LINE('',#3854,#3855);
#3854 = CARTESIAN_POINT('',(2.325,-7.771561172376E-16,-3.5));
#3855 = VECTOR('',#3856,1.);
#3856 = DIRECTION('',(0.,1.,-2.22044604925E-16));
#3857 = ORIENTED_EDGE('',*,*,#3858,.F.);
#3858 = EDGE_CURVE('',#3859,#3851,#3861,.T.);
#3859 = VERTEX_POINT('',#3860);
#3860 = CARTESIAN_POINT('',(2.075,0.2,-3.5));
#3861 = LINE('',#3862,#3863);
#3862 = CARTESIAN_POINT('',(2.075,0.2,-3.5));
#3863 = VECTOR('',#3864,1.);
#3864 = DIRECTION('',(1.,0.,0.));
#3865 = ORIENTED_EDGE('',*,*,#3866,.F.);
#3866 = EDGE_CURVE('',#819,#3859,#3867,.T.);
#3867 = LINE('',#3868,#3869);
#3868 = CARTESIAN_POINT('',(2.075,-7.771561172376E-16,-3.5));
#3869 = VECTOR('',#3870,1.);
#3870 = DIRECTION('',(0.,1.,-2.22044604925E-16));
#3871 = ORIENTED_EDGE('',*,*,#826,.F.);
#3872 = ORIENTED_EDGE('',*,*,#3873,.T.);
#3873 = EDGE_CURVE('',#827,#3874,#3876,.T.);
#3874 = VERTEX_POINT('',#3875);
#3875 = CARTESIAN_POINT('',(1.925,0.2,-3.5));
#3876 = LINE('',#3877,#3878);
#3877 = CARTESIAN_POINT('',(1.925,-7.771561172376E-16,-3.5));
#3878 = VECTOR('',#3879,1.);
#3879 = DIRECTION('',(0.,1.,-2.22044604925E-16));
#3880 = ORIENTED_EDGE('',*,*,#3881,.F.);
#3881 = EDGE_CURVE('',#3882,#3874,#3884,.T.);
#3882 = VERTEX_POINT('',#3883);
#3883 = CARTESIAN_POINT('',(1.675,0.2,-3.5));
#3884 = LINE('',#3885,#3886);
#3885 = CARTESIAN_POINT('',(1.675,0.2,-3.5));
#3886 = VECTOR('',#3887,1.);
#3887 = DIRECTION('',(1.,0.,0.));
#3888 = ORIENTED_EDGE('',*,*,#3889,.F.);
#3889 = EDGE_CURVE('',#852,#3882,#3890,.T.);
#3890 = LINE('',#3891,#3892);
#3891 = CARTESIAN_POINT('',(1.675,-7.771561172376E-16,-3.5));
#3892 = VECTOR('',#3893,1.);
#3893 = DIRECTION('',(0.,1.,-2.22044604925E-16));
#3894 = ORIENTED_EDGE('',*,*,#859,.F.);
#3895 = ORIENTED_EDGE('',*,*,#3896,.T.);
#3896 = EDGE_CURVE('',#860,#3897,#3899,.T.);
#3897 = VERTEX_POINT('',#3898);
#3898 = CARTESIAN_POINT('',(1.525,0.2,-3.5));
#3899 = LINE('',#3900,#3901);
#3900 = CARTESIAN_POINT('',(1.525,-7.771561172376E-16,-3.5));
#3901 = VECTOR('',#3902,1.);
#3902 = DIRECTION('',(0.,1.,-2.22044604925E-16));
#3903 = ORIENTED_EDGE('',*,*,#3904,.F.);
#3904 = EDGE_CURVE('',#3905,#3897,#3907,.T.);
#3905 = VERTEX_POINT('',#3906);
#3906 = CARTESIAN_POINT('',(1.275,0.2,-3.5));
#3907 = LINE('',#3908,#3909);
#3908 = CARTESIAN_POINT('',(1.275,0.2,-3.5));
#3909 = VECTOR('',#3910,1.);
#3910 = DIRECTION('',(1.,0.,0.));
#3911 = ORIENTED_EDGE('',*,*,#3912,.F.);
#3912 = EDGE_CURVE('',#885,#3905,#3913,.T.);
#3913 = LINE('',#3914,#3915);
#3914 = CARTESIAN_POINT('',(1.275,-7.771561172376E-16,-3.5));
#3915 = VECTOR('',#3916,1.);
#3916 = DIRECTION('',(0.,1.,-2.22044604925E-16));
#3917 = ORIENTED_EDGE('',*,*,#892,.F.);
#3918 = ORIENTED_EDGE('',*,*,#3919,.T.);
#3919 = EDGE_CURVE('',#893,#3920,#3922,.T.);
#3920 = VERTEX_POINT('',#3921);
#3921 = CARTESIAN_POINT('',(1.125,0.2,-3.5));
#3922 = LINE('',#3923,#3924);
#3923 = CARTESIAN_POINT('',(1.125,-7.771561172376E-16,-3.5));
#3924 = VECTOR('',#3925,1.);
#3925 = DIRECTION('',(0.,1.,-2.22044604925E-16));
#3926 = ORIENTED_EDGE('',*,*,#3927,.F.);
#3927 = EDGE_CURVE('',#3928,#3920,#3930,.T.);
#3928 = VERTEX_POINT('',#3929);
#3929 = CARTESIAN_POINT('',(0.875,0.2,-3.5));
#3930 = LINE('',#3931,#3932);
#3931 = CARTESIAN_POINT('',(0.875,0.2,-3.5));
#3932 = VECTOR('',#3933,1.);
#3933 = DIRECTION('',(1.,0.,0.));
#3934 = ORIENTED_EDGE('',*,*,#3935,.F.);
#3935 = EDGE_CURVE('',#918,#3928,#3936,.T.);
#3936 = LINE('',#3937,#3938);
#3937 = CARTESIAN_POINT('',(0.875,-7.771561172376E-16,-3.5));
#3938 = VECTOR('',#3939,1.);
#3939 = DIRECTION('',(0.,1.,-2.22044604925E-16));
#3940 = ORIENTED_EDGE('',*,*,#925,.F.);
#3941 = ORIENTED_EDGE('',*,*,#3942,.T.);
#3942 = EDGE_CURVE('',#926,#3943,#3945,.T.);
#3943 = VERTEX_POINT('',#3944);
#3944 = CARTESIAN_POINT('',(0.725,0.2,-3.5));
#3945 = LINE('',#3946,#3947);
#3946 = CARTESIAN_POINT('',(0.725,-7.771561172376E-16,-3.5));
#3947 = VECTOR('',#3948,1.);
#3948 = DIRECTION('',(0.,1.,-2.22044604925E-16));
#3949 = ORIENTED_EDGE('',*,*,#3950,.F.);
#3950 = EDGE_CURVE('',#3951,#3943,#3953,.T.);
#3951 = VERTEX_POINT('',#3952);
#3952 = CARTESIAN_POINT('',(0.475,0.2,-3.5));
#3953 = LINE('',#3954,#3955);
#3954 = CARTESIAN_POINT('',(0.475,0.2,-3.5));
#3955 = VECTOR('',#3956,1.);
#3956 = DIRECTION('',(1.,0.,0.));
#3957 = ORIENTED_EDGE('',*,*,#3958,.F.);
#3958 = EDGE_CURVE('',#951,#3951,#3959,.T.);
#3959 = LINE('',#3960,#3961);
#3960 = CARTESIAN_POINT('',(0.475,-7.771561172376E-16,-3.5));
#3961 = VECTOR('',#3962,1.);
#3962 = DIRECTION('',(0.,1.,-2.22044604925E-16));
#3963 = ORIENTED_EDGE('',*,*,#958,.F.);
#3964 = ORIENTED_EDGE('',*,*,#3965,.T.);
#3965 = EDGE_CURVE('',#959,#3966,#3968,.T.);
#3966 = VERTEX_POINT('',#3967);
#3967 = CARTESIAN_POINT('',(0.325,0.2,-3.5));
#3968 = LINE('',#3969,#3970);
#3969 = CARTESIAN_POINT('',(0.325,-7.771561172376E-16,-3.5));
#3970 = VECTOR('',#3971,1.);
#3971 = DIRECTION('',(0.,1.,-2.22044604925E-16));
#3972 = ORIENTED_EDGE('',*,*,#3973,.F.);
#3973 = EDGE_CURVE('',#3974,#3966,#3976,.T.);
#3974 = VERTEX_POINT('',#3975);
#3975 = CARTESIAN_POINT('',(7.5E-02,0.2,-3.5));
#3976 = LINE('',#3977,#3978);
#3977 = CARTESIAN_POINT('',(7.5E-02,0.2,-3.5));
#3978 = VECTOR('',#3979,1.);
#3979 = DIRECTION('',(1.,0.,0.));
#3980 = ORIENTED_EDGE('',*,*,#3981,.F.);
#3981 = EDGE_CURVE('',#984,#3974,#3982,.T.);
#3982 = LINE('',#3983,#3984);
#3983 = CARTESIAN_POINT('',(7.5E-02,-7.771561172376E-16,-3.5));
#3984 = VECTOR('',#3985,1.);
#3985 = DIRECTION('',(0.,1.,-2.22044604925E-16));
#3986 = ORIENTED_EDGE('',*,*,#991,.F.);
#3987 = ORIENTED_EDGE('',*,*,#3988,.T.);
#3988 = EDGE_CURVE('',#992,#3989,#3991,.T.);
#3989 = VERTEX_POINT('',#3990);
#3990 = CARTESIAN_POINT('',(-7.5E-02,0.2,-3.5));
#3991 = LINE('',#3992,#3993);
#3992 = CARTESIAN_POINT('',(-7.5E-02,-7.771561172376E-16,-3.5));
#3993 = VECTOR('',#3994,1.);
#3994 = DIRECTION('',(0.,1.,-2.22044604925E-16));
#3995 = ORIENTED_EDGE('',*,*,#3996,.F.);
#3996 = EDGE_CURVE('',#3997,#3989,#3999,.T.);
#3997 = VERTEX_POINT('',#3998);
#3998 = CARTESIAN_POINT('',(-0.325,0.2,-3.5));
#3999 = LINE('',#4000,#4001);
#4000 = CARTESIAN_POINT('',(-0.325,0.2,-3.5));
#4001 = VECTOR('',#4002,1.);
#4002 = DIRECTION('',(1.,0.,0.));
#4003 = ORIENTED_EDGE('',*,*,#4004,.F.);
#4004 = EDGE_CURVE('',#1017,#3997,#4005,.T.);
#4005 = LINE('',#4006,#4007);
#4006 = CARTESIAN_POINT('',(-0.325,-7.771561172376E-16,-3.5));
#4007 = VECTOR('',#4008,1.);
#4008 = DIRECTION('',(0.,1.,-2.22044604925E-16));
#4009 = ORIENTED_EDGE('',*,*,#1024,.F.);
#4010 = ORIENTED_EDGE('',*,*,#4011,.T.);
#4011 = EDGE_CURVE('',#1025,#4012,#4014,.T.);
#4012 = VERTEX_POINT('',#4013);
#4013 = CARTESIAN_POINT('',(-0.475,0.2,-3.5));
#4014 = LINE('',#4015,#4016);
#4015 = CARTESIAN_POINT('',(-0.475,-7.771561172376E-16,-3.5));
#4016 = VECTOR('',#4017,1.);
#4017 = DIRECTION('',(0.,1.,-2.22044604925E-16));
#4018 = ORIENTED_EDGE('',*,*,#4019,.F.);
#4019 = EDGE_CURVE('',#4020,#4012,#4022,.T.);
#4020 = VERTEX_POINT('',#4021);
#4021 = CARTESIAN_POINT('',(-0.725,0.2,-3.5));
#4022 = LINE('',#4023,#4024);
#4023 = CARTESIAN_POINT('',(-0.725,0.2,-3.5));
#4024 = VECTOR('',#4025,1.);
#4025 = DIRECTION('',(1.,0.,0.));
#4026 = ORIENTED_EDGE('',*,*,#4027,.F.);
#4027 = EDGE_CURVE('',#1050,#4020,#4028,.T.);
#4028 = LINE('',#4029,#4030);
#4029 = CARTESIAN_POINT('',(-0.725,-7.771561172376E-16,-3.5));
#4030 = VECTOR('',#4031,1.);
#4031 = DIRECTION('',(0.,1.,-2.22044604925E-16));
#4032 = ORIENTED_EDGE('',*,*,#1057,.F.);
#4033 = ORIENTED_EDGE('',*,*,#4034,.T.);
#4034 = EDGE_CURVE('',#1058,#4035,#4037,.T.);
#4035 = VERTEX_POINT('',#4036);
#4036 = CARTESIAN_POINT('',(-0.875,0.2,-3.5));
#4037 = LINE('',#4038,#4039);
#4038 = CARTESIAN_POINT('',(-0.875,-7.771561172376E-16,-3.5));
#4039 = VECTOR('',#4040,1.);
#4040 = DIRECTION('',(0.,1.,-2.22044604925E-16));
#4041 = ORIENTED_EDGE('',*,*,#4042,.F.);
#4042 = EDGE_CURVE('',#4043,#4035,#4045,.T.);
#4043 = VERTEX_POINT('',#4044);
#4044 = CARTESIAN_POINT('',(-1.125,0.2,-3.5));
#4045 = LINE('',#4046,#4047);
#4046 = CARTESIAN_POINT('',(-1.125,0.2,-3.5));
#4047 = VECTOR('',#4048,1.);
#4048 = DIRECTION('',(1.,0.,0.));
#4049 = ORIENTED_EDGE('',*,*,#4050,.F.);
#4050 = EDGE_CURVE('',#1083,#4043,#4051,.T.);
#4051 = LINE('',#4052,#4053);
#4052 = CARTESIAN_POINT('',(-1.125,-7.771561172376E-16,-3.5));
#4053 = VECTOR('',#4054,1.);
#4054 = DIRECTION('',(0.,1.,-2.22044604925E-16));
#4055 = ORIENTED_EDGE('',*,*,#1090,.F.);
#4056 = ORIENTED_EDGE('',*,*,#4057,.T.);
#4057 = EDGE_CURVE('',#1091,#4058,#4060,.T.);
#4058 = VERTEX_POINT('',#4059);
#4059 = CARTESIAN_POINT('',(-1.275,0.2,-3.5));
#4060 = LINE('',#4061,#4062);
#4061 = CARTESIAN_POINT('',(-1.275,-7.771561172376E-16,-3.5));
#4062 = VECTOR('',#4063,1.);
#4063 = DIRECTION('',(0.,1.,-2.22044604925E-16));
#4064 = ORIENTED_EDGE('',*,*,#4065,.F.);
#4065 = EDGE_CURVE('',#4066,#4058,#4068,.T.);
#4066 = VERTEX_POINT('',#4067);
#4067 = CARTESIAN_POINT('',(-1.525,0.2,-3.5));
#4068 = LINE('',#4069,#4070);
#4069 = CARTESIAN_POINT('',(-1.525,0.2,-3.5));
#4070 = VECTOR('',#4071,1.);
#4071 = DIRECTION('',(1.,0.,0.));
#4072 = ORIENTED_EDGE('',*,*,#4073,.F.);
#4073 = EDGE_CURVE('',#1116,#4066,#4074,.T.);
#4074 = LINE('',#4075,#4076);
#4075 = CARTESIAN_POINT('',(-1.525,-7.771561172376E-16,-3.5));
#4076 = VECTOR('',#4077,1.);
#4077 = DIRECTION('',(0.,1.,-2.22044604925E-16));
#4078 = ORIENTED_EDGE('',*,*,#1123,.F.);
#4079 = ORIENTED_EDGE('',*,*,#4080,.T.);
#4080 = EDGE_CURVE('',#1124,#4081,#4083,.T.);
#4081 = VERTEX_POINT('',#4082);
#4082 = CARTESIAN_POINT('',(-1.675,0.2,-3.5));
#4083 = LINE('',#4084,#4085);
#4084 = CARTESIAN_POINT('',(-1.675,-7.771561172376E-16,-3.5));
#4085 = VECTOR('',#4086,1.);
#4086 = DIRECTION('',(0.,1.,-2.22044604925E-16));
#4087 = ORIENTED_EDGE('',*,*,#4088,.F.);
#4088 = EDGE_CURVE('',#4089,#4081,#4091,.T.);
#4089 = VERTEX_POINT('',#4090);
#4090 = CARTESIAN_POINT('',(-1.925,0.2,-3.5));
#4091 = LINE('',#4092,#4093);
#4092 = CARTESIAN_POINT('',(-1.925,0.2,-3.5));
#4093 = VECTOR('',#4094,1.);
#4094 = DIRECTION('',(1.,0.,0.));
#4095 = ORIENTED_EDGE('',*,*,#4096,.F.);
#4096 = EDGE_CURVE('',#1149,#4089,#4097,.T.);
#4097 = LINE('',#4098,#4099);
#4098 = CARTESIAN_POINT('',(-1.925,-7.771561172376E-16,-3.5));
#4099 = VECTOR('',#4100,1.);
#4100 = DIRECTION('',(0.,1.,-2.22044604925E-16));
#4101 = ORIENTED_EDGE('',*,*,#1156,.F.);
#4102 = ORIENTED_EDGE('',*,*,#4103,.T.);
#4103 = EDGE_CURVE('',#1157,#4104,#4106,.T.);
#4104 = VERTEX_POINT('',#4105);
#4105 = CARTESIAN_POINT('',(-2.075,0.2,-3.5));
#4106 = LINE('',#4107,#4108);
#4107 = CARTESIAN_POINT('',(-2.075,-7.771561172376E-16,-3.5));
#4108 = VECTOR('',#4109,1.);
#4109 = DIRECTION('',(0.,1.,-2.22044604925E-16));
#4110 = ORIENTED_EDGE('',*,*,#4111,.F.);
#4111 = EDGE_CURVE('',#4112,#4104,#4114,.T.);
#4112 = VERTEX_POINT('',#4113);
#4113 = CARTESIAN_POINT('',(-2.325,0.2,-3.5));
#4114 = LINE('',#4115,#4116);
#4115 = CARTESIAN_POINT('',(-2.325,0.2,-3.5));
#4116 = VECTOR('',#4117,1.);
#4117 = DIRECTION('',(1.,0.,0.));
#4118 = ORIENTED_EDGE('',*,*,#4119,.F.);
#4119 = EDGE_CURVE('',#1182,#4112,#4120,.T.);
#4120 = LINE('',#4121,#4122);
#4121 = CARTESIAN_POINT('',(-2.325,-7.771561172376E-16,-3.5));
#4122 = VECTOR('',#4123,1.);
#4123 = DIRECTION('',(0.,1.,-2.22044604925E-16));
#4124 = ORIENTED_EDGE('',*,*,#1189,.F.);
#4125 = ORIENTED_EDGE('',*,*,#4126,.T.);
#4126 = EDGE_CURVE('',#1190,#4127,#4129,.T.);
#4127 = VERTEX_POINT('',#4128);
#4128 = CARTESIAN_POINT('',(-2.475,0.2,-3.5));
#4129 = LINE('',#4130,#4131);
#4130 = CARTESIAN_POINT('',(-2.475,-7.771561172376E-16,-3.5));
#4131 = VECTOR('',#4132,1.);
#4132 = DIRECTION('',(0.,1.,-2.22044604925E-16));
#4133 = ORIENTED_EDGE('',*,*,#4134,.F.);
#4134 = EDGE_CURVE('',#4135,#4127,#4137,.T.);
#4135 = VERTEX_POINT('',#4136);
#4136 = CARTESIAN_POINT('',(-2.725,0.2,-3.5));
#4137 = LINE('',#4138,#4139);
#4138 = CARTESIAN_POINT('',(-2.725,0.2,-3.5));
#4139 = VECTOR('',#4140,1.);
#4140 = DIRECTION('',(1.,0.,0.));
#4141 = ORIENTED_EDGE('',*,*,#4142,.F.);
#4142 = EDGE_CURVE('',#1215,#4135,#4143,.T.);
#4143 = LINE('',#4144,#4145);
#4144 = CARTESIAN_POINT('',(-2.725,-7.771561172376E-16,-3.5));
#4145 = VECTOR('',#4146,1.);
#4146 = DIRECTION('',(0.,1.,-2.22044604925E-16));
#4147 = PLANE('',#4148);
#4148 = AXIS2_PLACEMENT_3D('',#4149,#4150,#4151);
#4149 = CARTESIAN_POINT('',(-3.5,-7.771561172376E-16,-3.5));
#4150 = DIRECTION('',(0.,-2.22044604925E-16,-1.));
#4151 = DIRECTION('',(1.,0.,0.));
#4152 = ADVANCED_FACE('',(#4153),#4159,.F.);
#4153 = FACE_BOUND('',#4154,.F.);
#4154 = EDGE_LOOP('',(#4155,#4156,#4157,#4158));
#4155 = ORIENTED_EDGE('',*,*,#2489,.F.);
#4156 = ORIENTED_EDGE('',*,*,#2562,.T.);
#4157 = ORIENTED_EDGE('',*,*,#2538,.T.);
#4158 = ORIENTED_EDGE('',*,*,#2522,.F.);
#4159 = CYLINDRICAL_SURFACE('',#4160,0.125);
#4160 = AXIS2_PLACEMENT_3D('',#4161,#4162,#4163);
#4161 = CARTESIAN_POINT('',(3.13,-5.773159728051E-16,-2.6));
#4162 = DIRECTION('',(0.,-1.,2.22044604925E-16));
#4163 = DIRECTION('',(1.,0.,0.));
#4164 = ADVANCED_FACE('',(#4165),#4171,.F.);
#4165 = FACE_BOUND('',#4166,.F.);
#4166 = EDGE_LOOP('',(#4167,#4168,#4169,#4170));
#4167 = ORIENTED_EDGE('',*,*,#2465,.F.);
#4168 = ORIENTED_EDGE('',*,*,#2628,.T.);
#4169 = ORIENTED_EDGE('',*,*,#2604,.T.);
#4170 = ORIENTED_EDGE('',*,*,#2588,.F.);
#4171 = CYLINDRICAL_SURFACE('',#4172,0.125);
#4172 = AXIS2_PLACEMENT_3D('',#4173,#4174,#4175);
#4173 = CARTESIAN_POINT('',(3.13,-4.996003610813E-16,-2.2));
#4174 = DIRECTION('',(0.,-1.,2.22044604925E-16));
#4175 = DIRECTION('',(1.,0.,0.));
#4176 = ADVANCED_FACE('',(#4177),#4183,.F.);
#4177 = FACE_BOUND('',#4178,.F.);
#4178 = EDGE_LOOP('',(#4179,#4180,#4181,#4182));
#4179 = ORIENTED_EDGE('',*,*,#2441,.F.);
#4180 = ORIENTED_EDGE('',*,*,#2694,.T.);
#4181 = ORIENTED_EDGE('',*,*,#2670,.T.);
#4182 = ORIENTED_EDGE('',*,*,#2654,.F.);
#4183 = CYLINDRICAL_SURFACE('',#4184,0.125);
#4184 = AXIS2_PLACEMENT_3D('',#4185,#4186,#4187);
#4185 = CARTESIAN_POINT('',(3.13,-4.440892098501E-16,-1.8));
#4186 = DIRECTION('',(0.,-1.,2.22044604925E-16));
#4187 = DIRECTION('',(1.,0.,0.));
#4188 = ADVANCED_FACE('',(#4189),#4195,.F.);
#4189 = FACE_BOUND('',#4190,.F.);
#4190 = EDGE_LOOP('',(#4191,#4192,#4193,#4194));
#4191 = ORIENTED_EDGE('',*,*,#2417,.F.);
#4192 = ORIENTED_EDGE('',*,*,#2760,.T.);
#4193 = ORIENTED_EDGE('',*,*,#2736,.T.);
#4194 = ORIENTED_EDGE('',*,*,#2720,.F.);
#4195 = CYLINDRICAL_SURFACE('',#4196,0.125);
#4196 = AXIS2_PLACEMENT_3D('',#4197,#4198,#4199);
#4197 = CARTESIAN_POINT('',(3.13,-4.440892098501E-16,-1.4));
#4198 = DIRECTION('',(0.,-1.,2.22044604925E-16));
#4199 = DIRECTION('',(1.,0.,0.));
#4200 = ADVANCED_FACE('',(#4201),#4207,.F.);
#4201 = FACE_BOUND('',#4202,.F.);
#4202 = EDGE_LOOP('',(#4203,#4204,#4205,#4206));
#4203 = ORIENTED_EDGE('',*,*,#2393,.F.);
#4204 = ORIENTED_EDGE('',*,*,#2826,.T.);
#4205 = ORIENTED_EDGE('',*,*,#2802,.T.);
#4206 = ORIENTED_EDGE('',*,*,#2786,.F.);
#4207 = CYLINDRICAL_SURFACE('',#4208,0.125);
#4208 = AXIS2_PLACEMENT_3D('',#4209,#4210,#4211);
#4209 = CARTESIAN_POINT('',(3.13,-4.440892098501E-16,-1.));
#4210 = DIRECTION('',(0.,-1.,2.22044604925E-16));
#4211 = DIRECTION('',(1.,0.,0.));
#4212 = ADVANCED_FACE('',(#4213),#4219,.F.);
#4213 = FACE_BOUND('',#4214,.F.);
#4214 = EDGE_LOOP('',(#4215,#4216,#4217,#4218));
#4215 = ORIENTED_EDGE('',*,*,#2369,.F.);
#4216 = ORIENTED_EDGE('',*,*,#2892,.T.);
#4217 = ORIENTED_EDGE('',*,*,#2868,.T.);
#4218 = ORIENTED_EDGE('',*,*,#2852,.F.);
#4219 = CYLINDRICAL_SURFACE('',#4220,0.125);
#4220 = AXIS2_PLACEMENT_3D('',#4221,#4222,#4223);
#4221 = CARTESIAN_POINT('',(3.13,-4.440892098501E-16,-0.6));
#4222 = DIRECTION('',(0.,-1.,2.22044604925E-16));
#4223 = DIRECTION('',(1.,0.,0.));
#4224 = ADVANCED_FACE('',(#4225),#4231,.F.);
#4225 = FACE_BOUND('',#4226,.F.);
#4226 = EDGE_LOOP('',(#4227,#4228,#4229,#4230));
#4227 = ORIENTED_EDGE('',*,*,#2345,.F.);
#4228 = ORIENTED_EDGE('',*,*,#2958,.T.);
#4229 = ORIENTED_EDGE('',*,*,#2934,.T.);
#4230 = ORIENTED_EDGE('',*,*,#2918,.F.);
#4231 = CYLINDRICAL_SURFACE('',#4232,0.125);
#4232 = AXIS2_PLACEMENT_3D('',#4233,#4234,#4235);
#4233 = CARTESIAN_POINT('',(3.13,0.,-0.2));
#4234 = DIRECTION('',(0.,-1.,2.22044604925E-16));
#4235 = DIRECTION('',(1.,0.,0.));
#4236 = ADVANCED_FACE('',(#4237),#4243,.F.);
#4237 = FACE_BOUND('',#4238,.F.);
#4238 = EDGE_LOOP('',(#4239,#4240,#4241,#4242));
#4239 = ORIENTED_EDGE('',*,*,#2321,.F.);
#4240 = ORIENTED_EDGE('',*,*,#3024,.T.);
#4241 = ORIENTED_EDGE('',*,*,#3000,.T.);
#4242 = ORIENTED_EDGE('',*,*,#2984,.F.);
#4243 = CYLINDRICAL_SURFACE('',#4244,0.125);
#4244 = AXIS2_PLACEMENT_3D('',#4245,#4246,#4247);
#4245 = CARTESIAN_POINT('',(3.13,0.,0.2));
#4246 = DIRECTION('',(0.,-1.,2.22044604925E-16));
#4247 = DIRECTION('',(1.,0.,0.));
#4248 = ADVANCED_FACE('',(#4249),#4255,.F.);
#4249 = FACE_BOUND('',#4250,.F.);
#4250 = EDGE_LOOP('',(#4251,#4252,#4253,#4254));
#4251 = ORIENTED_EDGE('',*,*,#2297,.F.);
#4252 = ORIENTED_EDGE('',*,*,#3090,.T.);
#4253 = ORIENTED_EDGE('',*,*,#3066,.T.);
#4254 = ORIENTED_EDGE('',*,*,#3050,.F.);
#4255 = CYLINDRICAL_SURFACE('',#4256,0.125);
#4256 = AXIS2_PLACEMENT_3D('',#4257,#4258,#4259);
#4257 = CARTESIAN_POINT('',(3.13,0.,0.6));
#4258 = DIRECTION('',(0.,-1.,2.22044604925E-16));
#4259 = DIRECTION('',(1.,0.,0.));
#4260 = ADVANCED_FACE('',(#4261),#4267,.F.);
#4261 = FACE_BOUND('',#4262,.F.);
#4262 = EDGE_LOOP('',(#4263,#4264,#4265,#4266));
#4263 = ORIENTED_EDGE('',*,*,#2273,.F.);
#4264 = ORIENTED_EDGE('',*,*,#3156,.T.);
#4265 = ORIENTED_EDGE('',*,*,#3132,.T.);
#4266 = ORIENTED_EDGE('',*,*,#3116,.F.);
#4267 = CYLINDRICAL_SURFACE('',#4268,0.125);
#4268 = AXIS2_PLACEMENT_3D('',#4269,#4270,#4271);
#4269 = CARTESIAN_POINT('',(3.13,0.,1.));
#4270 = DIRECTION('',(0.,-1.,2.22044604925E-16));
#4271 = DIRECTION('',(1.,0.,0.));
#4272 = ADVANCED_FACE('',(#4273),#4279,.F.);
#4273 = FACE_BOUND('',#4274,.F.);
#4274 = EDGE_LOOP('',(#4275,#4276,#4277,#4278));
#4275 = ORIENTED_EDGE('',*,*,#2249,.F.);
#4276 = ORIENTED_EDGE('',*,*,#3222,.T.);
#4277 = ORIENTED_EDGE('',*,*,#3198,.T.);
#4278 = ORIENTED_EDGE('',*,*,#3182,.F.);
#4279 = CYLINDRICAL_SURFACE('',#4280,0.125);
#4280 = AXIS2_PLACEMENT_3D('',#4281,#4282,#4283);
#4281 = CARTESIAN_POINT('',(3.13,0.,1.4));
#4282 = DIRECTION('',(0.,-1.,2.22044604925E-16));
#4283 = DIRECTION('',(1.,0.,0.));
#4284 = ADVANCED_FACE('',(#4285),#4291,.F.);
#4285 = FACE_BOUND('',#4286,.F.);
#4286 = EDGE_LOOP('',(#4287,#4288,#4289,#4290));
#4287 = ORIENTED_EDGE('',*,*,#2225,.F.);
#4288 = ORIENTED_EDGE('',*,*,#3288,.T.);
#4289 = ORIENTED_EDGE('',*,*,#3264,.T.);
#4290 = ORIENTED_EDGE('',*,*,#3248,.F.);
#4291 = CYLINDRICAL_SURFACE('',#4292,0.125);
#4292 = AXIS2_PLACEMENT_3D('',#4293,#4294,#4295);
#4293 = CARTESIAN_POINT('',(3.13,0.,1.8));
#4294 = DIRECTION('',(0.,-1.,2.22044604925E-16));
#4295 = DIRECTION('',(1.,0.,0.));
#4296 = ADVANCED_FACE('',(#4297),#4303,.F.);
#4297 = FACE_BOUND('',#4298,.F.);
#4298 = EDGE_LOOP('',(#4299,#4300,#4301,#4302));
#4299 = ORIENTED_EDGE('',*,*,#2201,.F.);
#4300 = ORIENTED_EDGE('',*,*,#3354,.T.);
#4301 = ORIENTED_EDGE('',*,*,#3330,.T.);
#4302 = ORIENTED_EDGE('',*,*,#3314,.F.);
#4303 = CYLINDRICAL_SURFACE('',#4304,0.125);
#4304 = AXIS2_PLACEMENT_3D('',#4305,#4306,#4307);
#4305 = CARTESIAN_POINT('',(3.13,0.,2.2));
#4306 = DIRECTION('',(0.,-1.,2.22044604925E-16));
#4307 = DIRECTION('',(1.,0.,0.));
#4308 = ADVANCED_FACE('',(#4309),#4315,.F.);
#4309 = FACE_BOUND('',#4310,.F.);
#4310 = EDGE_LOOP('',(#4311,#4312,#4313,#4314));
#4311 = ORIENTED_EDGE('',*,*,#2177,.F.);
#4312 = ORIENTED_EDGE('',*,*,#3420,.T.);
#4313 = ORIENTED_EDGE('',*,*,#3396,.T.);
#4314 = ORIENTED_EDGE('',*,*,#3380,.F.);
#4315 = CYLINDRICAL_SURFACE('',#4316,0.125);
#4316 = AXIS2_PLACEMENT_3D('',#4317,#4318,#4319);
#4317 = CARTESIAN_POINT('',(3.13,0.,2.6));
#4318 = DIRECTION('',(0.,-1.,2.22044604925E-16));
#4319 = DIRECTION('',(1.,0.,0.));
#4320 = ADVANCED_FACE('',(#4321),#4339,.T.);
#4321 = FACE_BOUND('',#4322,.T.);
#4322 = EDGE_LOOP('',(#4323,#4324,#4325,#4333));
#4323 = ORIENTED_EDGE('',*,*,#2154,.T.);
#4324 = ORIENTED_EDGE('',*,*,#3768,.T.);
#4325 = ORIENTED_EDGE('',*,*,#4326,.T.);
#4326 = EDGE_CURVE('',#3761,#4327,#4329,.T.);
#4327 = VERTEX_POINT('',#4328);
#4328 = CARTESIAN_POINT('',(2.725,0.2,3.13));
#4329 = LINE('',#4330,#4331);
#4330 = CARTESIAN_POINT('',(2.725,0.2,3.5));
#4331 = VECTOR('',#4332,1.);
#4332 = DIRECTION('',(0.,-2.22044604925E-16,-1.));
#4333 = ORIENTED_EDGE('',*,*,#4334,.F.);
#4334 = EDGE_CURVE('',#2146,#4327,#4335,.T.);
#4335 = LINE('',#4336,#4337);
#4336 = CARTESIAN_POINT('',(2.725,6.949996134153E-16,3.13));
#4337 = VECTOR('',#4338,1.);
#4338 = DIRECTION('',(0.,1.,-2.22044604925E-16));
#4339 = PLANE('',#4340);
#4340 = AXIS2_PLACEMENT_3D('',#4341,#4342,#4343);
#4341 = CARTESIAN_POINT('',(2.725,7.771561172376E-16,3.5));
#4342 = DIRECTION('',(-1.,0.,0.));
#4343 = DIRECTION('',(0.,-2.22044604925E-16,-1.));
#4344 = ADVANCED_FACE('',(#4345),#4364,.F.);
#4345 = FACE_BOUND('',#4346,.F.);
#4346 = EDGE_LOOP('',(#4347,#4348,#4356,#4363));
#4347 = ORIENTED_EDGE('',*,*,#2145,.F.);
#4348 = ORIENTED_EDGE('',*,*,#4349,.T.);
#4349 = EDGE_CURVE('',#2138,#4350,#4352,.T.);
#4350 = VERTEX_POINT('',#4351);
#4351 = CARTESIAN_POINT('',(2.475,0.2,3.13));
#4352 = LINE('',#4353,#4354);
#4353 = CARTESIAN_POINT('',(2.475,6.949996134153E-16,3.13));
#4354 = VECTOR('',#4355,1.);
#4355 = DIRECTION('',(0.,1.,-2.22044604925E-16));
#4356 = ORIENTED_EDGE('',*,*,#4357,.T.);
#4357 = EDGE_CURVE('',#4350,#4327,#4358,.T.);
#4358 = CIRCLE('',#4359,0.125);
#4359 = AXIS2_PLACEMENT_3D('',#4360,#4361,#4362);
#4360 = CARTESIAN_POINT('',(2.6,0.2,3.13));
#4361 = DIRECTION('',(0.,-1.,2.22044604925E-16));
#4362 = DIRECTION('',(1.,0.,0.));
#4363 = ORIENTED_EDGE('',*,*,#4334,.F.);
#4364 = CYLINDRICAL_SURFACE('',#4365,0.125);
#4365 = AXIS2_PLACEMENT_3D('',#4366,#4367,#4368);
#4366 = CARTESIAN_POINT('',(2.6,6.949996134153E-16,3.13));
#4367 = DIRECTION('',(0.,-1.,2.22044604925E-16));
#4368 = DIRECTION('',(1.,0.,0.));
#4369 = ADVANCED_FACE('',(#4370),#4381,.T.);
#4370 = FACE_BOUND('',#4371,.T.);
#4371 = EDGE_LOOP('',(#4372,#4373,#4374,#4380));
#4372 = ORIENTED_EDGE('',*,*,#2137,.T.);
#4373 = ORIENTED_EDGE('',*,*,#4349,.T.);
#4374 = ORIENTED_EDGE('',*,*,#4375,.T.);
#4375 = EDGE_CURVE('',#4350,#3753,#4376,.T.);
#4376 = LINE('',#4377,#4378);
#4377 = CARTESIAN_POINT('',(2.475,0.2,3.13));
#4378 = VECTOR('',#4379,1.);
#4379 = DIRECTION('',(0.,2.22044604925E-16,1.));
#4380 = ORIENTED_EDGE('',*,*,#3752,.F.);
#4381 = PLANE('',#4382);
#4382 = AXIS2_PLACEMENT_3D('',#4383,#4384,#4385);
#4383 = CARTESIAN_POINT('',(2.475,6.949996134153E-16,3.13));
#4384 = DIRECTION('',(1.,0.,0.));
#4385 = DIRECTION('',(0.,2.22044604925E-16,1.));
#4386 = ADVANCED_FACE('',(#4387),#4405,.T.);
#4387 = FACE_BOUND('',#4388,.T.);
#4388 = EDGE_LOOP('',(#4389,#4390,#4391,#4399));
#4389 = ORIENTED_EDGE('',*,*,#2121,.T.);
#4390 = ORIENTED_EDGE('',*,*,#3745,.T.);
#4391 = ORIENTED_EDGE('',*,*,#4392,.T.);
#4392 = EDGE_CURVE('',#3738,#4393,#4395,.T.);
#4393 = VERTEX_POINT('',#4394);
#4394 = CARTESIAN_POINT('',(2.325,0.2,3.13));
#4395 = LINE('',#4396,#4397);
#4396 = CARTESIAN_POINT('',(2.325,0.2,3.5));
#4397 = VECTOR('',#4398,1.);
#4398 = DIRECTION('',(0.,-2.22044604925E-16,-1.));
#4399 = ORIENTED_EDGE('',*,*,#4400,.F.);
#4400 = EDGE_CURVE('',#2113,#4393,#4401,.T.);
#4401 = LINE('',#4402,#4403);
#4402 = CARTESIAN_POINT('',(2.325,6.949996134153E-16,3.13));
#4403 = VECTOR('',#4404,1.);
#4404 = DIRECTION('',(0.,1.,-2.22044604925E-16));
#4405 = PLANE('',#4406);
#4406 = AXIS2_PLACEMENT_3D('',#4407,#4408,#4409);
#4407 = CARTESIAN_POINT('',(2.325,7.771561172376E-16,3.5));
#4408 = DIRECTION('',(-1.,0.,0.));
#4409 = DIRECTION('',(0.,-2.22044604925E-16,-1.));
#4410 = ADVANCED_FACE('',(#4411),#4430,.F.);
#4411 = FACE_BOUND('',#4412,.F.);
#4412 = EDGE_LOOP('',(#4413,#4414,#4422,#4429));
#4413 = ORIENTED_EDGE('',*,*,#2112,.F.);
#4414 = ORIENTED_EDGE('',*,*,#4415,.T.);
#4415 = EDGE_CURVE('',#2105,#4416,#4418,.T.);
#4416 = VERTEX_POINT('',#4417);
#4417 = CARTESIAN_POINT('',(2.075,0.2,3.13));
#4418 = LINE('',#4419,#4420);
#4419 = CARTESIAN_POINT('',(2.075,6.949996134153E-16,3.13));
#4420 = VECTOR('',#4421,1.);
#4421 = DIRECTION('',(0.,1.,-2.22044604925E-16));
#4422 = ORIENTED_EDGE('',*,*,#4423,.T.);
#4423 = EDGE_CURVE('',#4416,#4393,#4424,.T.);
#4424 = CIRCLE('',#4425,0.125);
#4425 = AXIS2_PLACEMENT_3D('',#4426,#4427,#4428);
#4426 = CARTESIAN_POINT('',(2.2,0.2,3.13));
#4427 = DIRECTION('',(0.,-1.,2.22044604925E-16));
#4428 = DIRECTION('',(1.,0.,0.));
#4429 = ORIENTED_EDGE('',*,*,#4400,.F.);
#4430 = CYLINDRICAL_SURFACE('',#4431,0.125);
#4431 = AXIS2_PLACEMENT_3D('',#4432,#4433,#4434);
#4432 = CARTESIAN_POINT('',(2.2,6.949996134153E-16,3.13));
#4433 = DIRECTION('',(0.,-1.,2.22044604925E-16));
#4434 = DIRECTION('',(1.,0.,0.));
#4435 = ADVANCED_FACE('',(#4436),#4447,.T.);
#4436 = FACE_BOUND('',#4437,.T.);
#4437 = EDGE_LOOP('',(#4438,#4439,#4440,#4446));
#4438 = ORIENTED_EDGE('',*,*,#2104,.T.);
#4439 = ORIENTED_EDGE('',*,*,#4415,.T.);
#4440 = ORIENTED_EDGE('',*,*,#4441,.T.);
#4441 = EDGE_CURVE('',#4416,#3730,#4442,.T.);
#4442 = LINE('',#4443,#4444);
#4443 = CARTESIAN_POINT('',(2.075,0.2,3.13));
#4444 = VECTOR('',#4445,1.);
#4445 = DIRECTION('',(0.,2.22044604925E-16,1.));
#4446 = ORIENTED_EDGE('',*,*,#3729,.F.);
#4447 = PLANE('',#4448);
#4448 = AXIS2_PLACEMENT_3D('',#4449,#4450,#4451);
#4449 = CARTESIAN_POINT('',(2.075,6.949996134153E-16,3.13));
#4450 = DIRECTION('',(1.,0.,0.));
#4451 = DIRECTION('',(0.,2.22044604925E-16,1.));
#4452 = ADVANCED_FACE('',(#4453),#4471,.T.);
#4453 = FACE_BOUND('',#4454,.T.);
#4454 = EDGE_LOOP('',(#4455,#4456,#4457,#4465));
#4455 = ORIENTED_EDGE('',*,*,#2088,.T.);
#4456 = ORIENTED_EDGE('',*,*,#3722,.T.);
#4457 = ORIENTED_EDGE('',*,*,#4458,.T.);
#4458 = EDGE_CURVE('',#3715,#4459,#4461,.T.);
#4459 = VERTEX_POINT('',#4460);
#4460 = CARTESIAN_POINT('',(1.925,0.2,3.13));
#4461 = LINE('',#4462,#4463);
#4462 = CARTESIAN_POINT('',(1.925,0.2,3.5));
#4463 = VECTOR('',#4464,1.);
#4464 = DIRECTION('',(0.,-2.22044604925E-16,-1.));
#4465 = ORIENTED_EDGE('',*,*,#4466,.F.);
#4466 = EDGE_CURVE('',#2080,#4459,#4467,.T.);
#4467 = LINE('',#4468,#4469);
#4468 = CARTESIAN_POINT('',(1.925,6.949996134153E-16,3.13));
#4469 = VECTOR('',#4470,1.);
#4470 = DIRECTION('',(0.,1.,-2.22044604925E-16));
#4471 = PLANE('',#4472);
#4472 = AXIS2_PLACEMENT_3D('',#4473,#4474,#4475);
#4473 = CARTESIAN_POINT('',(1.925,7.771561172376E-16,3.5));
#4474 = DIRECTION('',(-1.,0.,0.));
#4475 = DIRECTION('',(0.,-2.22044604925E-16,-1.));
#4476 = ADVANCED_FACE('',(#4477),#4496,.F.);
#4477 = FACE_BOUND('',#4478,.F.);
#4478 = EDGE_LOOP('',(#4479,#4480,#4488,#4495));
#4479 = ORIENTED_EDGE('',*,*,#2079,.F.);
#4480 = ORIENTED_EDGE('',*,*,#4481,.T.);
#4481 = EDGE_CURVE('',#2072,#4482,#4484,.T.);
#4482 = VERTEX_POINT('',#4483);
#4483 = CARTESIAN_POINT('',(1.675,0.2,3.13));
#4484 = LINE('',#4485,#4486);
#4485 = CARTESIAN_POINT('',(1.675,6.949996134153E-16,3.13));
#4486 = VECTOR('',#4487,1.);
#4487 = DIRECTION('',(0.,1.,-2.22044604925E-16));
#4488 = ORIENTED_EDGE('',*,*,#4489,.T.);
#4489 = EDGE_CURVE('',#4482,#4459,#4490,.T.);
#4490 = CIRCLE('',#4491,0.125);
#4491 = AXIS2_PLACEMENT_3D('',#4492,#4493,#4494);
#4492 = CARTESIAN_POINT('',(1.8,0.2,3.13));
#4493 = DIRECTION('',(0.,-1.,2.22044604925E-16));
#4494 = DIRECTION('',(1.,0.,0.));
#4495 = ORIENTED_EDGE('',*,*,#4466,.F.);
#4496 = CYLINDRICAL_SURFACE('',#4497,0.125);
#4497 = AXIS2_PLACEMENT_3D('',#4498,#4499,#4500);
#4498 = CARTESIAN_POINT('',(1.8,6.949996134153E-16,3.13));
#4499 = DIRECTION('',(0.,-1.,2.22044604925E-16));
#4500 = DIRECTION('',(1.,0.,0.));
#4501 = ADVANCED_FACE('',(#4502),#4513,.T.);
#4502 = FACE_BOUND('',#4503,.T.);
#4503 = EDGE_LOOP('',(#4504,#4505,#4506,#4512));
#4504 = ORIENTED_EDGE('',*,*,#2071,.T.);
#4505 = ORIENTED_EDGE('',*,*,#4481,.T.);
#4506 = ORIENTED_EDGE('',*,*,#4507,.T.);
#4507 = EDGE_CURVE('',#4482,#3707,#4508,.T.);
#4508 = LINE('',#4509,#4510);
#4509 = CARTESIAN_POINT('',(1.675,0.2,3.13));
#4510 = VECTOR('',#4511,1.);
#4511 = DIRECTION('',(0.,2.22044604925E-16,1.));
#4512 = ORIENTED_EDGE('',*,*,#3706,.F.);
#4513 = PLANE('',#4514);
#4514 = AXIS2_PLACEMENT_3D('',#4515,#4516,#4517);
#4515 = CARTESIAN_POINT('',(1.675,6.949996134153E-16,3.13));
#4516 = DIRECTION('',(1.,0.,0.));
#4517 = DIRECTION('',(0.,2.22044604925E-16,1.));
#4518 = ADVANCED_FACE('',(#4519),#4537,.T.);
#4519 = FACE_BOUND('',#4520,.T.);
#4520 = EDGE_LOOP('',(#4521,#4522,#4523,#4531));
#4521 = ORIENTED_EDGE('',*,*,#2055,.T.);
#4522 = ORIENTED_EDGE('',*,*,#3699,.T.);
#4523 = ORIENTED_EDGE('',*,*,#4524,.T.);
#4524 = EDGE_CURVE('',#3692,#4525,#4527,.T.);
#4525 = VERTEX_POINT('',#4526);
#4526 = CARTESIAN_POINT('',(1.525,0.2,3.13));
#4527 = LINE('',#4528,#4529);
#4528 = CARTESIAN_POINT('',(1.525,0.2,3.5));
#4529 = VECTOR('',#4530,1.);
#4530 = DIRECTION('',(0.,-2.22044604925E-16,-1.));
#4531 = ORIENTED_EDGE('',*,*,#4532,.F.);
#4532 = EDGE_CURVE('',#2047,#4525,#4533,.T.);
#4533 = LINE('',#4534,#4535);
#4534 = CARTESIAN_POINT('',(1.525,6.949996134153E-16,3.13));
#4535 = VECTOR('',#4536,1.);
#4536 = DIRECTION('',(0.,1.,-2.22044604925E-16));
#4537 = PLANE('',#4538);
#4538 = AXIS2_PLACEMENT_3D('',#4539,#4540,#4541);
#4539 = CARTESIAN_POINT('',(1.525,7.771561172376E-16,3.5));
#4540 = DIRECTION('',(-1.,0.,0.));
#4541 = DIRECTION('',(0.,-2.22044604925E-16,-1.));
#4542 = ADVANCED_FACE('',(#4543),#4562,.F.);
#4543 = FACE_BOUND('',#4544,.F.);
#4544 = EDGE_LOOP('',(#4545,#4546,#4554,#4561));
#4545 = ORIENTED_EDGE('',*,*,#2046,.F.);
#4546 = ORIENTED_EDGE('',*,*,#4547,.T.);
#4547 = EDGE_CURVE('',#2039,#4548,#4550,.T.);
#4548 = VERTEX_POINT('',#4549);
#4549 = CARTESIAN_POINT('',(1.275,0.2,3.13));
#4550 = LINE('',#4551,#4552);
#4551 = CARTESIAN_POINT('',(1.275,6.949996134153E-16,3.13));
#4552 = VECTOR('',#4553,1.);
#4553 = DIRECTION('',(0.,1.,-2.22044604925E-16));
#4554 = ORIENTED_EDGE('',*,*,#4555,.T.);
#4555 = EDGE_CURVE('',#4548,#4525,#4556,.T.);
#4556 = CIRCLE('',#4557,0.125);
#4557 = AXIS2_PLACEMENT_3D('',#4558,#4559,#4560);
#4558 = CARTESIAN_POINT('',(1.4,0.2,3.13));
#4559 = DIRECTION('',(0.,-1.,2.22044604925E-16));
#4560 = DIRECTION('',(1.,0.,0.));
#4561 = ORIENTED_EDGE('',*,*,#4532,.F.);
#4562 = CYLINDRICAL_SURFACE('',#4563,0.125);
#4563 = AXIS2_PLACEMENT_3D('',#4564,#4565,#4566);
#4564 = CARTESIAN_POINT('',(1.4,6.949996134153E-16,3.13));
#4565 = DIRECTION('',(0.,-1.,2.22044604925E-16));
#4566 = DIRECTION('',(1.,0.,0.));
#4567 = ADVANCED_FACE('',(#4568),#4579,.T.);
#4568 = FACE_BOUND('',#4569,.T.);
#4569 = EDGE_LOOP('',(#4570,#4571,#4572,#4578));
#4570 = ORIENTED_EDGE('',*,*,#2038,.T.);
#4571 = ORIENTED_EDGE('',*,*,#4547,.T.);
#4572 = ORIENTED_EDGE('',*,*,#4573,.T.);
#4573 = EDGE_CURVE('',#4548,#3684,#4574,.T.);
#4574 = LINE('',#4575,#4576);
#4575 = CARTESIAN_POINT('',(1.275,0.2,3.13));
#4576 = VECTOR('',#4577,1.);
#4577 = DIRECTION('',(0.,2.22044604925E-16,1.));
#4578 = ORIENTED_EDGE('',*,*,#3683,.F.);
#4579 = PLANE('',#4580);
#4580 = AXIS2_PLACEMENT_3D('',#4581,#4582,#4583);
#4581 = CARTESIAN_POINT('',(1.275,6.949996134153E-16,3.13));
#4582 = DIRECTION('',(1.,0.,0.));
#4583 = DIRECTION('',(0.,2.22044604925E-16,1.));
#4584 = ADVANCED_FACE('',(#4585),#4603,.T.);
#4585 = FACE_BOUND('',#4586,.T.);
#4586 = EDGE_LOOP('',(#4587,#4588,#4589,#4597));
#4587 = ORIENTED_EDGE('',*,*,#2022,.T.);
#4588 = ORIENTED_EDGE('',*,*,#3676,.T.);
#4589 = ORIENTED_EDGE('',*,*,#4590,.T.);
#4590 = EDGE_CURVE('',#3669,#4591,#4593,.T.);
#4591 = VERTEX_POINT('',#4592);
#4592 = CARTESIAN_POINT('',(1.125,0.2,3.13));
#4593 = LINE('',#4594,#4595);
#4594 = CARTESIAN_POINT('',(1.125,0.2,3.5));
#4595 = VECTOR('',#4596,1.);
#4596 = DIRECTION('',(0.,-2.22044604925E-16,-1.));
#4597 = ORIENTED_EDGE('',*,*,#4598,.F.);
#4598 = EDGE_CURVE('',#2014,#4591,#4599,.T.);
#4599 = LINE('',#4600,#4601);
#4600 = CARTESIAN_POINT('',(1.125,6.949996134153E-16,3.13));
#4601 = VECTOR('',#4602,1.);
#4602 = DIRECTION('',(0.,1.,-2.22044604925E-16));
#4603 = PLANE('',#4604);
#4604 = AXIS2_PLACEMENT_3D('',#4605,#4606,#4607);
#4605 = CARTESIAN_POINT('',(1.125,7.771561172376E-16,3.5));
#4606 = DIRECTION('',(-1.,0.,0.));
#4607 = DIRECTION('',(0.,-2.22044604925E-16,-1.));
#4608 = ADVANCED_FACE('',(#4609),#4628,.F.);
#4609 = FACE_BOUND('',#4610,.F.);
#4610 = EDGE_LOOP('',(#4611,#4612,#4620,#4627));
#4611 = ORIENTED_EDGE('',*,*,#2013,.F.);
#4612 = ORIENTED_EDGE('',*,*,#4613,.T.);
#4613 = EDGE_CURVE('',#2006,#4614,#4616,.T.);
#4614 = VERTEX_POINT('',#4615);
#4615 = CARTESIAN_POINT('',(0.875,0.2,3.13));
#4616 = LINE('',#4617,#4618);
#4617 = CARTESIAN_POINT('',(0.875,6.949996134153E-16,3.13));
#4618 = VECTOR('',#4619,1.);
#4619 = DIRECTION('',(0.,1.,-2.22044604925E-16));
#4620 = ORIENTED_EDGE('',*,*,#4621,.T.);
#4621 = EDGE_CURVE('',#4614,#4591,#4622,.T.);
#4622 = CIRCLE('',#4623,0.125);
#4623 = AXIS2_PLACEMENT_3D('',#4624,#4625,#4626);
#4624 = CARTESIAN_POINT('',(1.,0.2,3.13));
#4625 = DIRECTION('',(0.,-1.,2.22044604925E-16));
#4626 = DIRECTION('',(1.,0.,0.));
#4627 = ORIENTED_EDGE('',*,*,#4598,.F.);
#4628 = CYLINDRICAL_SURFACE('',#4629,0.125);
#4629 = AXIS2_PLACEMENT_3D('',#4630,#4631,#4632);
#4630 = CARTESIAN_POINT('',(1.,6.949996134153E-16,3.13));
#4631 = DIRECTION('',(0.,-1.,2.22044604925E-16));
#4632 = DIRECTION('',(1.,0.,0.));
#4633 = ADVANCED_FACE('',(#4634),#4645,.T.);
#4634 = FACE_BOUND('',#4635,.T.);
#4635 = EDGE_LOOP('',(#4636,#4637,#4638,#4644));
#4636 = ORIENTED_EDGE('',*,*,#2005,.T.);
#4637 = ORIENTED_EDGE('',*,*,#4613,.T.);
#4638 = ORIENTED_EDGE('',*,*,#4639,.T.);
#4639 = EDGE_CURVE('',#4614,#3661,#4640,.T.);
#4640 = LINE('',#4641,#4642);
#4641 = CARTESIAN_POINT('',(0.875,0.2,3.13));
#4642 = VECTOR('',#4643,1.);
#4643 = DIRECTION('',(0.,2.22044604925E-16,1.));
#4644 = ORIENTED_EDGE('',*,*,#3660,.F.);
#4645 = PLANE('',#4646);
#4646 = AXIS2_PLACEMENT_3D('',#4647,#4648,#4649);
#4647 = CARTESIAN_POINT('',(0.875,6.949996134153E-16,3.13));
#4648 = DIRECTION('',(1.,0.,0.));
#4649 = DIRECTION('',(0.,2.22044604925E-16,1.));
#4650 = ADVANCED_FACE('',(#4651),#4669,.T.);
#4651 = FACE_BOUND('',#4652,.T.);
#4652 = EDGE_LOOP('',(#4653,#4654,#4655,#4663));
#4653 = ORIENTED_EDGE('',*,*,#1989,.T.);
#4654 = ORIENTED_EDGE('',*,*,#3653,.T.);
#4655 = ORIENTED_EDGE('',*,*,#4656,.T.);
#4656 = EDGE_CURVE('',#3646,#4657,#4659,.T.);
#4657 = VERTEX_POINT('',#4658);
#4658 = CARTESIAN_POINT('',(0.725,0.2,3.13));
#4659 = LINE('',#4660,#4661);
#4660 = CARTESIAN_POINT('',(0.725,0.2,3.5));
#4661 = VECTOR('',#4662,1.);
#4662 = DIRECTION('',(0.,-2.22044604925E-16,-1.));
#4663 = ORIENTED_EDGE('',*,*,#4664,.F.);
#4664 = EDGE_CURVE('',#1981,#4657,#4665,.T.);
#4665 = LINE('',#4666,#4667);
#4666 = CARTESIAN_POINT('',(0.725,6.949996134153E-16,3.13));
#4667 = VECTOR('',#4668,1.);
#4668 = DIRECTION('',(0.,1.,-2.22044604925E-16));
#4669 = PLANE('',#4670);
#4670 = AXIS2_PLACEMENT_3D('',#4671,#4672,#4673);
#4671 = CARTESIAN_POINT('',(0.725,7.771561172376E-16,3.5));
#4672 = DIRECTION('',(-1.,0.,0.));
#4673 = DIRECTION('',(0.,-2.22044604925E-16,-1.));
#4674 = ADVANCED_FACE('',(#4675),#4694,.F.);
#4675 = FACE_BOUND('',#4676,.F.);
#4676 = EDGE_LOOP('',(#4677,#4678,#4686,#4693));
#4677 = ORIENTED_EDGE('',*,*,#1980,.F.);
#4678 = ORIENTED_EDGE('',*,*,#4679,.T.);
#4679 = EDGE_CURVE('',#1973,#4680,#4682,.T.);
#4680 = VERTEX_POINT('',#4681);
#4681 = CARTESIAN_POINT('',(0.475,0.2,3.13));
#4682 = LINE('',#4683,#4684);
#4683 = CARTESIAN_POINT('',(0.475,6.949996134153E-16,3.13));
#4684 = VECTOR('',#4685,1.);
#4685 = DIRECTION('',(0.,1.,-2.22044604925E-16));
#4686 = ORIENTED_EDGE('',*,*,#4687,.T.);
#4687 = EDGE_CURVE('',#4680,#4657,#4688,.T.);
#4688 = CIRCLE('',#4689,0.125);
#4689 = AXIS2_PLACEMENT_3D('',#4690,#4691,#4692);
#4690 = CARTESIAN_POINT('',(0.6,0.2,3.13));
#4691 = DIRECTION('',(0.,-1.,2.22044604925E-16));
#4692 = DIRECTION('',(1.,0.,0.));
#4693 = ORIENTED_EDGE('',*,*,#4664,.F.);
#4694 = CYLINDRICAL_SURFACE('',#4695,0.125);
#4695 = AXIS2_PLACEMENT_3D('',#4696,#4697,#4698);
#4696 = CARTESIAN_POINT('',(0.6,6.949996134153E-16,3.13));
#4697 = DIRECTION('',(0.,-1.,2.22044604925E-16));
#4698 = DIRECTION('',(1.,0.,0.));
#4699 = ADVANCED_FACE('',(#4700),#4711,.T.);
#4700 = FACE_BOUND('',#4701,.T.);
#4701 = EDGE_LOOP('',(#4702,#4703,#4704,#4710));
#4702 = ORIENTED_EDGE('',*,*,#1972,.T.);
#4703 = ORIENTED_EDGE('',*,*,#4679,.T.);
#4704 = ORIENTED_EDGE('',*,*,#4705,.T.);
#4705 = EDGE_CURVE('',#4680,#3638,#4706,.T.);
#4706 = LINE('',#4707,#4708);
#4707 = CARTESIAN_POINT('',(0.475,0.2,3.13));
#4708 = VECTOR('',#4709,1.);
#4709 = DIRECTION('',(0.,2.22044604925E-16,1.));
#4710 = ORIENTED_EDGE('',*,*,#3637,.F.);
#4711 = PLANE('',#4712);
#4712 = AXIS2_PLACEMENT_3D('',#4713,#4714,#4715);
#4713 = CARTESIAN_POINT('',(0.475,6.949996134153E-16,3.13));
#4714 = DIRECTION('',(1.,0.,0.));
#4715 = DIRECTION('',(0.,2.22044604925E-16,1.));
#4716 = ADVANCED_FACE('',(#4717),#4735,.T.);
#4717 = FACE_BOUND('',#4718,.T.);
#4718 = EDGE_LOOP('',(#4719,#4720,#4721,#4729));
#4719 = ORIENTED_EDGE('',*,*,#1956,.T.);
#4720 = ORIENTED_EDGE('',*,*,#3630,.T.);
#4721 = ORIENTED_EDGE('',*,*,#4722,.T.);
#4722 = EDGE_CURVE('',#3623,#4723,#4725,.T.);
#4723 = VERTEX_POINT('',#4724);
#4724 = CARTESIAN_POINT('',(0.325,0.2,3.13));
#4725 = LINE('',#4726,#4727);
#4726 = CARTESIAN_POINT('',(0.325,0.2,3.5));
#4727 = VECTOR('',#4728,1.);
#4728 = DIRECTION('',(0.,-2.22044604925E-16,-1.));
#4729 = ORIENTED_EDGE('',*,*,#4730,.F.);
#4730 = EDGE_CURVE('',#1948,#4723,#4731,.T.);
#4731 = LINE('',#4732,#4733);
#4732 = CARTESIAN_POINT('',(0.325,6.949996134153E-16,3.13));
#4733 = VECTOR('',#4734,1.);
#4734 = DIRECTION('',(0.,1.,-2.22044604925E-16));
#4735 = PLANE('',#4736);
#4736 = AXIS2_PLACEMENT_3D('',#4737,#4738,#4739);
#4737 = CARTESIAN_POINT('',(0.325,7.771561172376E-16,3.5));
#4738 = DIRECTION('',(-1.,0.,0.));
#4739 = DIRECTION('',(0.,-2.22044604925E-16,-1.));
#4740 = ADVANCED_FACE('',(#4741),#4760,.F.);
#4741 = FACE_BOUND('',#4742,.F.);
#4742 = EDGE_LOOP('',(#4743,#4744,#4752,#4759));
#4743 = ORIENTED_EDGE('',*,*,#1947,.F.);
#4744 = ORIENTED_EDGE('',*,*,#4745,.T.);
#4745 = EDGE_CURVE('',#1940,#4746,#4748,.T.);
#4746 = VERTEX_POINT('',#4747);
#4747 = CARTESIAN_POINT('',(7.5E-02,0.2,3.13));
#4748 = LINE('',#4749,#4750);
#4749 = CARTESIAN_POINT('',(7.5E-02,6.949996134153E-16,3.13));
#4750 = VECTOR('',#4751,1.);
#4751 = DIRECTION('',(0.,1.,-2.22044604925E-16));
#4752 = ORIENTED_EDGE('',*,*,#4753,.T.);
#4753 = EDGE_CURVE('',#4746,#4723,#4754,.T.);
#4754 = CIRCLE('',#4755,0.125);
#4755 = AXIS2_PLACEMENT_3D('',#4756,#4757,#4758);
#4756 = CARTESIAN_POINT('',(0.2,0.2,3.13));
#4757 = DIRECTION('',(0.,-1.,2.22044604925E-16));
#4758 = DIRECTION('',(1.,0.,0.));
#4759 = ORIENTED_EDGE('',*,*,#4730,.F.);
#4760 = CYLINDRICAL_SURFACE('',#4761,0.125);
#4761 = AXIS2_PLACEMENT_3D('',#4762,#4763,#4764);
#4762 = CARTESIAN_POINT('',(0.2,6.949996134153E-16,3.13));
#4763 = DIRECTION('',(0.,-1.,2.22044604925E-16));
#4764 = DIRECTION('',(1.,0.,0.));
#4765 = ADVANCED_FACE('',(#4766),#4777,.T.);
#4766 = FACE_BOUND('',#4767,.T.);
#4767 = EDGE_LOOP('',(#4768,#4769,#4770,#4776));
#4768 = ORIENTED_EDGE('',*,*,#1939,.T.);
#4769 = ORIENTED_EDGE('',*,*,#4745,.T.);
#4770 = ORIENTED_EDGE('',*,*,#4771,.T.);
#4771 = EDGE_CURVE('',#4746,#3615,#4772,.T.);
#4772 = LINE('',#4773,#4774);
#4773 = CARTESIAN_POINT('',(7.5E-02,0.2,3.13));
#4774 = VECTOR('',#4775,1.);
#4775 = DIRECTION('',(0.,2.22044604925E-16,1.));
#4776 = ORIENTED_EDGE('',*,*,#3614,.F.);
#4777 = PLANE('',#4778);
#4778 = AXIS2_PLACEMENT_3D('',#4779,#4780,#4781);
#4779 = CARTESIAN_POINT('',(7.5E-02,6.949996134153E-16,3.13));
#4780 = DIRECTION('',(1.,0.,0.));
#4781 = DIRECTION('',(0.,2.22044604925E-16,1.));
#4782 = ADVANCED_FACE('',(#4783),#4801,.T.);
#4783 = FACE_BOUND('',#4784,.T.);
#4784 = EDGE_LOOP('',(#4785,#4786,#4787,#4795));
#4785 = ORIENTED_EDGE('',*,*,#1923,.T.);
#4786 = ORIENTED_EDGE('',*,*,#3607,.T.);
#4787 = ORIENTED_EDGE('',*,*,#4788,.T.);
#4788 = EDGE_CURVE('',#3600,#4789,#4791,.T.);
#4789 = VERTEX_POINT('',#4790);
#4790 = CARTESIAN_POINT('',(-7.5E-02,0.2,3.13));
#4791 = LINE('',#4792,#4793);
#4792 = CARTESIAN_POINT('',(-7.5E-02,0.2,3.5));
#4793 = VECTOR('',#4794,1.);
#4794 = DIRECTION('',(0.,-2.22044604925E-16,-1.));
#4795 = ORIENTED_EDGE('',*,*,#4796,.F.);
#4796 = EDGE_CURVE('',#1915,#4789,#4797,.T.);
#4797 = LINE('',#4798,#4799);
#4798 = CARTESIAN_POINT('',(-7.5E-02,6.949996134153E-16,3.13));
#4799 = VECTOR('',#4800,1.);
#4800 = DIRECTION('',(0.,1.,-2.22044604925E-16));
#4801 = PLANE('',#4802);
#4802 = AXIS2_PLACEMENT_3D('',#4803,#4804,#4805);
#4803 = CARTESIAN_POINT('',(-7.5E-02,7.771561172376E-16,3.5));
#4804 = DIRECTION('',(-1.,0.,0.));
#4805 = DIRECTION('',(0.,-2.22044604925E-16,-1.));
#4806 = ADVANCED_FACE('',(#4807),#4826,.F.);
#4807 = FACE_BOUND('',#4808,.F.);
#4808 = EDGE_LOOP('',(#4809,#4810,#4818,#4825));
#4809 = ORIENTED_EDGE('',*,*,#1914,.F.);
#4810 = ORIENTED_EDGE('',*,*,#4811,.T.);
#4811 = EDGE_CURVE('',#1907,#4812,#4814,.T.);
#4812 = VERTEX_POINT('',#4813);
#4813 = CARTESIAN_POINT('',(-0.325,0.2,3.13));
#4814 = LINE('',#4815,#4816);
#4815 = CARTESIAN_POINT('',(-0.325,6.949996134153E-16,3.13));
#4816 = VECTOR('',#4817,1.);
#4817 = DIRECTION('',(0.,1.,-2.22044604925E-16));
#4818 = ORIENTED_EDGE('',*,*,#4819,.T.);
#4819 = EDGE_CURVE('',#4812,#4789,#4820,.T.);
#4820 = CIRCLE('',#4821,0.125);
#4821 = AXIS2_PLACEMENT_3D('',#4822,#4823,#4824);
#4822 = CARTESIAN_POINT('',(-0.2,0.2,3.13));
#4823 = DIRECTION('',(0.,-1.,2.22044604925E-16));
#4824 = DIRECTION('',(1.,0.,0.));
#4825 = ORIENTED_EDGE('',*,*,#4796,.F.);
#4826 = CYLINDRICAL_SURFACE('',#4827,0.125);
#4827 = AXIS2_PLACEMENT_3D('',#4828,#4829,#4830);
#4828 = CARTESIAN_POINT('',(-0.2,6.949996134153E-16,3.13));
#4829 = DIRECTION('',(0.,-1.,2.22044604925E-16));
#4830 = DIRECTION('',(1.,0.,0.));
#4831 = ADVANCED_FACE('',(#4832),#4843,.T.);
#4832 = FACE_BOUND('',#4833,.T.);
#4833 = EDGE_LOOP('',(#4834,#4835,#4836,#4842));
#4834 = ORIENTED_EDGE('',*,*,#1906,.T.);
#4835 = ORIENTED_EDGE('',*,*,#4811,.T.);
#4836 = ORIENTED_EDGE('',*,*,#4837,.T.);
#4837 = EDGE_CURVE('',#4812,#3592,#4838,.T.);
#4838 = LINE('',#4839,#4840);
#4839 = CARTESIAN_POINT('',(-0.325,0.2,3.13));
#4840 = VECTOR('',#4841,1.);
#4841 = DIRECTION('',(0.,2.22044604925E-16,1.));
#4842 = ORIENTED_EDGE('',*,*,#3591,.F.);
#4843 = PLANE('',#4844);
#4844 = AXIS2_PLACEMENT_3D('',#4845,#4846,#4847);
#4845 = CARTESIAN_POINT('',(-0.325,6.949996134153E-16,3.13));
#4846 = DIRECTION('',(1.,0.,0.));
#4847 = DIRECTION('',(0.,2.22044604925E-16,1.));
#4848 = ADVANCED_FACE('',(#4849),#4867,.T.);
#4849 = FACE_BOUND('',#4850,.T.);
#4850 = EDGE_LOOP('',(#4851,#4852,#4853,#4861));
#4851 = ORIENTED_EDGE('',*,*,#1890,.T.);
#4852 = ORIENTED_EDGE('',*,*,#3584,.T.);
#4853 = ORIENTED_EDGE('',*,*,#4854,.T.);
#4854 = EDGE_CURVE('',#3577,#4855,#4857,.T.);
#4855 = VERTEX_POINT('',#4856);
#4856 = CARTESIAN_POINT('',(-0.475,0.2,3.13));
#4857 = LINE('',#4858,#4859);
#4858 = CARTESIAN_POINT('',(-0.475,0.2,3.5));
#4859 = VECTOR('',#4860,1.);
#4860 = DIRECTION('',(0.,-2.22044604925E-16,-1.));
#4861 = ORIENTED_EDGE('',*,*,#4862,.F.);
#4862 = EDGE_CURVE('',#1882,#4855,#4863,.T.);
#4863 = LINE('',#4864,#4865);
#4864 = CARTESIAN_POINT('',(-0.475,6.949996134153E-16,3.13));
#4865 = VECTOR('',#4866,1.);
#4866 = DIRECTION('',(0.,1.,-2.22044604925E-16));
#4867 = PLANE('',#4868);
#4868 = AXIS2_PLACEMENT_3D('',#4869,#4870,#4871);
#4869 = CARTESIAN_POINT('',(-0.475,7.771561172376E-16,3.5));
#4870 = DIRECTION('',(-1.,0.,0.));
#4871 = DIRECTION('',(0.,-2.22044604925E-16,-1.));
#4872 = ADVANCED_FACE('',(#4873),#4892,.F.);
#4873 = FACE_BOUND('',#4874,.F.);
#4874 = EDGE_LOOP('',(#4875,#4876,#4884,#4891));
#4875 = ORIENTED_EDGE('',*,*,#1881,.F.);
#4876 = ORIENTED_EDGE('',*,*,#4877,.T.);
#4877 = EDGE_CURVE('',#1874,#4878,#4880,.T.);
#4878 = VERTEX_POINT('',#4879);
#4879 = CARTESIAN_POINT('',(-0.725,0.2,3.13));
#4880 = LINE('',#4881,#4882);
#4881 = CARTESIAN_POINT('',(-0.725,6.949996134153E-16,3.13));
#4882 = VECTOR('',#4883,1.);
#4883 = DIRECTION('',(0.,1.,-2.22044604925E-16));
#4884 = ORIENTED_EDGE('',*,*,#4885,.T.);
#4885 = EDGE_CURVE('',#4878,#4855,#4886,.T.);
#4886 = CIRCLE('',#4887,0.125);
#4887 = AXIS2_PLACEMENT_3D('',#4888,#4889,#4890);
#4888 = CARTESIAN_POINT('',(-0.6,0.2,3.13));
#4889 = DIRECTION('',(0.,-1.,2.22044604925E-16));
#4890 = DIRECTION('',(1.,0.,0.));
#4891 = ORIENTED_EDGE('',*,*,#4862,.F.);
#4892 = CYLINDRICAL_SURFACE('',#4893,0.125);
#4893 = AXIS2_PLACEMENT_3D('',#4894,#4895,#4896);
#4894 = CARTESIAN_POINT('',(-0.6,6.949996134153E-16,3.13));
#4895 = DIRECTION('',(0.,-1.,2.22044604925E-16));
#4896 = DIRECTION('',(1.,0.,0.));
#4897 = ADVANCED_FACE('',(#4898),#4909,.T.);
#4898 = FACE_BOUND('',#4899,.T.);
#4899 = EDGE_LOOP('',(#4900,#4901,#4902,#4908));
#4900 = ORIENTED_EDGE('',*,*,#1873,.T.);
#4901 = ORIENTED_EDGE('',*,*,#4877,.T.);
#4902 = ORIENTED_EDGE('',*,*,#4903,.T.);
#4903 = EDGE_CURVE('',#4878,#3569,#4904,.T.);
#4904 = LINE('',#4905,#4906);
#4905 = CARTESIAN_POINT('',(-0.725,0.2,3.13));
#4906 = VECTOR('',#4907,1.);
#4907 = DIRECTION('',(0.,2.22044604925E-16,1.));
#4908 = ORIENTED_EDGE('',*,*,#3568,.F.);
#4909 = PLANE('',#4910);
#4910 = AXIS2_PLACEMENT_3D('',#4911,#4912,#4913);
#4911 = CARTESIAN_POINT('',(-0.725,6.949996134153E-16,3.13));
#4912 = DIRECTION('',(1.,0.,0.));
#4913 = DIRECTION('',(0.,2.22044604925E-16,1.));
#4914 = ADVANCED_FACE('',(#4915),#4933,.T.);
#4915 = FACE_BOUND('',#4916,.T.);
#4916 = EDGE_LOOP('',(#4917,#4918,#4919,#4927));
#4917 = ORIENTED_EDGE('',*,*,#1857,.T.);
#4918 = ORIENTED_EDGE('',*,*,#3561,.T.);
#4919 = ORIENTED_EDGE('',*,*,#4920,.T.);
#4920 = EDGE_CURVE('',#3554,#4921,#4923,.T.);
#4921 = VERTEX_POINT('',#4922);
#4922 = CARTESIAN_POINT('',(-0.875,0.2,3.13));
#4923 = LINE('',#4924,#4925);
#4924 = CARTESIAN_POINT('',(-0.875,0.2,3.5));
#4925 = VECTOR('',#4926,1.);
#4926 = DIRECTION('',(0.,-2.22044604925E-16,-1.));
#4927 = ORIENTED_EDGE('',*,*,#4928,.F.);
#4928 = EDGE_CURVE('',#1849,#4921,#4929,.T.);
#4929 = LINE('',#4930,#4931);
#4930 = CARTESIAN_POINT('',(-0.875,6.949996134153E-16,3.13));
#4931 = VECTOR('',#4932,1.);
#4932 = DIRECTION('',(0.,1.,-2.22044604925E-16));
#4933 = PLANE('',#4934);
#4934 = AXIS2_PLACEMENT_3D('',#4935,#4936,#4937);
#4935 = CARTESIAN_POINT('',(-0.875,7.771561172376E-16,3.5));
#4936 = DIRECTION('',(-1.,0.,0.));
#4937 = DIRECTION('',(0.,-2.22044604925E-16,-1.));
#4938 = ADVANCED_FACE('',(#4939),#4958,.F.);
#4939 = FACE_BOUND('',#4940,.F.);
#4940 = EDGE_LOOP('',(#4941,#4942,#4950,#4957));
#4941 = ORIENTED_EDGE('',*,*,#1848,.F.);
#4942 = ORIENTED_EDGE('',*,*,#4943,.T.);
#4943 = EDGE_CURVE('',#1841,#4944,#4946,.T.);
#4944 = VERTEX_POINT('',#4945);
#4945 = CARTESIAN_POINT('',(-1.125,0.2,3.13));
#4946 = LINE('',#4947,#4948);
#4947 = CARTESIAN_POINT('',(-1.125,6.949996134153E-16,3.13));
#4948 = VECTOR('',#4949,1.);
#4949 = DIRECTION('',(0.,1.,-2.22044604925E-16));
#4950 = ORIENTED_EDGE('',*,*,#4951,.T.);
#4951 = EDGE_CURVE('',#4944,#4921,#4952,.T.);
#4952 = CIRCLE('',#4953,0.125);
#4953 = AXIS2_PLACEMENT_3D('',#4954,#4955,#4956);
#4954 = CARTESIAN_POINT('',(-1.,0.2,3.13));
#4955 = DIRECTION('',(0.,-1.,2.22044604925E-16));
#4956 = DIRECTION('',(1.,0.,0.));
#4957 = ORIENTED_EDGE('',*,*,#4928,.F.);
#4958 = CYLINDRICAL_SURFACE('',#4959,0.125);
#4959 = AXIS2_PLACEMENT_3D('',#4960,#4961,#4962);
#4960 = CARTESIAN_POINT('',(-1.,6.949996134153E-16,3.13));
#4961 = DIRECTION('',(0.,-1.,2.22044604925E-16));
#4962 = DIRECTION('',(1.,0.,0.));
#4963 = ADVANCED_FACE('',(#4964),#4975,.T.);
#4964 = FACE_BOUND('',#4965,.T.);
#4965 = EDGE_LOOP('',(#4966,#4967,#4968,#4974));
#4966 = ORIENTED_EDGE('',*,*,#1840,.T.);
#4967 = ORIENTED_EDGE('',*,*,#4943,.T.);
#4968 = ORIENTED_EDGE('',*,*,#4969,.T.);
#4969 = EDGE_CURVE('',#4944,#3546,#4970,.T.);
#4970 = LINE('',#4971,#4972);
#4971 = CARTESIAN_POINT('',(-1.125,0.2,3.13));
#4972 = VECTOR('',#4973,1.);
#4973 = DIRECTION('',(0.,2.22044604925E-16,1.));
#4974 = ORIENTED_EDGE('',*,*,#3545,.F.);
#4975 = PLANE('',#4976);
#4976 = AXIS2_PLACEMENT_3D('',#4977,#4978,#4979);
#4977 = CARTESIAN_POINT('',(-1.125,6.949996134153E-16,3.13));
#4978 = DIRECTION('',(1.,0.,0.));
#4979 = DIRECTION('',(0.,2.22044604925E-16,1.));
#4980 = ADVANCED_FACE('',(#4981),#4999,.T.);
#4981 = FACE_BOUND('',#4982,.T.);
#4982 = EDGE_LOOP('',(#4983,#4984,#4985,#4993));
#4983 = ORIENTED_EDGE('',*,*,#1824,.T.);
#4984 = ORIENTED_EDGE('',*,*,#3538,.T.);
#4985 = ORIENTED_EDGE('',*,*,#4986,.T.);
#4986 = EDGE_CURVE('',#3531,#4987,#4989,.T.);
#4987 = VERTEX_POINT('',#4988);
#4988 = CARTESIAN_POINT('',(-1.275,0.2,3.13));
#4989 = LINE('',#4990,#4991);
#4990 = CARTESIAN_POINT('',(-1.275,0.2,3.5));
#4991 = VECTOR('',#4992,1.);
#4992 = DIRECTION('',(0.,-2.22044604925E-16,-1.));
#4993 = ORIENTED_EDGE('',*,*,#4994,.F.);
#4994 = EDGE_CURVE('',#1816,#4987,#4995,.T.);
#4995 = LINE('',#4996,#4997);
#4996 = CARTESIAN_POINT('',(-1.275,6.949996134153E-16,3.13));
#4997 = VECTOR('',#4998,1.);
#4998 = DIRECTION('',(0.,1.,-2.22044604925E-16));
#4999 = PLANE('',#5000);
#5000 = AXIS2_PLACEMENT_3D('',#5001,#5002,#5003);
#5001 = CARTESIAN_POINT('',(-1.275,7.771561172376E-16,3.5));
#5002 = DIRECTION('',(-1.,0.,0.));
#5003 = DIRECTION('',(0.,-2.22044604925E-16,-1.));
#5004 = ADVANCED_FACE('',(#5005),#5024,.F.);
#5005 = FACE_BOUND('',#5006,.F.);
#5006 = EDGE_LOOP('',(#5007,#5008,#5016,#5023));
#5007 = ORIENTED_EDGE('',*,*,#1815,.F.);
#5008 = ORIENTED_EDGE('',*,*,#5009,.T.);
#5009 = EDGE_CURVE('',#1808,#5010,#5012,.T.);
#5010 = VERTEX_POINT('',#5011);
#5011 = CARTESIAN_POINT('',(-1.525,0.2,3.13));
#5012 = LINE('',#5013,#5014);
#5013 = CARTESIAN_POINT('',(-1.525,6.949996134153E-16,3.13));
#5014 = VECTOR('',#5015,1.);
#5015 = DIRECTION('',(0.,1.,-2.22044604925E-16));
#5016 = ORIENTED_EDGE('',*,*,#5017,.T.);
#5017 = EDGE_CURVE('',#5010,#4987,#5018,.T.);
#5018 = CIRCLE('',#5019,0.125);
#5019 = AXIS2_PLACEMENT_3D('',#5020,#5021,#5022);
#5020 = CARTESIAN_POINT('',(-1.4,0.2,3.13));
#5021 = DIRECTION('',(0.,-1.,2.22044604925E-16));
#5022 = DIRECTION('',(1.,0.,0.));
#5023 = ORIENTED_EDGE('',*,*,#4994,.F.);
#5024 = CYLINDRICAL_SURFACE('',#5025,0.125);
#5025 = AXIS2_PLACEMENT_3D('',#5026,#5027,#5028);
#5026 = CARTESIAN_POINT('',(-1.4,6.949996134153E-16,3.13));
#5027 = DIRECTION('',(0.,-1.,2.22044604925E-16));
#5028 = DIRECTION('',(1.,0.,0.));
#5029 = ADVANCED_FACE('',(#5030),#5041,.T.);
#5030 = FACE_BOUND('',#5031,.T.);
#5031 = EDGE_LOOP('',(#5032,#5033,#5034,#5040));
#5032 = ORIENTED_EDGE('',*,*,#1807,.T.);
#5033 = ORIENTED_EDGE('',*,*,#5009,.T.);
#5034 = ORIENTED_EDGE('',*,*,#5035,.T.);
#5035 = EDGE_CURVE('',#5010,#3523,#5036,.T.);
#5036 = LINE('',#5037,#5038);
#5037 = CARTESIAN_POINT('',(-1.525,0.2,3.13));
#5038 = VECTOR('',#5039,1.);
#5039 = DIRECTION('',(0.,2.22044604925E-16,1.));
#5040 = ORIENTED_EDGE('',*,*,#3522,.F.);
#5041 = PLANE('',#5042);
#5042 = AXIS2_PLACEMENT_3D('',#5043,#5044,#5045);
#5043 = CARTESIAN_POINT('',(-1.525,6.949996134153E-16,3.13));
#5044 = DIRECTION('',(1.,0.,0.));
#5045 = DIRECTION('',(0.,2.22044604925E-16,1.));
#5046 = ADVANCED_FACE('',(#5047),#5065,.T.);
#5047 = FACE_BOUND('',#5048,.T.);
#5048 = EDGE_LOOP('',(#5049,#5050,#5051,#5059));
#5049 = ORIENTED_EDGE('',*,*,#1791,.T.);
#5050 = ORIENTED_EDGE('',*,*,#3515,.T.);
#5051 = ORIENTED_EDGE('',*,*,#5052,.T.);
#5052 = EDGE_CURVE('',#3508,#5053,#5055,.T.);
#5053 = VERTEX_POINT('',#5054);
#5054 = CARTESIAN_POINT('',(-1.675,0.2,3.13));
#5055 = LINE('',#5056,#5057);
#5056 = CARTESIAN_POINT('',(-1.675,0.2,3.5));
#5057 = VECTOR('',#5058,1.);
#5058 = DIRECTION('',(0.,-2.22044604925E-16,-1.));
#5059 = ORIENTED_EDGE('',*,*,#5060,.F.);
#5060 = EDGE_CURVE('',#1783,#5053,#5061,.T.);
#5061 = LINE('',#5062,#5063);
#5062 = CARTESIAN_POINT('',(-1.675,6.949996134153E-16,3.13));
#5063 = VECTOR('',#5064,1.);
#5064 = DIRECTION('',(0.,1.,-2.22044604925E-16));
#5065 = PLANE('',#5066);
#5066 = AXIS2_PLACEMENT_3D('',#5067,#5068,#5069);
#5067 = CARTESIAN_POINT('',(-1.675,7.771561172376E-16,3.5));
#5068 = DIRECTION('',(-1.,0.,0.));
#5069 = DIRECTION('',(0.,-2.22044604925E-16,-1.));
#5070 = ADVANCED_FACE('',(#5071),#5090,.F.);
#5071 = FACE_BOUND('',#5072,.F.);
#5072 = EDGE_LOOP('',(#5073,#5074,#5082,#5089));
#5073 = ORIENTED_EDGE('',*,*,#1782,.F.);
#5074 = ORIENTED_EDGE('',*,*,#5075,.T.);
#5075 = EDGE_CURVE('',#1775,#5076,#5078,.T.);
#5076 = VERTEX_POINT('',#5077);
#5077 = CARTESIAN_POINT('',(-1.925,0.2,3.13));
#5078 = LINE('',#5079,#5080);
#5079 = CARTESIAN_POINT('',(-1.925,6.949996134153E-16,3.13));
#5080 = VECTOR('',#5081,1.);
#5081 = DIRECTION('',(0.,1.,-2.22044604925E-16));
#5082 = ORIENTED_EDGE('',*,*,#5083,.T.);
#5083 = EDGE_CURVE('',#5076,#5053,#5084,.T.);
#5084 = CIRCLE('',#5085,0.125);
#5085 = AXIS2_PLACEMENT_3D('',#5086,#5087,#5088);
#5086 = CARTESIAN_POINT('',(-1.8,0.2,3.13));
#5087 = DIRECTION('',(0.,-1.,2.22044604925E-16));
#5088 = DIRECTION('',(1.,0.,0.));
#5089 = ORIENTED_EDGE('',*,*,#5060,.F.);
#5090 = CYLINDRICAL_SURFACE('',#5091,0.125);
#5091 = AXIS2_PLACEMENT_3D('',#5092,#5093,#5094);
#5092 = CARTESIAN_POINT('',(-1.8,6.949996134153E-16,3.13));
#5093 = DIRECTION('',(0.,-1.,2.22044604925E-16));
#5094 = DIRECTION('',(1.,0.,0.));
#5095 = ADVANCED_FACE('',(#5096),#5107,.T.);
#5096 = FACE_BOUND('',#5097,.T.);
#5097 = EDGE_LOOP('',(#5098,#5099,#5100,#5106));
#5098 = ORIENTED_EDGE('',*,*,#1774,.T.);
#5099 = ORIENTED_EDGE('',*,*,#5075,.T.);
#5100 = ORIENTED_EDGE('',*,*,#5101,.T.);
#5101 = EDGE_CURVE('',#5076,#3500,#5102,.T.);
#5102 = LINE('',#5103,#5104);
#5103 = CARTESIAN_POINT('',(-1.925,0.2,3.13));
#5104 = VECTOR('',#5105,1.);
#5105 = DIRECTION('',(0.,2.22044604925E-16,1.));
#5106 = ORIENTED_EDGE('',*,*,#3499,.F.);
#5107 = PLANE('',#5108);
#5108 = AXIS2_PLACEMENT_3D('',#5109,#5110,#5111);
#5109 = CARTESIAN_POINT('',(-1.925,6.949996134153E-16,3.13));
#5110 = DIRECTION('',(1.,0.,0.));
#5111 = DIRECTION('',(0.,2.22044604925E-16,1.));
#5112 = ADVANCED_FACE('',(#5113),#5131,.T.);
#5113 = FACE_BOUND('',#5114,.T.);
#5114 = EDGE_LOOP('',(#5115,#5116,#5117,#5125));
#5115 = ORIENTED_EDGE('',*,*,#1758,.T.);
#5116 = ORIENTED_EDGE('',*,*,#3492,.T.);
#5117 = ORIENTED_EDGE('',*,*,#5118,.T.);
#5118 = EDGE_CURVE('',#3485,#5119,#5121,.T.);
#5119 = VERTEX_POINT('',#5120);
#5120 = CARTESIAN_POINT('',(-2.075,0.2,3.13));
#5121 = LINE('',#5122,#5123);
#5122 = CARTESIAN_POINT('',(-2.075,0.2,3.5));
#5123 = VECTOR('',#5124,1.);
#5124 = DIRECTION('',(0.,-2.22044604925E-16,-1.));
#5125 = ORIENTED_EDGE('',*,*,#5126,.F.);
#5126 = EDGE_CURVE('',#1750,#5119,#5127,.T.);
#5127 = LINE('',#5128,#5129);
#5128 = CARTESIAN_POINT('',(-2.075,6.949996134153E-16,3.13));
#5129 = VECTOR('',#5130,1.);
#5130 = DIRECTION('',(0.,1.,-2.22044604925E-16));
#5131 = PLANE('',#5132);
#5132 = AXIS2_PLACEMENT_3D('',#5133,#5134,#5135);
#5133 = CARTESIAN_POINT('',(-2.075,7.771561172376E-16,3.5));
#5134 = DIRECTION('',(-1.,0.,0.));
#5135 = DIRECTION('',(0.,-2.22044604925E-16,-1.));
#5136 = ADVANCED_FACE('',(#5137),#5156,.F.);
#5137 = FACE_BOUND('',#5138,.F.);
#5138 = EDGE_LOOP('',(#5139,#5140,#5148,#5155));
#5139 = ORIENTED_EDGE('',*,*,#1749,.F.);
#5140 = ORIENTED_EDGE('',*,*,#5141,.T.);
#5141 = EDGE_CURVE('',#1742,#5142,#5144,.T.);
#5142 = VERTEX_POINT('',#5143);
#5143 = CARTESIAN_POINT('',(-2.325,0.2,3.13));
#5144 = LINE('',#5145,#5146);
#5145 = CARTESIAN_POINT('',(-2.325,6.949996134153E-16,3.13));
#5146 = VECTOR('',#5147,1.);
#5147 = DIRECTION('',(0.,1.,-2.22044604925E-16));
#5148 = ORIENTED_EDGE('',*,*,#5149,.T.);
#5149 = EDGE_CURVE('',#5142,#5119,#5150,.T.);
#5150 = CIRCLE('',#5151,0.125);
#5151 = AXIS2_PLACEMENT_3D('',#5152,#5153,#5154);
#5152 = CARTESIAN_POINT('',(-2.2,0.2,3.13));
#5153 = DIRECTION('',(0.,-1.,2.22044604925E-16));
#5154 = DIRECTION('',(1.,0.,0.));
#5155 = ORIENTED_EDGE('',*,*,#5126,.F.);
#5156 = CYLINDRICAL_SURFACE('',#5157,0.125);
#5157 = AXIS2_PLACEMENT_3D('',#5158,#5159,#5160);
#5158 = CARTESIAN_POINT('',(-2.2,6.949996134153E-16,3.13));
#5159 = DIRECTION('',(0.,-1.,2.22044604925E-16));
#5160 = DIRECTION('',(1.,0.,0.));
#5161 = ADVANCED_FACE('',(#5162),#5173,.T.);
#5162 = FACE_BOUND('',#5163,.T.);
#5163 = EDGE_LOOP('',(#5164,#5165,#5166,#5172));
#5164 = ORIENTED_EDGE('',*,*,#1741,.T.);
#5165 = ORIENTED_EDGE('',*,*,#5141,.T.);
#5166 = ORIENTED_EDGE('',*,*,#5167,.T.);
#5167 = EDGE_CURVE('',#5142,#3477,#5168,.T.);
#5168 = LINE('',#5169,#5170);
#5169 = CARTESIAN_POINT('',(-2.325,0.2,3.13));
#5170 = VECTOR('',#5171,1.);
#5171 = DIRECTION('',(0.,2.22044604925E-16,1.));
#5172 = ORIENTED_EDGE('',*,*,#3476,.F.);
#5173 = PLANE('',#5174);
#5174 = AXIS2_PLACEMENT_3D('',#5175,#5176,#5177);
#5175 = CARTESIAN_POINT('',(-2.325,6.949996134153E-16,3.13));
#5176 = DIRECTION('',(1.,0.,0.));
#5177 = DIRECTION('',(0.,2.22044604925E-16,1.));
#5178 = ADVANCED_FACE('',(#5179),#5197,.T.);
#5179 = FACE_BOUND('',#5180,.T.);
#5180 = EDGE_LOOP('',(#5181,#5182,#5183,#5191));
#5181 = ORIENTED_EDGE('',*,*,#1725,.T.);
#5182 = ORIENTED_EDGE('',*,*,#3469,.T.);
#5183 = ORIENTED_EDGE('',*,*,#5184,.T.);
#5184 = EDGE_CURVE('',#3462,#5185,#5187,.T.);
#5185 = VERTEX_POINT('',#5186);
#5186 = CARTESIAN_POINT('',(-2.475,0.2,3.13));
#5187 = LINE('',#5188,#5189);
#5188 = CARTESIAN_POINT('',(-2.475,0.2,3.5));
#5189 = VECTOR('',#5190,1.);
#5190 = DIRECTION('',(0.,-2.22044604925E-16,-1.));
#5191 = ORIENTED_EDGE('',*,*,#5192,.F.);
#5192 = EDGE_CURVE('',#1717,#5185,#5193,.T.);
#5193 = LINE('',#5194,#5195);
#5194 = CARTESIAN_POINT('',(-2.475,6.949996134153E-16,3.13));
#5195 = VECTOR('',#5196,1.);
#5196 = DIRECTION('',(0.,1.,-2.22044604925E-16));
#5197 = PLANE('',#5198);
#5198 = AXIS2_PLACEMENT_3D('',#5199,#5200,#5201);
#5199 = CARTESIAN_POINT('',(-2.475,7.771561172376E-16,3.5));
#5200 = DIRECTION('',(-1.,0.,0.));
#5201 = DIRECTION('',(0.,-2.22044604925E-16,-1.));
#5202 = ADVANCED_FACE('',(#5203),#5222,.F.);
#5203 = FACE_BOUND('',#5204,.F.);
#5204 = EDGE_LOOP('',(#5205,#5206,#5214,#5221));
#5205 = ORIENTED_EDGE('',*,*,#1716,.F.);
#5206 = ORIENTED_EDGE('',*,*,#5207,.T.);
#5207 = EDGE_CURVE('',#1709,#5208,#5210,.T.);
#5208 = VERTEX_POINT('',#5209);
#5209 = CARTESIAN_POINT('',(-2.725,0.2,3.13));
#5210 = LINE('',#5211,#5212);
#5211 = CARTESIAN_POINT('',(-2.725,6.949996134153E-16,3.13));
#5212 = VECTOR('',#5213,1.);
#5213 = DIRECTION('',(0.,1.,-2.22044604925E-16));
#5214 = ORIENTED_EDGE('',*,*,#5215,.T.);
#5215 = EDGE_CURVE('',#5208,#5185,#5216,.T.);
#5216 = CIRCLE('',#5217,0.125);
#5217 = AXIS2_PLACEMENT_3D('',#5218,#5219,#5220);
#5218 = CARTESIAN_POINT('',(-2.6,0.2,3.13));
#5219 = DIRECTION('',(0.,-1.,2.22044604925E-16));
#5220 = DIRECTION('',(1.,0.,0.));
#5221 = ORIENTED_EDGE('',*,*,#5192,.F.);
#5222 = CYLINDRICAL_SURFACE('',#5223,0.125);
#5223 = AXIS2_PLACEMENT_3D('',#5224,#5225,#5226);
#5224 = CARTESIAN_POINT('',(-2.6,6.949996134153E-16,3.13));
#5225 = DIRECTION('',(0.,-1.,2.22044604925E-16));
#5226 = DIRECTION('',(1.,0.,0.));
#5227 = ADVANCED_FACE('',(#5228),#5239,.T.);
#5228 = FACE_BOUND('',#5229,.T.);
#5229 = EDGE_LOOP('',(#5230,#5231,#5232,#5238));
#5230 = ORIENTED_EDGE('',*,*,#1708,.T.);
#5231 = ORIENTED_EDGE('',*,*,#5207,.T.);
#5232 = ORIENTED_EDGE('',*,*,#5233,.T.);
#5233 = EDGE_CURVE('',#5208,#3454,#5234,.T.);
#5234 = LINE('',#5235,#5236);
#5235 = CARTESIAN_POINT('',(-2.725,0.2,3.13));
#5236 = VECTOR('',#5237,1.);
#5237 = DIRECTION('',(0.,2.22044604925E-16,1.));
#5238 = ORIENTED_EDGE('',*,*,#3453,.F.);
#5239 = PLANE('',#5240);
#5240 = AXIS2_PLACEMENT_3D('',#5241,#5242,#5243);
#5241 = CARTESIAN_POINT('',(-2.725,6.949996134153E-16,3.13));
#5242 = DIRECTION('',(1.,0.,0.));
#5243 = DIRECTION('',(0.,2.22044604925E-16,1.));
#5244 = ADVANCED_FACE('',(#5245),#5573,.T.);
#5245 = FACE_BOUND('',#5246,.T.);
#5246 = EDGE_LOOP('',(#5247,#5248,#5249,#5250,#5251,#5252,#5260,#5268,
    #5274,#5275,#5283,#5291,#5297,#5298,#5306,#5314,#5320,#5321,#5329,
    #5337,#5343,#5344,#5352,#5360,#5366,#5367,#5375,#5383,#5389,#5390,
    #5398,#5406,#5412,#5413,#5421,#5429,#5435,#5436,#5444,#5452,#5458,
    #5459,#5467,#5475,#5481,#5482,#5490,#5498,#5504,#5505,#5513,#5521,
    #5527,#5528,#5536,#5544,#5550,#5551,#5559,#5567));
#5247 = ORIENTED_EDGE('',*,*,#1692,.F.);
#5248 = ORIENTED_EDGE('',*,*,#3446,.T.);
#5249 = ORIENTED_EDGE('',*,*,#3791,.T.);
#5250 = ORIENTED_EDGE('',*,*,#3818,.F.);
#5251 = ORIENTED_EDGE('',*,*,#1230,.F.);
#5252 = ORIENTED_EDGE('',*,*,#5253,.T.);
#5253 = EDGE_CURVE('',#1231,#5254,#5256,.T.);
#5254 = VERTEX_POINT('',#5255);
#5255 = CARTESIAN_POINT('',(-3.5,0.2,-2.725));
#5256 = LINE('',#5257,#5258);
#5257 = CARTESIAN_POINT('',(-3.5,-6.050715484207E-16,-2.725));
#5258 = VECTOR('',#5259,1.);
#5259 = DIRECTION('',(0.,1.,-2.22044604925E-16));
#5260 = ORIENTED_EDGE('',*,*,#5261,.T.);
#5261 = EDGE_CURVE('',#5254,#5262,#5264,.T.);
#5262 = VERTEX_POINT('',#5263);
#5263 = CARTESIAN_POINT('',(-3.5,0.2,-2.475));
#5264 = LINE('',#5265,#5266);
#5265 = CARTESIAN_POINT('',(-3.5,0.2,-2.725));
#5266 = VECTOR('',#5267,1.);
#5267 = DIRECTION('',(0.,2.22044604925E-16,1.));
#5268 = ORIENTED_EDGE('',*,*,#5269,.F.);
#5269 = EDGE_CURVE('',#1256,#5262,#5270,.T.);
#5270 = LINE('',#5271,#5272);
#5271 = CARTESIAN_POINT('',(-3.5,-5.495603971895E-16,-2.475));
#5272 = VECTOR('',#5273,1.);
#5273 = DIRECTION('',(0.,1.,-2.22044604925E-16));
#5274 = ORIENTED_EDGE('',*,*,#1263,.F.);
#5275 = ORIENTED_EDGE('',*,*,#5276,.T.);
#5276 = EDGE_CURVE('',#1264,#5277,#5279,.T.);
#5277 = VERTEX_POINT('',#5278);
#5278 = CARTESIAN_POINT('',(-3.5,0.2,-2.325));
#5279 = LINE('',#5280,#5281);
#5280 = CARTESIAN_POINT('',(-3.5,-5.551115123126E-16,-2.325));
#5281 = VECTOR('',#5282,1.);
#5282 = DIRECTION('',(0.,1.,-2.22044604925E-16));
#5283 = ORIENTED_EDGE('',*,*,#5284,.T.);
#5284 = EDGE_CURVE('',#5277,#5285,#5287,.T.);
#5285 = VERTEX_POINT('',#5286);
#5286 = CARTESIAN_POINT('',(-3.5,0.2,-2.075));
#5287 = LINE('',#5288,#5289);
#5288 = CARTESIAN_POINT('',(-3.5,0.2,-2.325));
#5289 = VECTOR('',#5290,1.);
#5290 = DIRECTION('',(0.,2.22044604925E-16,1.));
#5291 = ORIENTED_EDGE('',*,*,#5292,.F.);
#5292 = EDGE_CURVE('',#1289,#5285,#5293,.T.);
#5293 = LINE('',#5294,#5295);
#5294 = CARTESIAN_POINT('',(-3.5,-4.996003610813E-16,-2.075));
#5295 = VECTOR('',#5296,1.);
#5296 = DIRECTION('',(0.,1.,-2.22044604925E-16));
#5297 = ORIENTED_EDGE('',*,*,#1296,.F.);
#5298 = ORIENTED_EDGE('',*,*,#5299,.T.);
#5299 = EDGE_CURVE('',#1297,#5300,#5302,.T.);
#5300 = VERTEX_POINT('',#5301);
#5301 = CARTESIAN_POINT('',(-3.5,0.2,-1.925));
#5302 = LINE('',#5303,#5304);
#5303 = CARTESIAN_POINT('',(-3.5,-4.440892098501E-16,-1.925));
#5304 = VECTOR('',#5305,1.);
#5305 = DIRECTION('',(0.,1.,-2.22044604925E-16));
#5306 = ORIENTED_EDGE('',*,*,#5307,.T.);
#5307 = EDGE_CURVE('',#5300,#5308,#5310,.T.);
#5308 = VERTEX_POINT('',#5309);
#5309 = CARTESIAN_POINT('',(-3.5,0.2,-1.675));
#5310 = LINE('',#5311,#5312);
#5311 = CARTESIAN_POINT('',(-3.5,0.2,-1.925));
#5312 = VECTOR('',#5313,1.);
#5313 = DIRECTION('',(0.,2.22044604925E-16,1.));
#5314 = ORIENTED_EDGE('',*,*,#5315,.F.);
#5315 = EDGE_CURVE('',#1322,#5308,#5316,.T.);
#5316 = LINE('',#5317,#5318);
#5317 = CARTESIAN_POINT('',(-3.5,-4.440892098501E-16,-1.675));
#5318 = VECTOR('',#5319,1.);
#5319 = DIRECTION('',(0.,1.,-2.22044604925E-16));
#5320 = ORIENTED_EDGE('',*,*,#1329,.F.);
#5321 = ORIENTED_EDGE('',*,*,#5322,.T.);
#5322 = EDGE_CURVE('',#1330,#5323,#5325,.T.);
#5323 = VERTEX_POINT('',#5324);
#5324 = CARTESIAN_POINT('',(-3.5,0.2,-1.525));
#5325 = LINE('',#5326,#5327);
#5326 = CARTESIAN_POINT('',(-3.5,-4.440892098501E-16,-1.525));
#5327 = VECTOR('',#5328,1.);
#5328 = DIRECTION('',(0.,1.,-2.22044604925E-16));
#5329 = ORIENTED_EDGE('',*,*,#5330,.T.);
#5330 = EDGE_CURVE('',#5323,#5331,#5333,.T.);
#5331 = VERTEX_POINT('',#5332);
#5332 = CARTESIAN_POINT('',(-3.5,0.2,-1.275));
#5333 = LINE('',#5334,#5335);
#5334 = CARTESIAN_POINT('',(-3.5,0.2,-1.525));
#5335 = VECTOR('',#5336,1.);
#5336 = DIRECTION('',(0.,2.22044604925E-16,1.));
#5337 = ORIENTED_EDGE('',*,*,#5338,.F.);
#5338 = EDGE_CURVE('',#1355,#5331,#5339,.T.);
#5339 = LINE('',#5340,#5341);
#5340 = CARTESIAN_POINT('',(-3.5,-2.22044604925E-16,-1.275));
#5341 = VECTOR('',#5342,1.);
#5342 = DIRECTION('',(0.,1.,-2.22044604925E-16));
#5343 = ORIENTED_EDGE('',*,*,#1362,.F.);
#5344 = ORIENTED_EDGE('',*,*,#5345,.T.);
#5345 = EDGE_CURVE('',#1363,#5346,#5348,.T.);
#5346 = VERTEX_POINT('',#5347);
#5347 = CARTESIAN_POINT('',(-3.5,0.2,-1.125));
#5348 = LINE('',#5349,#5350);
#5349 = CARTESIAN_POINT('',(-3.5,-4.440892098501E-16,-1.125));
#5350 = VECTOR('',#5351,1.);
#5351 = DIRECTION('',(0.,1.,-2.22044604925E-16));
#5352 = ORIENTED_EDGE('',*,*,#5353,.T.);
#5353 = EDGE_CURVE('',#5346,#5354,#5356,.T.);
#5354 = VERTEX_POINT('',#5355);
#5355 = CARTESIAN_POINT('',(-3.5,0.2,-0.875));
#5356 = LINE('',#5357,#5358);
#5357 = CARTESIAN_POINT('',(-3.5,0.2,-1.125));
#5358 = VECTOR('',#5359,1.);
#5359 = DIRECTION('',(0.,2.22044604925E-16,1.));
#5360 = ORIENTED_EDGE('',*,*,#5361,.F.);
#5361 = EDGE_CURVE('',#1388,#5354,#5362,.T.);
#5362 = LINE('',#5363,#5364);
#5363 = CARTESIAN_POINT('',(-3.5,-2.22044604925E-16,-0.875));
#5364 = VECTOR('',#5365,1.);
#5365 = DIRECTION('',(0.,1.,-2.22044604925E-16));
#5366 = ORIENTED_EDGE('',*,*,#1395,.F.);
#5367 = ORIENTED_EDGE('',*,*,#5368,.T.);
#5368 = EDGE_CURVE('',#1396,#5369,#5371,.T.);
#5369 = VERTEX_POINT('',#5370);
#5370 = CARTESIAN_POINT('',(-3.5,0.2,-0.725));
#5371 = LINE('',#5372,#5373);
#5372 = CARTESIAN_POINT('',(-3.5,-4.440892098501E-16,-0.725));
#5373 = VECTOR('',#5374,1.);
#5374 = DIRECTION('',(0.,1.,-2.22044604925E-16));
#5375 = ORIENTED_EDGE('',*,*,#5376,.T.);
#5376 = EDGE_CURVE('',#5369,#5377,#5379,.T.);
#5377 = VERTEX_POINT('',#5378);
#5378 = CARTESIAN_POINT('',(-3.5,0.2,-0.475));
#5379 = LINE('',#5380,#5381);
#5380 = CARTESIAN_POINT('',(-3.5,0.2,-0.725));
#5381 = VECTOR('',#5382,1.);
#5382 = DIRECTION('',(0.,2.22044604925E-16,1.));
#5383 = ORIENTED_EDGE('',*,*,#5384,.F.);
#5384 = EDGE_CURVE('',#1421,#5377,#5385,.T.);
#5385 = LINE('',#5386,#5387);
#5386 = CARTESIAN_POINT('',(-3.5,-4.440892098501E-16,-0.475));
#5387 = VECTOR('',#5388,1.);
#5388 = DIRECTION('',(0.,1.,-2.22044604925E-16));
#5389 = ORIENTED_EDGE('',*,*,#1428,.F.);
#5390 = ORIENTED_EDGE('',*,*,#5391,.T.);
#5391 = EDGE_CURVE('',#1429,#5392,#5394,.T.);
#5392 = VERTEX_POINT('',#5393);
#5393 = CARTESIAN_POINT('',(-3.5,0.2,-0.325));
#5394 = LINE('',#5395,#5396);
#5395 = CARTESIAN_POINT('',(-3.5,0.,-0.325));
#5396 = VECTOR('',#5397,1.);
#5397 = DIRECTION('',(0.,1.,-2.22044604925E-16));
#5398 = ORIENTED_EDGE('',*,*,#5399,.T.);
#5399 = EDGE_CURVE('',#5392,#5400,#5402,.T.);
#5400 = VERTEX_POINT('',#5401);
#5401 = CARTESIAN_POINT('',(-3.5,0.2,-7.5E-02));
#5402 = LINE('',#5403,#5404);
#5403 = CARTESIAN_POINT('',(-3.5,0.2,-0.325));
#5404 = VECTOR('',#5405,1.);
#5405 = DIRECTION('',(0.,2.22044604925E-16,1.));
#5406 = ORIENTED_EDGE('',*,*,#5407,.F.);
#5407 = EDGE_CURVE('',#1454,#5400,#5408,.T.);
#5408 = LINE('',#5409,#5410);
#5409 = CARTESIAN_POINT('',(-3.5,0.,-7.5E-02));
#5410 = VECTOR('',#5411,1.);
#5411 = DIRECTION('',(0.,1.,-2.22044604925E-16));
#5412 = ORIENTED_EDGE('',*,*,#1461,.F.);
#5413 = ORIENTED_EDGE('',*,*,#5414,.T.);
#5414 = EDGE_CURVE('',#1462,#5415,#5417,.T.);
#5415 = VERTEX_POINT('',#5416);
#5416 = CARTESIAN_POINT('',(-3.5,0.2,7.5E-02));
#5417 = LINE('',#5418,#5419);
#5418 = CARTESIAN_POINT('',(-3.5,0.,7.5E-02));
#5419 = VECTOR('',#5420,1.);
#5420 = DIRECTION('',(0.,1.,-2.22044604925E-16));
#5421 = ORIENTED_EDGE('',*,*,#5422,.T.);
#5422 = EDGE_CURVE('',#5415,#5423,#5425,.T.);
#5423 = VERTEX_POINT('',#5424);
#5424 = CARTESIAN_POINT('',(-3.5,0.2,0.325));
#5425 = LINE('',#5426,#5427);
#5426 = CARTESIAN_POINT('',(-3.5,0.2,7.5E-02));
#5427 = VECTOR('',#5428,1.);
#5428 = DIRECTION('',(0.,2.22044604925E-16,1.));
#5429 = ORIENTED_EDGE('',*,*,#5430,.F.);
#5430 = EDGE_CURVE('',#1487,#5423,#5431,.T.);
#5431 = LINE('',#5432,#5433);
#5432 = CARTESIAN_POINT('',(-3.5,0.,0.325));
#5433 = VECTOR('',#5434,1.);
#5434 = DIRECTION('',(0.,1.,-2.22044604925E-16));
#5435 = ORIENTED_EDGE('',*,*,#1494,.F.);
#5436 = ORIENTED_EDGE('',*,*,#5437,.T.);
#5437 = EDGE_CURVE('',#1495,#5438,#5440,.T.);
#5438 = VERTEX_POINT('',#5439);
#5439 = CARTESIAN_POINT('',(-3.5,0.2,0.475));
#5440 = LINE('',#5441,#5442);
#5441 = CARTESIAN_POINT('',(-3.5,0.,0.475));
#5442 = VECTOR('',#5443,1.);
#5443 = DIRECTION('',(0.,1.,-2.22044604925E-16));
#5444 = ORIENTED_EDGE('',*,*,#5445,.T.);
#5445 = EDGE_CURVE('',#5438,#5446,#5448,.T.);
#5446 = VERTEX_POINT('',#5447);
#5447 = CARTESIAN_POINT('',(-3.5,0.2,0.725));
#5448 = LINE('',#5449,#5450);
#5449 = CARTESIAN_POINT('',(-3.5,0.2,0.475));
#5450 = VECTOR('',#5451,1.);
#5451 = DIRECTION('',(0.,2.22044604925E-16,1.));
#5452 = ORIENTED_EDGE('',*,*,#5453,.F.);
#5453 = EDGE_CURVE('',#1520,#5446,#5454,.T.);
#5454 = LINE('',#5455,#5456);
#5455 = CARTESIAN_POINT('',(-3.5,0.,0.725));
#5456 = VECTOR('',#5457,1.);
#5457 = DIRECTION('',(0.,1.,-2.22044604925E-16));
#5458 = ORIENTED_EDGE('',*,*,#1527,.F.);
#5459 = ORIENTED_EDGE('',*,*,#5460,.T.);
#5460 = EDGE_CURVE('',#1528,#5461,#5463,.T.);
#5461 = VERTEX_POINT('',#5462);
#5462 = CARTESIAN_POINT('',(-3.5,0.2,0.875));
#5463 = LINE('',#5464,#5465);
#5464 = CARTESIAN_POINT('',(-3.5,0.,0.875));
#5465 = VECTOR('',#5466,1.);
#5466 = DIRECTION('',(0.,1.,-2.22044604925E-16));
#5467 = ORIENTED_EDGE('',*,*,#5468,.T.);
#5468 = EDGE_CURVE('',#5461,#5469,#5471,.T.);
#5469 = VERTEX_POINT('',#5470);
#5470 = CARTESIAN_POINT('',(-3.5,0.2,1.125));
#5471 = LINE('',#5472,#5473);
#5472 = CARTESIAN_POINT('',(-3.5,0.2,0.875));
#5473 = VECTOR('',#5474,1.);
#5474 = DIRECTION('',(0.,2.22044604925E-16,1.));
#5475 = ORIENTED_EDGE('',*,*,#5476,.F.);
#5476 = EDGE_CURVE('',#1553,#5469,#5477,.T.);
#5477 = LINE('',#5478,#5479);
#5478 = CARTESIAN_POINT('',(-3.5,0.,1.125));
#5479 = VECTOR('',#5480,1.);
#5480 = DIRECTION('',(0.,1.,-2.22044604925E-16));
#5481 = ORIENTED_EDGE('',*,*,#1560,.F.);
#5482 = ORIENTED_EDGE('',*,*,#5483,.T.);
#5483 = EDGE_CURVE('',#1561,#5484,#5486,.T.);
#5484 = VERTEX_POINT('',#5485);
#5485 = CARTESIAN_POINT('',(-3.5,0.2,1.275));
#5486 = LINE('',#5487,#5488);
#5487 = CARTESIAN_POINT('',(-3.5,0.,1.275));
#5488 = VECTOR('',#5489,1.);
#5489 = DIRECTION('',(0.,1.,-2.22044604925E-16));
#5490 = ORIENTED_EDGE('',*,*,#5491,.T.);
#5491 = EDGE_CURVE('',#5484,#5492,#5494,.T.);
#5492 = VERTEX_POINT('',#5493);
#5493 = CARTESIAN_POINT('',(-3.5,0.2,1.525));
#5494 = LINE('',#5495,#5496);
#5495 = CARTESIAN_POINT('',(-3.5,0.2,1.275));
#5496 = VECTOR('',#5497,1.);
#5497 = DIRECTION('',(0.,2.22044604925E-16,1.));
#5498 = ORIENTED_EDGE('',*,*,#5499,.F.);
#5499 = EDGE_CURVE('',#1586,#5492,#5500,.T.);
#5500 = LINE('',#5501,#5502);
#5501 = CARTESIAN_POINT('',(-3.5,0.,1.525));
#5502 = VECTOR('',#5503,1.);
#5503 = DIRECTION('',(0.,1.,-2.22044604925E-16));
#5504 = ORIENTED_EDGE('',*,*,#1593,.F.);
#5505 = ORIENTED_EDGE('',*,*,#5506,.T.);
#5506 = EDGE_CURVE('',#1594,#5507,#5509,.T.);
#5507 = VERTEX_POINT('',#5508);
#5508 = CARTESIAN_POINT('',(-3.5,0.2,1.675));
#5509 = LINE('',#5510,#5511);
#5510 = CARTESIAN_POINT('',(-3.5,0.,1.675));
#5511 = VECTOR('',#5512,1.);
#5512 = DIRECTION('',(0.,1.,-2.22044604925E-16));
#5513 = ORIENTED_EDGE('',*,*,#5514,.T.);
#5514 = EDGE_CURVE('',#5507,#5515,#5517,.T.);
#5515 = VERTEX_POINT('',#5516);
#5516 = CARTESIAN_POINT('',(-3.5,0.2,1.925));
#5517 = LINE('',#5518,#5519);
#5518 = CARTESIAN_POINT('',(-3.5,0.2,1.675));
#5519 = VECTOR('',#5520,1.);
#5520 = DIRECTION('',(0.,2.22044604925E-16,1.));
#5521 = ORIENTED_EDGE('',*,*,#5522,.F.);
#5522 = EDGE_CURVE('',#1619,#5515,#5523,.T.);
#5523 = LINE('',#5524,#5525);
#5524 = CARTESIAN_POINT('',(-3.5,0.,1.925));
#5525 = VECTOR('',#5526,1.);
#5526 = DIRECTION('',(0.,1.,-2.22044604925E-16));
#5527 = ORIENTED_EDGE('',*,*,#1626,.F.);
#5528 = ORIENTED_EDGE('',*,*,#5529,.T.);
#5529 = EDGE_CURVE('',#1627,#5530,#5532,.T.);
#5530 = VERTEX_POINT('',#5531);
#5531 = CARTESIAN_POINT('',(-3.5,0.2,2.075));
#5532 = LINE('',#5533,#5534);
#5533 = CARTESIAN_POINT('',(-3.5,0.,2.075));
#5534 = VECTOR('',#5535,1.);
#5535 = DIRECTION('',(0.,1.,-2.22044604925E-16));
#5536 = ORIENTED_EDGE('',*,*,#5537,.T.);
#5537 = EDGE_CURVE('',#5530,#5538,#5540,.T.);
#5538 = VERTEX_POINT('',#5539);
#5539 = CARTESIAN_POINT('',(-3.5,0.2,2.325));
#5540 = LINE('',#5541,#5542);
#5541 = CARTESIAN_POINT('',(-3.5,0.2,2.075));
#5542 = VECTOR('',#5543,1.);
#5543 = DIRECTION('',(0.,2.22044604925E-16,1.));
#5544 = ORIENTED_EDGE('',*,*,#5545,.F.);
#5545 = EDGE_CURVE('',#1652,#5538,#5546,.T.);
#5546 = LINE('',#5547,#5548);
#5547 = CARTESIAN_POINT('',(-3.5,0.,2.325));
#5548 = VECTOR('',#5549,1.);
#5549 = DIRECTION('',(0.,1.,-2.22044604925E-16));
#5550 = ORIENTED_EDGE('',*,*,#1659,.F.);
#5551 = ORIENTED_EDGE('',*,*,#5552,.T.);
#5552 = EDGE_CURVE('',#1660,#5553,#5555,.T.);
#5553 = VERTEX_POINT('',#5554);
#5554 = CARTESIAN_POINT('',(-3.5,0.2,2.475));
#5555 = LINE('',#5556,#5557);
#5556 = CARTESIAN_POINT('',(-3.5,0.,2.475));
#5557 = VECTOR('',#5558,1.);
#5558 = DIRECTION('',(0.,1.,-2.22044604925E-16));
#5559 = ORIENTED_EDGE('',*,*,#5560,.T.);
#5560 = EDGE_CURVE('',#5553,#5561,#5563,.T.);
#5561 = VERTEX_POINT('',#5562);
#5562 = CARTESIAN_POINT('',(-3.5,0.2,2.725));
#5563 = LINE('',#5564,#5565);
#5564 = CARTESIAN_POINT('',(-3.5,0.2,2.475));
#5565 = VECTOR('',#5566,1.);
#5566 = DIRECTION('',(0.,2.22044604925E-16,1.));
#5567 = ORIENTED_EDGE('',*,*,#5568,.F.);
#5568 = EDGE_CURVE('',#1685,#5561,#5569,.T.);
#5569 = LINE('',#5570,#5571);
#5570 = CARTESIAN_POINT('',(-3.5,0.,2.725));
#5571 = VECTOR('',#5572,1.);
#5572 = DIRECTION('',(0.,1.,-2.22044604925E-16));
#5573 = PLANE('',#5574);
#5574 = AXIS2_PLACEMENT_3D('',#5575,#5576,#5577);
#5575 = CARTESIAN_POINT('',(-3.5,7.771561172376E-16,3.5));
#5576 = DIRECTION('',(-1.,0.,0.));
#5577 = DIRECTION('',(0.,-2.22044604925E-16,-1.));
#5578 = ADVANCED_FACE('',(#5579),#5597,.T.);
#5579 = FACE_BOUND('',#5580,.T.);
#5580 = EDGE_LOOP('',(#5581,#5582,#5583,#5591));
#5581 = ORIENTED_EDGE('',*,*,#1684,.T.);
#5582 = ORIENTED_EDGE('',*,*,#5568,.T.);
#5583 = ORIENTED_EDGE('',*,*,#5584,.T.);
#5584 = EDGE_CURVE('',#5561,#5585,#5587,.T.);
#5585 = VERTEX_POINT('',#5586);
#5586 = CARTESIAN_POINT('',(-3.13,0.2,2.725));
#5587 = LINE('',#5588,#5589);
#5588 = CARTESIAN_POINT('',(-3.5,0.2,2.725));
#5589 = VECTOR('',#5590,1.);
#5590 = DIRECTION('',(1.,0.,0.));
#5591 = ORIENTED_EDGE('',*,*,#5592,.F.);
#5592 = EDGE_CURVE('',#1676,#5585,#5593,.T.);
#5593 = LINE('',#5594,#5595);
#5594 = CARTESIAN_POINT('',(-3.13,0.,2.725));
#5595 = VECTOR('',#5596,1.);
#5596 = DIRECTION('',(0.,1.,-2.22044604925E-16));
#5597 = PLANE('',#5598);
#5598 = AXIS2_PLACEMENT_3D('',#5599,#5600,#5601);
#5599 = CARTESIAN_POINT('',(-3.5,0.,2.725));
#5600 = DIRECTION('',(0.,-2.22044604925E-16,-1.));
#5601 = DIRECTION('',(1.,0.,0.));
#5602 = ADVANCED_FACE('',(#5603),#5622,.F.);
#5603 = FACE_BOUND('',#5604,.F.);
#5604 = EDGE_LOOP('',(#5605,#5606,#5614,#5621));
#5605 = ORIENTED_EDGE('',*,*,#1675,.F.);
#5606 = ORIENTED_EDGE('',*,*,#5607,.T.);
#5607 = EDGE_CURVE('',#1668,#5608,#5610,.T.);
#5608 = VERTEX_POINT('',#5609);
#5609 = CARTESIAN_POINT('',(-3.13,0.2,2.475));
#5610 = LINE('',#5611,#5612);
#5611 = CARTESIAN_POINT('',(-3.13,0.,2.475));
#5612 = VECTOR('',#5613,1.);
#5613 = DIRECTION('',(0.,1.,-2.22044604925E-16));
#5614 = ORIENTED_EDGE('',*,*,#5615,.T.);
#5615 = EDGE_CURVE('',#5608,#5585,#5616,.T.);
#5616 = CIRCLE('',#5617,0.125);
#5617 = AXIS2_PLACEMENT_3D('',#5618,#5619,#5620);
#5618 = CARTESIAN_POINT('',(-3.13,0.2,2.6));
#5619 = DIRECTION('',(0.,-1.,2.22044604925E-16));
#5620 = DIRECTION('',(1.,0.,0.));
#5621 = ORIENTED_EDGE('',*,*,#5592,.F.);
#5622 = CYLINDRICAL_SURFACE('',#5623,0.125);
#5623 = AXIS2_PLACEMENT_3D('',#5624,#5625,#5626);
#5624 = CARTESIAN_POINT('',(-3.13,0.,2.6));
#5625 = DIRECTION('',(0.,-1.,2.22044604925E-16));
#5626 = DIRECTION('',(1.,0.,0.));
#5627 = ADVANCED_FACE('',(#5628),#5639,.T.);
#5628 = FACE_BOUND('',#5629,.T.);
#5629 = EDGE_LOOP('',(#5630,#5631,#5632,#5638));
#5630 = ORIENTED_EDGE('',*,*,#1667,.T.);
#5631 = ORIENTED_EDGE('',*,*,#5607,.T.);
#5632 = ORIENTED_EDGE('',*,*,#5633,.T.);
#5633 = EDGE_CURVE('',#5608,#5553,#5634,.T.);
#5634 = LINE('',#5635,#5636);
#5635 = CARTESIAN_POINT('',(-3.13,0.2,2.475));
#5636 = VECTOR('',#5637,1.);
#5637 = DIRECTION('',(-1.,0.,0.));
#5638 = ORIENTED_EDGE('',*,*,#5552,.F.);
#5639 = PLANE('',#5640);
#5640 = AXIS2_PLACEMENT_3D('',#5641,#5642,#5643);
#5641 = CARTESIAN_POINT('',(-3.13,0.,2.475));
#5642 = DIRECTION('',(0.,2.22044604925E-16,1.));
#5643 = DIRECTION('',(-1.,0.,0.));
#5644 = ADVANCED_FACE('',(#5645),#5663,.T.);
#5645 = FACE_BOUND('',#5646,.T.);
#5646 = EDGE_LOOP('',(#5647,#5648,#5649,#5657));
#5647 = ORIENTED_EDGE('',*,*,#1651,.T.);
#5648 = ORIENTED_EDGE('',*,*,#5545,.T.);
#5649 = ORIENTED_EDGE('',*,*,#5650,.T.);
#5650 = EDGE_CURVE('',#5538,#5651,#5653,.T.);
#5651 = VERTEX_POINT('',#5652);
#5652 = CARTESIAN_POINT('',(-3.13,0.2,2.325));
#5653 = LINE('',#5654,#5655);
#5654 = CARTESIAN_POINT('',(-3.5,0.2,2.325));
#5655 = VECTOR('',#5656,1.);
#5656 = DIRECTION('',(1.,0.,0.));
#5657 = ORIENTED_EDGE('',*,*,#5658,.F.);
#5658 = EDGE_CURVE('',#1643,#5651,#5659,.T.);
#5659 = LINE('',#5660,#5661);
#5660 = CARTESIAN_POINT('',(-3.13,0.,2.325));
#5661 = VECTOR('',#5662,1.);
#5662 = DIRECTION('',(0.,1.,-2.22044604925E-16));
#5663 = PLANE('',#5664);
#5664 = AXIS2_PLACEMENT_3D('',#5665,#5666,#5667);
#5665 = CARTESIAN_POINT('',(-3.5,0.,2.325));
#5666 = DIRECTION('',(0.,-2.22044604925E-16,-1.));
#5667 = DIRECTION('',(1.,0.,0.));
#5668 = ADVANCED_FACE('',(#5669),#5688,.F.);
#5669 = FACE_BOUND('',#5670,.F.);
#5670 = EDGE_LOOP('',(#5671,#5672,#5680,#5687));
#5671 = ORIENTED_EDGE('',*,*,#1642,.F.);
#5672 = ORIENTED_EDGE('',*,*,#5673,.T.);
#5673 = EDGE_CURVE('',#1635,#5674,#5676,.T.);
#5674 = VERTEX_POINT('',#5675);
#5675 = CARTESIAN_POINT('',(-3.13,0.2,2.075));
#5676 = LINE('',#5677,#5678);
#5677 = CARTESIAN_POINT('',(-3.13,0.,2.075));
#5678 = VECTOR('',#5679,1.);
#5679 = DIRECTION('',(0.,1.,-2.22044604925E-16));
#5680 = ORIENTED_EDGE('',*,*,#5681,.T.);
#5681 = EDGE_CURVE('',#5674,#5651,#5682,.T.);
#5682 = CIRCLE('',#5683,0.125);
#5683 = AXIS2_PLACEMENT_3D('',#5684,#5685,#5686);
#5684 = CARTESIAN_POINT('',(-3.13,0.2,2.2));
#5685 = DIRECTION('',(0.,-1.,2.22044604925E-16));
#5686 = DIRECTION('',(1.,0.,0.));
#5687 = ORIENTED_EDGE('',*,*,#5658,.F.);
#5688 = CYLINDRICAL_SURFACE('',#5689,0.125);
#5689 = AXIS2_PLACEMENT_3D('',#5690,#5691,#5692);
#5690 = CARTESIAN_POINT('',(-3.13,0.,2.2));
#5691 = DIRECTION('',(0.,-1.,2.22044604925E-16));
#5692 = DIRECTION('',(1.,0.,0.));
#5693 = ADVANCED_FACE('',(#5694),#5705,.T.);
#5694 = FACE_BOUND('',#5695,.T.);
#5695 = EDGE_LOOP('',(#5696,#5697,#5698,#5704));
#5696 = ORIENTED_EDGE('',*,*,#1634,.T.);
#5697 = ORIENTED_EDGE('',*,*,#5673,.T.);
#5698 = ORIENTED_EDGE('',*,*,#5699,.T.);
#5699 = EDGE_CURVE('',#5674,#5530,#5700,.T.);
#5700 = LINE('',#5701,#5702);
#5701 = CARTESIAN_POINT('',(-3.13,0.2,2.075));
#5702 = VECTOR('',#5703,1.);
#5703 = DIRECTION('',(-1.,0.,0.));
#5704 = ORIENTED_EDGE('',*,*,#5529,.F.);
#5705 = PLANE('',#5706);
#5706 = AXIS2_PLACEMENT_3D('',#5707,#5708,#5709);
#5707 = CARTESIAN_POINT('',(-3.13,0.,2.075));
#5708 = DIRECTION('',(0.,2.22044604925E-16,1.));
#5709 = DIRECTION('',(-1.,0.,0.));
#5710 = ADVANCED_FACE('',(#5711),#5729,.T.);
#5711 = FACE_BOUND('',#5712,.T.);
#5712 = EDGE_LOOP('',(#5713,#5714,#5715,#5723));
#5713 = ORIENTED_EDGE('',*,*,#1618,.T.);
#5714 = ORIENTED_EDGE('',*,*,#5522,.T.);
#5715 = ORIENTED_EDGE('',*,*,#5716,.T.);
#5716 = EDGE_CURVE('',#5515,#5717,#5719,.T.);
#5717 = VERTEX_POINT('',#5718);
#5718 = CARTESIAN_POINT('',(-3.13,0.2,1.925));
#5719 = LINE('',#5720,#5721);
#5720 = CARTESIAN_POINT('',(-3.5,0.2,1.925));
#5721 = VECTOR('',#5722,1.);
#5722 = DIRECTION('',(1.,0.,0.));
#5723 = ORIENTED_EDGE('',*,*,#5724,.F.);
#5724 = EDGE_CURVE('',#1610,#5717,#5725,.T.);
#5725 = LINE('',#5726,#5727);
#5726 = CARTESIAN_POINT('',(-3.13,0.,1.925));
#5727 = VECTOR('',#5728,1.);
#5728 = DIRECTION('',(0.,1.,-2.22044604925E-16));
#5729 = PLANE('',#5730);
#5730 = AXIS2_PLACEMENT_3D('',#5731,#5732,#5733);
#5731 = CARTESIAN_POINT('',(-3.5,0.,1.925));
#5732 = DIRECTION('',(0.,-2.22044604925E-16,-1.));
#5733 = DIRECTION('',(1.,0.,0.));
#5734 = ADVANCED_FACE('',(#5735),#5754,.F.);
#5735 = FACE_BOUND('',#5736,.F.);
#5736 = EDGE_LOOP('',(#5737,#5738,#5746,#5753));
#5737 = ORIENTED_EDGE('',*,*,#1609,.F.);
#5738 = ORIENTED_EDGE('',*,*,#5739,.T.);
#5739 = EDGE_CURVE('',#1602,#5740,#5742,.T.);
#5740 = VERTEX_POINT('',#5741);
#5741 = CARTESIAN_POINT('',(-3.13,0.2,1.675));
#5742 = LINE('',#5743,#5744);
#5743 = CARTESIAN_POINT('',(-3.13,0.,1.675));
#5744 = VECTOR('',#5745,1.);
#5745 = DIRECTION('',(0.,1.,-2.22044604925E-16));
#5746 = ORIENTED_EDGE('',*,*,#5747,.T.);
#5747 = EDGE_CURVE('',#5740,#5717,#5748,.T.);
#5748 = CIRCLE('',#5749,0.125);
#5749 = AXIS2_PLACEMENT_3D('',#5750,#5751,#5752);
#5750 = CARTESIAN_POINT('',(-3.13,0.2,1.8));
#5751 = DIRECTION('',(0.,-1.,2.22044604925E-16));
#5752 = DIRECTION('',(1.,0.,0.));
#5753 = ORIENTED_EDGE('',*,*,#5724,.F.);
#5754 = CYLINDRICAL_SURFACE('',#5755,0.125);
#5755 = AXIS2_PLACEMENT_3D('',#5756,#5757,#5758);
#5756 = CARTESIAN_POINT('',(-3.13,0.,1.8));
#5757 = DIRECTION('',(0.,-1.,2.22044604925E-16));
#5758 = DIRECTION('',(1.,0.,0.));
#5759 = ADVANCED_FACE('',(#5760),#5771,.T.);
#5760 = FACE_BOUND('',#5761,.T.);
#5761 = EDGE_LOOP('',(#5762,#5763,#5764,#5770));
#5762 = ORIENTED_EDGE('',*,*,#1601,.T.);
#5763 = ORIENTED_EDGE('',*,*,#5739,.T.);
#5764 = ORIENTED_EDGE('',*,*,#5765,.T.);
#5765 = EDGE_CURVE('',#5740,#5507,#5766,.T.);
#5766 = LINE('',#5767,#5768);
#5767 = CARTESIAN_POINT('',(-3.13,0.2,1.675));
#5768 = VECTOR('',#5769,1.);
#5769 = DIRECTION('',(-1.,0.,0.));
#5770 = ORIENTED_EDGE('',*,*,#5506,.F.);
#5771 = PLANE('',#5772);
#5772 = AXIS2_PLACEMENT_3D('',#5773,#5774,#5775);
#5773 = CARTESIAN_POINT('',(-3.13,0.,1.675));
#5774 = DIRECTION('',(0.,2.22044604925E-16,1.));
#5775 = DIRECTION('',(-1.,0.,0.));
#5776 = ADVANCED_FACE('',(#5777),#5795,.T.);
#5777 = FACE_BOUND('',#5778,.T.);
#5778 = EDGE_LOOP('',(#5779,#5780,#5781,#5789));
#5779 = ORIENTED_EDGE('',*,*,#1585,.T.);
#5780 = ORIENTED_EDGE('',*,*,#5499,.T.);
#5781 = ORIENTED_EDGE('',*,*,#5782,.T.);
#5782 = EDGE_CURVE('',#5492,#5783,#5785,.T.);
#5783 = VERTEX_POINT('',#5784);
#5784 = CARTESIAN_POINT('',(-3.13,0.2,1.525));
#5785 = LINE('',#5786,#5787);
#5786 = CARTESIAN_POINT('',(-3.5,0.2,1.525));
#5787 = VECTOR('',#5788,1.);
#5788 = DIRECTION('',(1.,0.,0.));
#5789 = ORIENTED_EDGE('',*,*,#5790,.F.);
#5790 = EDGE_CURVE('',#1577,#5783,#5791,.T.);
#5791 = LINE('',#5792,#5793);
#5792 = CARTESIAN_POINT('',(-3.13,0.,1.525));
#5793 = VECTOR('',#5794,1.);
#5794 = DIRECTION('',(0.,1.,-2.22044604925E-16));
#5795 = PLANE('',#5796);
#5796 = AXIS2_PLACEMENT_3D('',#5797,#5798,#5799);
#5797 = CARTESIAN_POINT('',(-3.5,0.,1.525));
#5798 = DIRECTION('',(0.,-2.22044604925E-16,-1.));
#5799 = DIRECTION('',(1.,0.,0.));
#5800 = ADVANCED_FACE('',(#5801),#5820,.F.);
#5801 = FACE_BOUND('',#5802,.F.);
#5802 = EDGE_LOOP('',(#5803,#5804,#5812,#5819));
#5803 = ORIENTED_EDGE('',*,*,#1576,.F.);
#5804 = ORIENTED_EDGE('',*,*,#5805,.T.);
#5805 = EDGE_CURVE('',#1569,#5806,#5808,.T.);
#5806 = VERTEX_POINT('',#5807);
#5807 = CARTESIAN_POINT('',(-3.13,0.2,1.275));
#5808 = LINE('',#5809,#5810);
#5809 = CARTESIAN_POINT('',(-3.13,0.,1.275));
#5810 = VECTOR('',#5811,1.);
#5811 = DIRECTION('',(0.,1.,-2.22044604925E-16));
#5812 = ORIENTED_EDGE('',*,*,#5813,.T.);
#5813 = EDGE_CURVE('',#5806,#5783,#5814,.T.);
#5814 = CIRCLE('',#5815,0.125);
#5815 = AXIS2_PLACEMENT_3D('',#5816,#5817,#5818);
#5816 = CARTESIAN_POINT('',(-3.13,0.2,1.4));
#5817 = DIRECTION('',(0.,-1.,2.22044604925E-16));
#5818 = DIRECTION('',(1.,0.,0.));
#5819 = ORIENTED_EDGE('',*,*,#5790,.F.);
#5820 = CYLINDRICAL_SURFACE('',#5821,0.125);
#5821 = AXIS2_PLACEMENT_3D('',#5822,#5823,#5824);
#5822 = CARTESIAN_POINT('',(-3.13,0.,1.4));
#5823 = DIRECTION('',(0.,-1.,2.22044604925E-16));
#5824 = DIRECTION('',(1.,0.,0.));
#5825 = ADVANCED_FACE('',(#5826),#5837,.T.);
#5826 = FACE_BOUND('',#5827,.T.);
#5827 = EDGE_LOOP('',(#5828,#5829,#5830,#5836));
#5828 = ORIENTED_EDGE('',*,*,#1568,.T.);
#5829 = ORIENTED_EDGE('',*,*,#5805,.T.);
#5830 = ORIENTED_EDGE('',*,*,#5831,.T.);
#5831 = EDGE_CURVE('',#5806,#5484,#5832,.T.);
#5832 = LINE('',#5833,#5834);
#5833 = CARTESIAN_POINT('',(-3.13,0.2,1.275));
#5834 = VECTOR('',#5835,1.);
#5835 = DIRECTION('',(-1.,0.,0.));
#5836 = ORIENTED_EDGE('',*,*,#5483,.F.);
#5837 = PLANE('',#5838);
#5838 = AXIS2_PLACEMENT_3D('',#5839,#5840,#5841);
#5839 = CARTESIAN_POINT('',(-3.13,0.,1.275));
#5840 = DIRECTION('',(0.,2.22044604925E-16,1.));
#5841 = DIRECTION('',(-1.,0.,0.));
#5842 = ADVANCED_FACE('',(#5843),#5861,.T.);
#5843 = FACE_BOUND('',#5844,.T.);
#5844 = EDGE_LOOP('',(#5845,#5846,#5847,#5855));
#5845 = ORIENTED_EDGE('',*,*,#1552,.T.);
#5846 = ORIENTED_EDGE('',*,*,#5476,.T.);
#5847 = ORIENTED_EDGE('',*,*,#5848,.T.);
#5848 = EDGE_CURVE('',#5469,#5849,#5851,.T.);
#5849 = VERTEX_POINT('',#5850);
#5850 = CARTESIAN_POINT('',(-3.13,0.2,1.125));
#5851 = LINE('',#5852,#5853);
#5852 = CARTESIAN_POINT('',(-3.5,0.2,1.125));
#5853 = VECTOR('',#5854,1.);
#5854 = DIRECTION('',(1.,0.,0.));
#5855 = ORIENTED_EDGE('',*,*,#5856,.F.);
#5856 = EDGE_CURVE('',#1544,#5849,#5857,.T.);
#5857 = LINE('',#5858,#5859);
#5858 = CARTESIAN_POINT('',(-3.13,0.,1.125));
#5859 = VECTOR('',#5860,1.);
#5860 = DIRECTION('',(0.,1.,-2.22044604925E-16));
#5861 = PLANE('',#5862);
#5862 = AXIS2_PLACEMENT_3D('',#5863,#5864,#5865);
#5863 = CARTESIAN_POINT('',(-3.5,0.,1.125));
#5864 = DIRECTION('',(0.,-2.22044604925E-16,-1.));
#5865 = DIRECTION('',(1.,0.,0.));
#5866 = ADVANCED_FACE('',(#5867),#5886,.F.);
#5867 = FACE_BOUND('',#5868,.F.);
#5868 = EDGE_LOOP('',(#5869,#5870,#5878,#5885));
#5869 = ORIENTED_EDGE('',*,*,#1543,.F.);
#5870 = ORIENTED_EDGE('',*,*,#5871,.T.);
#5871 = EDGE_CURVE('',#1536,#5872,#5874,.T.);
#5872 = VERTEX_POINT('',#5873);
#5873 = CARTESIAN_POINT('',(-3.13,0.2,0.875));
#5874 = LINE('',#5875,#5876);
#5875 = CARTESIAN_POINT('',(-3.13,0.,0.875));
#5876 = VECTOR('',#5877,1.);
#5877 = DIRECTION('',(0.,1.,-2.22044604925E-16));
#5878 = ORIENTED_EDGE('',*,*,#5879,.T.);
#5879 = EDGE_CURVE('',#5872,#5849,#5880,.T.);
#5880 = CIRCLE('',#5881,0.125);
#5881 = AXIS2_PLACEMENT_3D('',#5882,#5883,#5884);
#5882 = CARTESIAN_POINT('',(-3.13,0.2,1.));
#5883 = DIRECTION('',(0.,-1.,2.22044604925E-16));
#5884 = DIRECTION('',(1.,0.,0.));
#5885 = ORIENTED_EDGE('',*,*,#5856,.F.);
#5886 = CYLINDRICAL_SURFACE('',#5887,0.125);
#5887 = AXIS2_PLACEMENT_3D('',#5888,#5889,#5890);
#5888 = CARTESIAN_POINT('',(-3.13,0.,1.));
#5889 = DIRECTION('',(0.,-1.,2.22044604925E-16));
#5890 = DIRECTION('',(1.,0.,0.));
#5891 = ADVANCED_FACE('',(#5892),#5903,.T.);
#5892 = FACE_BOUND('',#5893,.T.);
#5893 = EDGE_LOOP('',(#5894,#5895,#5896,#5902));
#5894 = ORIENTED_EDGE('',*,*,#1535,.T.);
#5895 = ORIENTED_EDGE('',*,*,#5871,.T.);
#5896 = ORIENTED_EDGE('',*,*,#5897,.T.);
#5897 = EDGE_CURVE('',#5872,#5461,#5898,.T.);
#5898 = LINE('',#5899,#5900);
#5899 = CARTESIAN_POINT('',(-3.13,0.2,0.875));
#5900 = VECTOR('',#5901,1.);
#5901 = DIRECTION('',(-1.,0.,0.));
#5902 = ORIENTED_EDGE('',*,*,#5460,.F.);
#5903 = PLANE('',#5904);
#5904 = AXIS2_PLACEMENT_3D('',#5905,#5906,#5907);
#5905 = CARTESIAN_POINT('',(-3.13,0.,0.875));
#5906 = DIRECTION('',(0.,2.22044604925E-16,1.));
#5907 = DIRECTION('',(-1.,0.,0.));
#5908 = ADVANCED_FACE('',(#5909),#5927,.T.);
#5909 = FACE_BOUND('',#5910,.T.);
#5910 = EDGE_LOOP('',(#5911,#5912,#5913,#5921));
#5911 = ORIENTED_EDGE('',*,*,#1519,.T.);
#5912 = ORIENTED_EDGE('',*,*,#5453,.T.);
#5913 = ORIENTED_EDGE('',*,*,#5914,.T.);
#5914 = EDGE_CURVE('',#5446,#5915,#5917,.T.);
#5915 = VERTEX_POINT('',#5916);
#5916 = CARTESIAN_POINT('',(-3.13,0.2,0.725));
#5917 = LINE('',#5918,#5919);
#5918 = CARTESIAN_POINT('',(-3.5,0.2,0.725));
#5919 = VECTOR('',#5920,1.);
#5920 = DIRECTION('',(1.,0.,0.));
#5921 = ORIENTED_EDGE('',*,*,#5922,.F.);
#5922 = EDGE_CURVE('',#1511,#5915,#5923,.T.);
#5923 = LINE('',#5924,#5925);
#5924 = CARTESIAN_POINT('',(-3.13,0.,0.725));
#5925 = VECTOR('',#5926,1.);
#5926 = DIRECTION('',(0.,1.,-2.22044604925E-16));
#5927 = PLANE('',#5928);
#5928 = AXIS2_PLACEMENT_3D('',#5929,#5930,#5931);
#5929 = CARTESIAN_POINT('',(-3.5,0.,0.725));
#5930 = DIRECTION('',(0.,-2.22044604925E-16,-1.));
#5931 = DIRECTION('',(1.,0.,0.));
#5932 = ADVANCED_FACE('',(#5933),#5952,.F.);
#5933 = FACE_BOUND('',#5934,.F.);
#5934 = EDGE_LOOP('',(#5935,#5936,#5944,#5951));
#5935 = ORIENTED_EDGE('',*,*,#1510,.F.);
#5936 = ORIENTED_EDGE('',*,*,#5937,.T.);
#5937 = EDGE_CURVE('',#1503,#5938,#5940,.T.);
#5938 = VERTEX_POINT('',#5939);
#5939 = CARTESIAN_POINT('',(-3.13,0.2,0.475));
#5940 = LINE('',#5941,#5942);
#5941 = CARTESIAN_POINT('',(-3.13,0.,0.475));
#5942 = VECTOR('',#5943,1.);
#5943 = DIRECTION('',(0.,1.,-2.22044604925E-16));
#5944 = ORIENTED_EDGE('',*,*,#5945,.T.);
#5945 = EDGE_CURVE('',#5938,#5915,#5946,.T.);
#5946 = CIRCLE('',#5947,0.125);
#5947 = AXIS2_PLACEMENT_3D('',#5948,#5949,#5950);
#5948 = CARTESIAN_POINT('',(-3.13,0.2,0.6));
#5949 = DIRECTION('',(0.,-1.,2.22044604925E-16));
#5950 = DIRECTION('',(1.,0.,0.));
#5951 = ORIENTED_EDGE('',*,*,#5922,.F.);
#5952 = CYLINDRICAL_SURFACE('',#5953,0.125);
#5953 = AXIS2_PLACEMENT_3D('',#5954,#5955,#5956);
#5954 = CARTESIAN_POINT('',(-3.13,0.,0.6));
#5955 = DIRECTION('',(0.,-1.,2.22044604925E-16));
#5956 = DIRECTION('',(1.,0.,0.));
#5957 = ADVANCED_FACE('',(#5958),#5969,.T.);
#5958 = FACE_BOUND('',#5959,.T.);
#5959 = EDGE_LOOP('',(#5960,#5961,#5962,#5968));
#5960 = ORIENTED_EDGE('',*,*,#1502,.T.);
#5961 = ORIENTED_EDGE('',*,*,#5937,.T.);
#5962 = ORIENTED_EDGE('',*,*,#5963,.T.);
#5963 = EDGE_CURVE('',#5938,#5438,#5964,.T.);
#5964 = LINE('',#5965,#5966);
#5965 = CARTESIAN_POINT('',(-3.13,0.2,0.475));
#5966 = VECTOR('',#5967,1.);
#5967 = DIRECTION('',(-1.,0.,0.));
#5968 = ORIENTED_EDGE('',*,*,#5437,.F.);
#5969 = PLANE('',#5970);
#5970 = AXIS2_PLACEMENT_3D('',#5971,#5972,#5973);
#5971 = CARTESIAN_POINT('',(-3.13,0.,0.475));
#5972 = DIRECTION('',(0.,2.22044604925E-16,1.));
#5973 = DIRECTION('',(-1.,0.,0.));
#5974 = ADVANCED_FACE('',(#5975),#5993,.T.);
#5975 = FACE_BOUND('',#5976,.T.);
#5976 = EDGE_LOOP('',(#5977,#5978,#5979,#5987));
#5977 = ORIENTED_EDGE('',*,*,#1486,.T.);
#5978 = ORIENTED_EDGE('',*,*,#5430,.T.);
#5979 = ORIENTED_EDGE('',*,*,#5980,.T.);
#5980 = EDGE_CURVE('',#5423,#5981,#5983,.T.);
#5981 = VERTEX_POINT('',#5982);
#5982 = CARTESIAN_POINT('',(-3.13,0.2,0.325));
#5983 = LINE('',#5984,#5985);
#5984 = CARTESIAN_POINT('',(-3.5,0.2,0.325));
#5985 = VECTOR('',#5986,1.);
#5986 = DIRECTION('',(1.,0.,0.));
#5987 = ORIENTED_EDGE('',*,*,#5988,.F.);
#5988 = EDGE_CURVE('',#1478,#5981,#5989,.T.);
#5989 = LINE('',#5990,#5991);
#5990 = CARTESIAN_POINT('',(-3.13,0.,0.325));
#5991 = VECTOR('',#5992,1.);
#5992 = DIRECTION('',(0.,1.,-2.22044604925E-16));
#5993 = PLANE('',#5994);
#5994 = AXIS2_PLACEMENT_3D('',#5995,#5996,#5997);
#5995 = CARTESIAN_POINT('',(-3.5,0.,0.325));
#5996 = DIRECTION('',(0.,-2.22044604925E-16,-1.));
#5997 = DIRECTION('',(1.,0.,0.));
#5998 = ADVANCED_FACE('',(#5999),#6018,.F.);
#5999 = FACE_BOUND('',#6000,.F.);
#6000 = EDGE_LOOP('',(#6001,#6002,#6010,#6017));
#6001 = ORIENTED_EDGE('',*,*,#1477,.F.);
#6002 = ORIENTED_EDGE('',*,*,#6003,.T.);
#6003 = EDGE_CURVE('',#1470,#6004,#6006,.T.);
#6004 = VERTEX_POINT('',#6005);
#6005 = CARTESIAN_POINT('',(-3.13,0.2,7.5E-02));
#6006 = LINE('',#6007,#6008);
#6007 = CARTESIAN_POINT('',(-3.13,0.,7.5E-02));
#6008 = VECTOR('',#6009,1.);
#6009 = DIRECTION('',(0.,1.,-2.22044604925E-16));
#6010 = ORIENTED_EDGE('',*,*,#6011,.T.);
#6011 = EDGE_CURVE('',#6004,#5981,#6012,.T.);
#6012 = CIRCLE('',#6013,0.125);
#6013 = AXIS2_PLACEMENT_3D('',#6014,#6015,#6016);
#6014 = CARTESIAN_POINT('',(-3.13,0.2,0.2));
#6015 = DIRECTION('',(0.,-1.,2.22044604925E-16));
#6016 = DIRECTION('',(1.,0.,0.));
#6017 = ORIENTED_EDGE('',*,*,#5988,.F.);
#6018 = CYLINDRICAL_SURFACE('',#6019,0.125);
#6019 = AXIS2_PLACEMENT_3D('',#6020,#6021,#6022);
#6020 = CARTESIAN_POINT('',(-3.13,0.,0.2));
#6021 = DIRECTION('',(0.,-1.,2.22044604925E-16));
#6022 = DIRECTION('',(1.,0.,0.));
#6023 = ADVANCED_FACE('',(#6024),#6035,.T.);
#6024 = FACE_BOUND('',#6025,.T.);
#6025 = EDGE_LOOP('',(#6026,#6027,#6028,#6034));
#6026 = ORIENTED_EDGE('',*,*,#1469,.T.);
#6027 = ORIENTED_EDGE('',*,*,#6003,.T.);
#6028 = ORIENTED_EDGE('',*,*,#6029,.T.);
#6029 = EDGE_CURVE('',#6004,#5415,#6030,.T.);
#6030 = LINE('',#6031,#6032);
#6031 = CARTESIAN_POINT('',(-3.13,0.2,7.5E-02));
#6032 = VECTOR('',#6033,1.);
#6033 = DIRECTION('',(-1.,0.,0.));
#6034 = ORIENTED_EDGE('',*,*,#5414,.F.);
#6035 = PLANE('',#6036);
#6036 = AXIS2_PLACEMENT_3D('',#6037,#6038,#6039);
#6037 = CARTESIAN_POINT('',(-3.13,0.,7.5E-02));
#6038 = DIRECTION('',(0.,2.22044604925E-16,1.));
#6039 = DIRECTION('',(-1.,0.,0.));
#6040 = ADVANCED_FACE('',(#6041),#6059,.T.);
#6041 = FACE_BOUND('',#6042,.T.);
#6042 = EDGE_LOOP('',(#6043,#6044,#6045,#6053));
#6043 = ORIENTED_EDGE('',*,*,#1453,.T.);
#6044 = ORIENTED_EDGE('',*,*,#5407,.T.);
#6045 = ORIENTED_EDGE('',*,*,#6046,.T.);
#6046 = EDGE_CURVE('',#5400,#6047,#6049,.T.);
#6047 = VERTEX_POINT('',#6048);
#6048 = CARTESIAN_POINT('',(-3.13,0.2,-7.5E-02));
#6049 = LINE('',#6050,#6051);
#6050 = CARTESIAN_POINT('',(-3.5,0.2,-7.5E-02));
#6051 = VECTOR('',#6052,1.);
#6052 = DIRECTION('',(1.,0.,0.));
#6053 = ORIENTED_EDGE('',*,*,#6054,.F.);
#6054 = EDGE_CURVE('',#1445,#6047,#6055,.T.);
#6055 = LINE('',#6056,#6057);
#6056 = CARTESIAN_POINT('',(-3.13,0.,-7.5E-02));
#6057 = VECTOR('',#6058,1.);
#6058 = DIRECTION('',(0.,1.,-2.22044604925E-16));
#6059 = PLANE('',#6060);
#6060 = AXIS2_PLACEMENT_3D('',#6061,#6062,#6063);
#6061 = CARTESIAN_POINT('',(-3.5,0.,-7.5E-02));
#6062 = DIRECTION('',(0.,-2.22044604925E-16,-1.));
#6063 = DIRECTION('',(1.,0.,0.));
#6064 = ADVANCED_FACE('',(#6065),#6084,.F.);
#6065 = FACE_BOUND('',#6066,.F.);
#6066 = EDGE_LOOP('',(#6067,#6068,#6076,#6083));
#6067 = ORIENTED_EDGE('',*,*,#1444,.F.);
#6068 = ORIENTED_EDGE('',*,*,#6069,.T.);
#6069 = EDGE_CURVE('',#1437,#6070,#6072,.T.);
#6070 = VERTEX_POINT('',#6071);
#6071 = CARTESIAN_POINT('',(-3.13,0.2,-0.325));
#6072 = LINE('',#6073,#6074);
#6073 = CARTESIAN_POINT('',(-3.13,0.,-0.325));
#6074 = VECTOR('',#6075,1.);
#6075 = DIRECTION('',(0.,1.,-2.22044604925E-16));
#6076 = ORIENTED_EDGE('',*,*,#6077,.T.);
#6077 = EDGE_CURVE('',#6070,#6047,#6078,.T.);
#6078 = CIRCLE('',#6079,0.125);
#6079 = AXIS2_PLACEMENT_3D('',#6080,#6081,#6082);
#6080 = CARTESIAN_POINT('',(-3.13,0.2,-0.2));
#6081 = DIRECTION('',(0.,-1.,2.22044604925E-16));
#6082 = DIRECTION('',(1.,0.,0.));
#6083 = ORIENTED_EDGE('',*,*,#6054,.F.);
#6084 = CYLINDRICAL_SURFACE('',#6085,0.125);
#6085 = AXIS2_PLACEMENT_3D('',#6086,#6087,#6088);
#6086 = CARTESIAN_POINT('',(-3.13,0.,-0.2));
#6087 = DIRECTION('',(0.,-1.,2.22044604925E-16));
#6088 = DIRECTION('',(1.,0.,0.));
#6089 = ADVANCED_FACE('',(#6090),#6101,.T.);
#6090 = FACE_BOUND('',#6091,.T.);
#6091 = EDGE_LOOP('',(#6092,#6093,#6094,#6100));
#6092 = ORIENTED_EDGE('',*,*,#1436,.T.);
#6093 = ORIENTED_EDGE('',*,*,#6069,.T.);
#6094 = ORIENTED_EDGE('',*,*,#6095,.T.);
#6095 = EDGE_CURVE('',#6070,#5392,#6096,.T.);
#6096 = LINE('',#6097,#6098);
#6097 = CARTESIAN_POINT('',(-3.13,0.2,-0.325));
#6098 = VECTOR('',#6099,1.);
#6099 = DIRECTION('',(-1.,0.,0.));
#6100 = ORIENTED_EDGE('',*,*,#5391,.F.);
#6101 = PLANE('',#6102);
#6102 = AXIS2_PLACEMENT_3D('',#6103,#6104,#6105);
#6103 = CARTESIAN_POINT('',(-3.13,0.,-0.325));
#6104 = DIRECTION('',(0.,2.22044604925E-16,1.));
#6105 = DIRECTION('',(-1.,0.,0.));
#6106 = ADVANCED_FACE('',(#6107),#6125,.T.);
#6107 = FACE_BOUND('',#6108,.T.);
#6108 = EDGE_LOOP('',(#6109,#6110,#6111,#6119));
#6109 = ORIENTED_EDGE('',*,*,#1420,.T.);
#6110 = ORIENTED_EDGE('',*,*,#5384,.T.);
#6111 = ORIENTED_EDGE('',*,*,#6112,.T.);
#6112 = EDGE_CURVE('',#5377,#6113,#6115,.T.);
#6113 = VERTEX_POINT('',#6114);
#6114 = CARTESIAN_POINT('',(-3.13,0.2,-0.475));
#6115 = LINE('',#6116,#6117);
#6116 = CARTESIAN_POINT('',(-3.5,0.2,-0.475));
#6117 = VECTOR('',#6118,1.);
#6118 = DIRECTION('',(1.,0.,0.));
#6119 = ORIENTED_EDGE('',*,*,#6120,.F.);
#6120 = EDGE_CURVE('',#1412,#6113,#6121,.T.);
#6121 = LINE('',#6122,#6123);
#6122 = CARTESIAN_POINT('',(-3.13,-4.440892098501E-16,-0.475));
#6123 = VECTOR('',#6124,1.);
#6124 = DIRECTION('',(0.,1.,-2.22044604925E-16));
#6125 = PLANE('',#6126);
#6126 = AXIS2_PLACEMENT_3D('',#6127,#6128,#6129);
#6127 = CARTESIAN_POINT('',(-3.5,-4.440892098501E-16,-0.475));
#6128 = DIRECTION('',(0.,-2.22044604925E-16,-1.));
#6129 = DIRECTION('',(1.,0.,0.));
#6130 = ADVANCED_FACE('',(#6131),#6150,.F.);
#6131 = FACE_BOUND('',#6132,.F.);
#6132 = EDGE_LOOP('',(#6133,#6134,#6142,#6149));
#6133 = ORIENTED_EDGE('',*,*,#1411,.F.);
#6134 = ORIENTED_EDGE('',*,*,#6135,.T.);
#6135 = EDGE_CURVE('',#1404,#6136,#6138,.T.);
#6136 = VERTEX_POINT('',#6137);
#6137 = CARTESIAN_POINT('',(-3.13,0.2,-0.725));
#6138 = LINE('',#6139,#6140);
#6139 = CARTESIAN_POINT('',(-3.13,-4.440892098501E-16,-0.725));
#6140 = VECTOR('',#6141,1.);
#6141 = DIRECTION('',(0.,1.,-2.22044604925E-16));
#6142 = ORIENTED_EDGE('',*,*,#6143,.T.);
#6143 = EDGE_CURVE('',#6136,#6113,#6144,.T.);
#6144 = CIRCLE('',#6145,0.125);
#6145 = AXIS2_PLACEMENT_3D('',#6146,#6147,#6148);
#6146 = CARTESIAN_POINT('',(-3.13,0.2,-0.6));
#6147 = DIRECTION('',(0.,-1.,2.22044604925E-16));
#6148 = DIRECTION('',(1.,0.,0.));
#6149 = ORIENTED_EDGE('',*,*,#6120,.F.);
#6150 = CYLINDRICAL_SURFACE('',#6151,0.125);
#6151 = AXIS2_PLACEMENT_3D('',#6152,#6153,#6154);
#6152 = CARTESIAN_POINT('',(-3.13,-4.440892098501E-16,-0.6));
#6153 = DIRECTION('',(0.,-1.,2.22044604925E-16));
#6154 = DIRECTION('',(1.,0.,0.));
#6155 = ADVANCED_FACE('',(#6156),#6167,.T.);
#6156 = FACE_BOUND('',#6157,.T.);
#6157 = EDGE_LOOP('',(#6158,#6159,#6160,#6166));
#6158 = ORIENTED_EDGE('',*,*,#1403,.T.);
#6159 = ORIENTED_EDGE('',*,*,#6135,.T.);
#6160 = ORIENTED_EDGE('',*,*,#6161,.T.);
#6161 = EDGE_CURVE('',#6136,#5369,#6162,.T.);
#6162 = LINE('',#6163,#6164);
#6163 = CARTESIAN_POINT('',(-3.13,0.2,-0.725));
#6164 = VECTOR('',#6165,1.);
#6165 = DIRECTION('',(-1.,0.,0.));
#6166 = ORIENTED_EDGE('',*,*,#5368,.F.);
#6167 = PLANE('',#6168);
#6168 = AXIS2_PLACEMENT_3D('',#6169,#6170,#6171);
#6169 = CARTESIAN_POINT('',(-3.13,-4.440892098501E-16,-0.725));
#6170 = DIRECTION('',(0.,2.22044604925E-16,1.));
#6171 = DIRECTION('',(-1.,0.,0.));
#6172 = ADVANCED_FACE('',(#6173),#6191,.T.);
#6173 = FACE_BOUND('',#6174,.T.);
#6174 = EDGE_LOOP('',(#6175,#6176,#6177,#6185));
#6175 = ORIENTED_EDGE('',*,*,#1387,.T.);
#6176 = ORIENTED_EDGE('',*,*,#5361,.T.);
#6177 = ORIENTED_EDGE('',*,*,#6178,.T.);
#6178 = EDGE_CURVE('',#5354,#6179,#6181,.T.);
#6179 = VERTEX_POINT('',#6180);
#6180 = CARTESIAN_POINT('',(-3.13,0.2,-0.875));
#6181 = LINE('',#6182,#6183);
#6182 = CARTESIAN_POINT('',(-3.5,0.2,-0.875));
#6183 = VECTOR('',#6184,1.);
#6184 = DIRECTION('',(1.,0.,0.));
#6185 = ORIENTED_EDGE('',*,*,#6186,.F.);
#6186 = EDGE_CURVE('',#1379,#6179,#6187,.T.);
#6187 = LINE('',#6188,#6189);
#6188 = CARTESIAN_POINT('',(-3.13,-2.22044604925E-16,-0.875));
#6189 = VECTOR('',#6190,1.);
#6190 = DIRECTION('',(0.,1.,-2.22044604925E-16));
#6191 = PLANE('',#6192);
#6192 = AXIS2_PLACEMENT_3D('',#6193,#6194,#6195);
#6193 = CARTESIAN_POINT('',(-3.5,-2.22044604925E-16,-0.875));
#6194 = DIRECTION('',(0.,-2.22044604925E-16,-1.));
#6195 = DIRECTION('',(1.,0.,0.));
#6196 = ADVANCED_FACE('',(#6197),#6216,.F.);
#6197 = FACE_BOUND('',#6198,.F.);
#6198 = EDGE_LOOP('',(#6199,#6200,#6208,#6215));
#6199 = ORIENTED_EDGE('',*,*,#1378,.F.);
#6200 = ORIENTED_EDGE('',*,*,#6201,.T.);
#6201 = EDGE_CURVE('',#1371,#6202,#6204,.T.);
#6202 = VERTEX_POINT('',#6203);
#6203 = CARTESIAN_POINT('',(-3.13,0.2,-1.125));
#6204 = LINE('',#6205,#6206);
#6205 = CARTESIAN_POINT('',(-3.13,-4.440892098501E-16,-1.125));
#6206 = VECTOR('',#6207,1.);
#6207 = DIRECTION('',(0.,1.,-2.22044604925E-16));
#6208 = ORIENTED_EDGE('',*,*,#6209,.T.);
#6209 = EDGE_CURVE('',#6202,#6179,#6210,.T.);
#6210 = CIRCLE('',#6211,0.125);
#6211 = AXIS2_PLACEMENT_3D('',#6212,#6213,#6214);
#6212 = CARTESIAN_POINT('',(-3.13,0.2,-1.));
#6213 = DIRECTION('',(0.,-1.,2.22044604925E-16));
#6214 = DIRECTION('',(1.,0.,0.));
#6215 = ORIENTED_EDGE('',*,*,#6186,.F.);
#6216 = CYLINDRICAL_SURFACE('',#6217,0.125);
#6217 = AXIS2_PLACEMENT_3D('',#6218,#6219,#6220);
#6218 = CARTESIAN_POINT('',(-3.13,-4.440892098501E-16,-1.));
#6219 = DIRECTION('',(0.,-1.,2.22044604925E-16));
#6220 = DIRECTION('',(1.,0.,0.));
#6221 = ADVANCED_FACE('',(#6222),#6233,.T.);
#6222 = FACE_BOUND('',#6223,.T.);
#6223 = EDGE_LOOP('',(#6224,#6225,#6226,#6232));
#6224 = ORIENTED_EDGE('',*,*,#1370,.T.);
#6225 = ORIENTED_EDGE('',*,*,#6201,.T.);
#6226 = ORIENTED_EDGE('',*,*,#6227,.T.);
#6227 = EDGE_CURVE('',#6202,#5346,#6228,.T.);
#6228 = LINE('',#6229,#6230);
#6229 = CARTESIAN_POINT('',(-3.13,0.2,-1.125));
#6230 = VECTOR('',#6231,1.);
#6231 = DIRECTION('',(-1.,0.,0.));
#6232 = ORIENTED_EDGE('',*,*,#5345,.F.);
#6233 = PLANE('',#6234);
#6234 = AXIS2_PLACEMENT_3D('',#6235,#6236,#6237);
#6235 = CARTESIAN_POINT('',(-3.13,-4.440892098501E-16,-1.125));
#6236 = DIRECTION('',(0.,2.22044604925E-16,1.));
#6237 = DIRECTION('',(-1.,0.,0.));
#6238 = ADVANCED_FACE('',(#6239),#6257,.T.);
#6239 = FACE_BOUND('',#6240,.T.);
#6240 = EDGE_LOOP('',(#6241,#6242,#6243,#6251));
#6241 = ORIENTED_EDGE('',*,*,#1354,.T.);
#6242 = ORIENTED_EDGE('',*,*,#5338,.T.);
#6243 = ORIENTED_EDGE('',*,*,#6244,.T.);
#6244 = EDGE_CURVE('',#5331,#6245,#6247,.T.);
#6245 = VERTEX_POINT('',#6246);
#6246 = CARTESIAN_POINT('',(-3.13,0.2,-1.275));
#6247 = LINE('',#6248,#6249);
#6248 = CARTESIAN_POINT('',(-3.5,0.2,-1.275));
#6249 = VECTOR('',#6250,1.);
#6250 = DIRECTION('',(1.,0.,0.));
#6251 = ORIENTED_EDGE('',*,*,#6252,.F.);
#6252 = EDGE_CURVE('',#1346,#6245,#6253,.T.);
#6253 = LINE('',#6254,#6255);
#6254 = CARTESIAN_POINT('',(-3.13,-2.22044604925E-16,-1.275));
#6255 = VECTOR('',#6256,1.);
#6256 = DIRECTION('',(0.,1.,-2.22044604925E-16));
#6257 = PLANE('',#6258);
#6258 = AXIS2_PLACEMENT_3D('',#6259,#6260,#6261);
#6259 = CARTESIAN_POINT('',(-3.5,-2.22044604925E-16,-1.275));
#6260 = DIRECTION('',(0.,-2.22044604925E-16,-1.));
#6261 = DIRECTION('',(1.,0.,0.));
#6262 = ADVANCED_FACE('',(#6263),#6282,.F.);
#6263 = FACE_BOUND('',#6264,.F.);
#6264 = EDGE_LOOP('',(#6265,#6266,#6274,#6281));
#6265 = ORIENTED_EDGE('',*,*,#1345,.F.);
#6266 = ORIENTED_EDGE('',*,*,#6267,.T.);
#6267 = EDGE_CURVE('',#1338,#6268,#6270,.T.);
#6268 = VERTEX_POINT('',#6269);
#6269 = CARTESIAN_POINT('',(-3.13,0.2,-1.525));
#6270 = LINE('',#6271,#6272);
#6271 = CARTESIAN_POINT('',(-3.13,-4.440892098501E-16,-1.525));
#6272 = VECTOR('',#6273,1.);
#6273 = DIRECTION('',(0.,1.,-2.22044604925E-16));
#6274 = ORIENTED_EDGE('',*,*,#6275,.T.);
#6275 = EDGE_CURVE('',#6268,#6245,#6276,.T.);
#6276 = CIRCLE('',#6277,0.125);
#6277 = AXIS2_PLACEMENT_3D('',#6278,#6279,#6280);
#6278 = CARTESIAN_POINT('',(-3.13,0.2,-1.4));
#6279 = DIRECTION('',(0.,-1.,2.22044604925E-16));
#6280 = DIRECTION('',(1.,0.,0.));
#6281 = ORIENTED_EDGE('',*,*,#6252,.F.);
#6282 = CYLINDRICAL_SURFACE('',#6283,0.125);
#6283 = AXIS2_PLACEMENT_3D('',#6284,#6285,#6286);
#6284 = CARTESIAN_POINT('',(-3.13,-4.440892098501E-16,-1.4));
#6285 = DIRECTION('',(0.,-1.,2.22044604925E-16));
#6286 = DIRECTION('',(1.,0.,0.));
#6287 = ADVANCED_FACE('',(#6288),#6299,.T.);
#6288 = FACE_BOUND('',#6289,.T.);
#6289 = EDGE_LOOP('',(#6290,#6291,#6292,#6298));
#6290 = ORIENTED_EDGE('',*,*,#1337,.T.);
#6291 = ORIENTED_EDGE('',*,*,#6267,.T.);
#6292 = ORIENTED_EDGE('',*,*,#6293,.T.);
#6293 = EDGE_CURVE('',#6268,#5323,#6294,.T.);
#6294 = LINE('',#6295,#6296);
#6295 = CARTESIAN_POINT('',(-3.13,0.2,-1.525));
#6296 = VECTOR('',#6297,1.);
#6297 = DIRECTION('',(-1.,0.,0.));
#6298 = ORIENTED_EDGE('',*,*,#5322,.F.);
#6299 = PLANE('',#6300);
#6300 = AXIS2_PLACEMENT_3D('',#6301,#6302,#6303);
#6301 = CARTESIAN_POINT('',(-3.13,-4.440892098501E-16,-1.525));
#6302 = DIRECTION('',(0.,2.22044604925E-16,1.));
#6303 = DIRECTION('',(-1.,0.,0.));
#6304 = ADVANCED_FACE('',(#6305),#6323,.T.);
#6305 = FACE_BOUND('',#6306,.T.);
#6306 = EDGE_LOOP('',(#6307,#6308,#6309,#6317));
#6307 = ORIENTED_EDGE('',*,*,#1321,.T.);
#6308 = ORIENTED_EDGE('',*,*,#5315,.T.);
#6309 = ORIENTED_EDGE('',*,*,#6310,.T.);
#6310 = EDGE_CURVE('',#5308,#6311,#6313,.T.);
#6311 = VERTEX_POINT('',#6312);
#6312 = CARTESIAN_POINT('',(-3.13,0.2,-1.675));
#6313 = LINE('',#6314,#6315);
#6314 = CARTESIAN_POINT('',(-3.5,0.2,-1.675));
#6315 = VECTOR('',#6316,1.);
#6316 = DIRECTION('',(1.,0.,0.));
#6317 = ORIENTED_EDGE('',*,*,#6318,.F.);
#6318 = EDGE_CURVE('',#1313,#6311,#6319,.T.);
#6319 = LINE('',#6320,#6321);
#6320 = CARTESIAN_POINT('',(-3.13,-4.440892098501E-16,-1.675));
#6321 = VECTOR('',#6322,1.);
#6322 = DIRECTION('',(0.,1.,-2.22044604925E-16));
#6323 = PLANE('',#6324);
#6324 = AXIS2_PLACEMENT_3D('',#6325,#6326,#6327);
#6325 = CARTESIAN_POINT('',(-3.5,-4.440892098501E-16,-1.675));
#6326 = DIRECTION('',(0.,-2.22044604925E-16,-1.));
#6327 = DIRECTION('',(1.,0.,0.));
#6328 = ADVANCED_FACE('',(#6329),#6348,.F.);
#6329 = FACE_BOUND('',#6330,.F.);
#6330 = EDGE_LOOP('',(#6331,#6332,#6340,#6347));
#6331 = ORIENTED_EDGE('',*,*,#1312,.F.);
#6332 = ORIENTED_EDGE('',*,*,#6333,.T.);
#6333 = EDGE_CURVE('',#1305,#6334,#6336,.T.);
#6334 = VERTEX_POINT('',#6335);
#6335 = CARTESIAN_POINT('',(-3.13,0.2,-1.925));
#6336 = LINE('',#6337,#6338);
#6337 = CARTESIAN_POINT('',(-3.13,-4.440892098501E-16,-1.925));
#6338 = VECTOR('',#6339,1.);
#6339 = DIRECTION('',(0.,1.,-2.22044604925E-16));
#6340 = ORIENTED_EDGE('',*,*,#6341,.T.);
#6341 = EDGE_CURVE('',#6334,#6311,#6342,.T.);
#6342 = CIRCLE('',#6343,0.125);
#6343 = AXIS2_PLACEMENT_3D('',#6344,#6345,#6346);
#6344 = CARTESIAN_POINT('',(-3.13,0.2,-1.8));
#6345 = DIRECTION('',(0.,-1.,2.22044604925E-16));
#6346 = DIRECTION('',(1.,0.,0.));
#6347 = ORIENTED_EDGE('',*,*,#6318,.F.);
#6348 = CYLINDRICAL_SURFACE('',#6349,0.125);
#6349 = AXIS2_PLACEMENT_3D('',#6350,#6351,#6352);
#6350 = CARTESIAN_POINT('',(-3.13,-4.440892098501E-16,-1.8));
#6351 = DIRECTION('',(0.,-1.,2.22044604925E-16));
#6352 = DIRECTION('',(1.,0.,0.));
#6353 = ADVANCED_FACE('',(#6354),#6365,.T.);
#6354 = FACE_BOUND('',#6355,.T.);
#6355 = EDGE_LOOP('',(#6356,#6357,#6358,#6364));
#6356 = ORIENTED_EDGE('',*,*,#1304,.T.);
#6357 = ORIENTED_EDGE('',*,*,#6333,.T.);
#6358 = ORIENTED_EDGE('',*,*,#6359,.T.);
#6359 = EDGE_CURVE('',#6334,#5300,#6360,.T.);
#6360 = LINE('',#6361,#6362);
#6361 = CARTESIAN_POINT('',(-3.13,0.2,-1.925));
#6362 = VECTOR('',#6363,1.);
#6363 = DIRECTION('',(-1.,0.,0.));
#6364 = ORIENTED_EDGE('',*,*,#5299,.F.);
#6365 = PLANE('',#6366);
#6366 = AXIS2_PLACEMENT_3D('',#6367,#6368,#6369);
#6367 = CARTESIAN_POINT('',(-3.13,-4.440892098501E-16,-1.925));
#6368 = DIRECTION('',(0.,2.22044604925E-16,1.));
#6369 = DIRECTION('',(-1.,0.,0.));
#6370 = ADVANCED_FACE('',(#6371),#6389,.T.);
#6371 = FACE_BOUND('',#6372,.T.);
#6372 = EDGE_LOOP('',(#6373,#6374,#6375,#6383));
#6373 = ORIENTED_EDGE('',*,*,#1288,.T.);
#6374 = ORIENTED_EDGE('',*,*,#5292,.T.);
#6375 = ORIENTED_EDGE('',*,*,#6376,.T.);
#6376 = EDGE_CURVE('',#5285,#6377,#6379,.T.);
#6377 = VERTEX_POINT('',#6378);
#6378 = CARTESIAN_POINT('',(-3.13,0.2,-2.075));
#6379 = LINE('',#6380,#6381);
#6380 = CARTESIAN_POINT('',(-3.5,0.2,-2.075));
#6381 = VECTOR('',#6382,1.);
#6382 = DIRECTION('',(1.,0.,0.));
#6383 = ORIENTED_EDGE('',*,*,#6384,.F.);
#6384 = EDGE_CURVE('',#1280,#6377,#6385,.T.);
#6385 = LINE('',#6386,#6387);
#6386 = CARTESIAN_POINT('',(-3.13,-4.996003610813E-16,-2.075));
#6387 = VECTOR('',#6388,1.);
#6388 = DIRECTION('',(0.,1.,-2.22044604925E-16));
#6389 = PLANE('',#6390);
#6390 = AXIS2_PLACEMENT_3D('',#6391,#6392,#6393);
#6391 = CARTESIAN_POINT('',(-3.5,-4.996003610813E-16,-2.075));
#6392 = DIRECTION('',(0.,-2.22044604925E-16,-1.));
#6393 = DIRECTION('',(1.,0.,0.));
#6394 = ADVANCED_FACE('',(#6395),#6414,.F.);
#6395 = FACE_BOUND('',#6396,.F.);
#6396 = EDGE_LOOP('',(#6397,#6398,#6406,#6413));
#6397 = ORIENTED_EDGE('',*,*,#1279,.F.);
#6398 = ORIENTED_EDGE('',*,*,#6399,.T.);
#6399 = EDGE_CURVE('',#1272,#6400,#6402,.T.);
#6400 = VERTEX_POINT('',#6401);
#6401 = CARTESIAN_POINT('',(-3.13,0.2,-2.325));
#6402 = LINE('',#6403,#6404);
#6403 = CARTESIAN_POINT('',(-3.13,-5.551115123126E-16,-2.325));
#6404 = VECTOR('',#6405,1.);
#6405 = DIRECTION('',(0.,1.,-2.22044604925E-16));
#6406 = ORIENTED_EDGE('',*,*,#6407,.T.);
#6407 = EDGE_CURVE('',#6400,#6377,#6408,.T.);
#6408 = CIRCLE('',#6409,0.125);
#6409 = AXIS2_PLACEMENT_3D('',#6410,#6411,#6412);
#6410 = CARTESIAN_POINT('',(-3.13,0.2,-2.2));
#6411 = DIRECTION('',(0.,-1.,2.22044604925E-16));
#6412 = DIRECTION('',(1.,0.,0.));
#6413 = ORIENTED_EDGE('',*,*,#6384,.F.);
#6414 = CYLINDRICAL_SURFACE('',#6415,0.125);
#6415 = AXIS2_PLACEMENT_3D('',#6416,#6417,#6418);
#6416 = CARTESIAN_POINT('',(-3.13,-4.996003610813E-16,-2.2));
#6417 = DIRECTION('',(0.,-1.,2.22044604925E-16));
#6418 = DIRECTION('',(1.,0.,0.));
#6419 = ADVANCED_FACE('',(#6420),#6431,.T.);
#6420 = FACE_BOUND('',#6421,.T.);
#6421 = EDGE_LOOP('',(#6422,#6423,#6424,#6430));
#6422 = ORIENTED_EDGE('',*,*,#1271,.T.);
#6423 = ORIENTED_EDGE('',*,*,#6399,.T.);
#6424 = ORIENTED_EDGE('',*,*,#6425,.T.);
#6425 = EDGE_CURVE('',#6400,#5277,#6426,.T.);
#6426 = LINE('',#6427,#6428);
#6427 = CARTESIAN_POINT('',(-3.13,0.2,-2.325));
#6428 = VECTOR('',#6429,1.);
#6429 = DIRECTION('',(-1.,0.,0.));
#6430 = ORIENTED_EDGE('',*,*,#5276,.F.);
#6431 = PLANE('',#6432);
#6432 = AXIS2_PLACEMENT_3D('',#6433,#6434,#6435);
#6433 = CARTESIAN_POINT('',(-3.13,-5.551115123126E-16,-2.325));
#6434 = DIRECTION('',(0.,2.22044604925E-16,1.));
#6435 = DIRECTION('',(-1.,0.,0.));
#6436 = ADVANCED_FACE('',(#6437),#6455,.T.);
#6437 = FACE_BOUND('',#6438,.T.);
#6438 = EDGE_LOOP('',(#6439,#6440,#6441,#6449));
#6439 = ORIENTED_EDGE('',*,*,#1255,.T.);
#6440 = ORIENTED_EDGE('',*,*,#5269,.T.);
#6441 = ORIENTED_EDGE('',*,*,#6442,.T.);
#6442 = EDGE_CURVE('',#5262,#6443,#6445,.T.);
#6443 = VERTEX_POINT('',#6444);
#6444 = CARTESIAN_POINT('',(-3.13,0.2,-2.475));
#6445 = LINE('',#6446,#6447);
#6446 = CARTESIAN_POINT('',(-3.5,0.2,-2.475));
#6447 = VECTOR('',#6448,1.);
#6448 = DIRECTION('',(1.,0.,0.));
#6449 = ORIENTED_EDGE('',*,*,#6450,.F.);
#6450 = EDGE_CURVE('',#1247,#6443,#6451,.T.);
#6451 = LINE('',#6452,#6453);
#6452 = CARTESIAN_POINT('',(-3.13,-5.495603971895E-16,-2.475));
#6453 = VECTOR('',#6454,1.);
#6454 = DIRECTION('',(0.,1.,-2.22044604925E-16));
#6455 = PLANE('',#6456);
#6456 = AXIS2_PLACEMENT_3D('',#6457,#6458,#6459);
#6457 = CARTESIAN_POINT('',(-3.5,-5.495603971895E-16,-2.475));
#6458 = DIRECTION('',(0.,-2.22044604925E-16,-1.));
#6459 = DIRECTION('',(1.,0.,0.));
#6460 = ADVANCED_FACE('',(#6461),#6480,.F.);
#6461 = FACE_BOUND('',#6462,.F.);
#6462 = EDGE_LOOP('',(#6463,#6464,#6472,#6479));
#6463 = ORIENTED_EDGE('',*,*,#1246,.F.);
#6464 = ORIENTED_EDGE('',*,*,#6465,.T.);
#6465 = EDGE_CURVE('',#1239,#6466,#6468,.T.);
#6466 = VERTEX_POINT('',#6467);
#6467 = CARTESIAN_POINT('',(-3.13,0.2,-2.725));
#6468 = LINE('',#6469,#6470);
#6469 = CARTESIAN_POINT('',(-3.13,-6.050715484207E-16,-2.725));
#6470 = VECTOR('',#6471,1.);
#6471 = DIRECTION('',(0.,1.,-2.22044604925E-16));
#6472 = ORIENTED_EDGE('',*,*,#6473,.T.);
#6473 = EDGE_CURVE('',#6466,#6443,#6474,.T.);
#6474 = CIRCLE('',#6475,0.125);
#6475 = AXIS2_PLACEMENT_3D('',#6476,#6477,#6478);
#6476 = CARTESIAN_POINT('',(-3.13,0.2,-2.6));
#6477 = DIRECTION('',(0.,-1.,2.22044604925E-16));
#6478 = DIRECTION('',(1.,0.,0.));
#6479 = ORIENTED_EDGE('',*,*,#6450,.F.);
#6480 = CYLINDRICAL_SURFACE('',#6481,0.125);
#6481 = AXIS2_PLACEMENT_3D('',#6482,#6483,#6484);
#6482 = CARTESIAN_POINT('',(-3.13,-5.773159728051E-16,-2.6));
#6483 = DIRECTION('',(0.,-1.,2.22044604925E-16));
#6484 = DIRECTION('',(1.,0.,0.));
#6485 = ADVANCED_FACE('',(#6486),#6497,.T.);
#6486 = FACE_BOUND('',#6487,.T.);
#6487 = EDGE_LOOP('',(#6488,#6489,#6490,#6496));
#6488 = ORIENTED_EDGE('',*,*,#1238,.T.);
#6489 = ORIENTED_EDGE('',*,*,#6465,.T.);
#6490 = ORIENTED_EDGE('',*,*,#6491,.T.);
#6491 = EDGE_CURVE('',#6466,#5254,#6492,.T.);
#6492 = LINE('',#6493,#6494);
#6493 = CARTESIAN_POINT('',(-3.13,0.2,-2.725));
#6494 = VECTOR('',#6495,1.);
#6495 = DIRECTION('',(-1.,0.,0.));
#6496 = ORIENTED_EDGE('',*,*,#5253,.F.);
#6497 = PLANE('',#6498);
#6498 = AXIS2_PLACEMENT_3D('',#6499,#6500,#6501);
#6499 = CARTESIAN_POINT('',(-3.13,-6.050715484207E-16,-2.725));
#6500 = DIRECTION('',(0.,2.22044604925E-16,1.));
#6501 = DIRECTION('',(-1.,0.,0.));
#6502 = ADVANCED_FACE('',(#6503),#6521,.F.);
#6503 = FACE_BOUND('',#6504,.F.);
#6504 = EDGE_LOOP('',(#6505,#6506,#6514,#6520));
#6505 = ORIENTED_EDGE('',*,*,#1214,.T.);
#6506 = ORIENTED_EDGE('',*,*,#6507,.T.);
#6507 = EDGE_CURVE('',#1206,#6508,#6510,.T.);
#6508 = VERTEX_POINT('',#6509);
#6509 = CARTESIAN_POINT('',(-2.725,0.2,-3.13));
#6510 = LINE('',#6511,#6512);
#6511 = CARTESIAN_POINT('',(-2.725,-6.949996134153E-16,-3.13));
#6512 = VECTOR('',#6513,1.);
#6513 = DIRECTION('',(0.,1.,-2.22044604925E-16));
#6514 = ORIENTED_EDGE('',*,*,#6515,.T.);
#6515 = EDGE_CURVE('',#6508,#4135,#6516,.T.);
#6516 = LINE('',#6517,#6518);
#6517 = CARTESIAN_POINT('',(-2.725,0.2,-3.13));
#6518 = VECTOR('',#6519,1.);
#6519 = DIRECTION('',(0.,-2.22044604925E-16,-1.));
#6520 = ORIENTED_EDGE('',*,*,#4142,.F.);
#6521 = PLANE('',#6522);
#6522 = AXIS2_PLACEMENT_3D('',#6523,#6524,#6525);
#6523 = CARTESIAN_POINT('',(-2.725,-6.949996134153E-16,-3.13));
#6524 = DIRECTION('',(-1.,0.,0.));
#6525 = DIRECTION('',(0.,-2.22044604925E-16,-1.));
#6526 = ADVANCED_FACE('',(#6527),#6546,.F.);
#6527 = FACE_BOUND('',#6528,.F.);
#6528 = EDGE_LOOP('',(#6529,#6530,#6538,#6545));
#6529 = ORIENTED_EDGE('',*,*,#1205,.F.);
#6530 = ORIENTED_EDGE('',*,*,#6531,.T.);
#6531 = EDGE_CURVE('',#1198,#6532,#6534,.T.);
#6532 = VERTEX_POINT('',#6533);
#6533 = CARTESIAN_POINT('',(-2.475,0.2,-3.13));
#6534 = LINE('',#6535,#6536);
#6535 = CARTESIAN_POINT('',(-2.475,-6.949996134153E-16,-3.13));
#6536 = VECTOR('',#6537,1.);
#6537 = DIRECTION('',(0.,1.,-2.22044604925E-16));
#6538 = ORIENTED_EDGE('',*,*,#6539,.T.);
#6539 = EDGE_CURVE('',#6532,#6508,#6540,.T.);
#6540 = CIRCLE('',#6541,0.125);
#6541 = AXIS2_PLACEMENT_3D('',#6542,#6543,#6544);
#6542 = CARTESIAN_POINT('',(-2.6,0.2,-3.13));
#6543 = DIRECTION('',(0.,-1.,2.22044604925E-16));
#6544 = DIRECTION('',(1.,0.,0.));
#6545 = ORIENTED_EDGE('',*,*,#6507,.F.);
#6546 = CYLINDRICAL_SURFACE('',#6547,0.125);
#6547 = AXIS2_PLACEMENT_3D('',#6548,#6549,#6550);
#6548 = CARTESIAN_POINT('',(-2.6,-6.949996134153E-16,-3.13));
#6549 = DIRECTION('',(0.,-1.,2.22044604925E-16));
#6550 = DIRECTION('',(1.,0.,0.));
#6551 = ADVANCED_FACE('',(#6552),#6563,.F.);
#6552 = FACE_BOUND('',#6553,.F.);
#6553 = EDGE_LOOP('',(#6554,#6555,#6556,#6562));
#6554 = ORIENTED_EDGE('',*,*,#1197,.T.);
#6555 = ORIENTED_EDGE('',*,*,#4126,.T.);
#6556 = ORIENTED_EDGE('',*,*,#6557,.T.);
#6557 = EDGE_CURVE('',#4127,#6532,#6558,.T.);
#6558 = LINE('',#6559,#6560);
#6559 = CARTESIAN_POINT('',(-2.475,0.2,-3.5));
#6560 = VECTOR('',#6561,1.);
#6561 = DIRECTION('',(0.,2.22044604925E-16,1.));
#6562 = ORIENTED_EDGE('',*,*,#6531,.F.);
#6563 = PLANE('',#6564);
#6564 = AXIS2_PLACEMENT_3D('',#6565,#6566,#6567);
#6565 = CARTESIAN_POINT('',(-2.475,-7.771561172376E-16,-3.5));
#6566 = DIRECTION('',(1.,0.,0.));
#6567 = DIRECTION('',(0.,2.22044604925E-16,1.));
#6568 = ADVANCED_FACE('',(#6569),#6587,.F.);
#6569 = FACE_BOUND('',#6570,.F.);
#6570 = EDGE_LOOP('',(#6571,#6572,#6580,#6586));
#6571 = ORIENTED_EDGE('',*,*,#1181,.T.);
#6572 = ORIENTED_EDGE('',*,*,#6573,.T.);
#6573 = EDGE_CURVE('',#1173,#6574,#6576,.T.);
#6574 = VERTEX_POINT('',#6575);
#6575 = CARTESIAN_POINT('',(-2.325,0.2,-3.13));
#6576 = LINE('',#6577,#6578);
#6577 = CARTESIAN_POINT('',(-2.325,-6.949996134153E-16,-3.13));
#6578 = VECTOR('',#6579,1.);
#6579 = DIRECTION('',(0.,1.,-2.22044604925E-16));
#6580 = ORIENTED_EDGE('',*,*,#6581,.T.);
#6581 = EDGE_CURVE('',#6574,#4112,#6582,.T.);
#6582 = LINE('',#6583,#6584);
#6583 = CARTESIAN_POINT('',(-2.325,0.2,-3.13));
#6584 = VECTOR('',#6585,1.);
#6585 = DIRECTION('',(0.,-2.22044604925E-16,-1.));
#6586 = ORIENTED_EDGE('',*,*,#4119,.F.);
#6587 = PLANE('',#6588);
#6588 = AXIS2_PLACEMENT_3D('',#6589,#6590,#6591);
#6589 = CARTESIAN_POINT('',(-2.325,-6.949996134153E-16,-3.13));
#6590 = DIRECTION('',(-1.,0.,0.));
#6591 = DIRECTION('',(0.,-2.22044604925E-16,-1.));
#6592 = ADVANCED_FACE('',(#6593),#6612,.F.);
#6593 = FACE_BOUND('',#6594,.F.);
#6594 = EDGE_LOOP('',(#6595,#6596,#6604,#6611));
#6595 = ORIENTED_EDGE('',*,*,#1172,.F.);
#6596 = ORIENTED_EDGE('',*,*,#6597,.T.);
#6597 = EDGE_CURVE('',#1165,#6598,#6600,.T.);
#6598 = VERTEX_POINT('',#6599);
#6599 = CARTESIAN_POINT('',(-2.075,0.2,-3.13));
#6600 = LINE('',#6601,#6602);
#6601 = CARTESIAN_POINT('',(-2.075,-6.949996134153E-16,-3.13));
#6602 = VECTOR('',#6603,1.);
#6603 = DIRECTION('',(0.,1.,-2.22044604925E-16));
#6604 = ORIENTED_EDGE('',*,*,#6605,.T.);
#6605 = EDGE_CURVE('',#6598,#6574,#6606,.T.);
#6606 = CIRCLE('',#6607,0.125);
#6607 = AXIS2_PLACEMENT_3D('',#6608,#6609,#6610);
#6608 = CARTESIAN_POINT('',(-2.2,0.2,-3.13));
#6609 = DIRECTION('',(0.,-1.,2.22044604925E-16));
#6610 = DIRECTION('',(1.,0.,0.));
#6611 = ORIENTED_EDGE('',*,*,#6573,.F.);
#6612 = CYLINDRICAL_SURFACE('',#6613,0.125);
#6613 = AXIS2_PLACEMENT_3D('',#6614,#6615,#6616);
#6614 = CARTESIAN_POINT('',(-2.2,-6.949996134153E-16,-3.13));
#6615 = DIRECTION('',(0.,-1.,2.22044604925E-16));
#6616 = DIRECTION('',(1.,0.,0.));
#6617 = ADVANCED_FACE('',(#6618),#6629,.F.);
#6618 = FACE_BOUND('',#6619,.F.);
#6619 = EDGE_LOOP('',(#6620,#6621,#6622,#6628));
#6620 = ORIENTED_EDGE('',*,*,#1164,.T.);
#6621 = ORIENTED_EDGE('',*,*,#4103,.T.);
#6622 = ORIENTED_EDGE('',*,*,#6623,.T.);
#6623 = EDGE_CURVE('',#4104,#6598,#6624,.T.);
#6624 = LINE('',#6625,#6626);
#6625 = CARTESIAN_POINT('',(-2.075,0.2,-3.5));
#6626 = VECTOR('',#6627,1.);
#6627 = DIRECTION('',(0.,2.22044604925E-16,1.));
#6628 = ORIENTED_EDGE('',*,*,#6597,.F.);
#6629 = PLANE('',#6630);
#6630 = AXIS2_PLACEMENT_3D('',#6631,#6632,#6633);
#6631 = CARTESIAN_POINT('',(-2.075,-7.771561172376E-16,-3.5));
#6632 = DIRECTION('',(1.,0.,0.));
#6633 = DIRECTION('',(0.,2.22044604925E-16,1.));
#6634 = ADVANCED_FACE('',(#6635),#6653,.F.);
#6635 = FACE_BOUND('',#6636,.F.);
#6636 = EDGE_LOOP('',(#6637,#6638,#6646,#6652));
#6637 = ORIENTED_EDGE('',*,*,#1148,.T.);
#6638 = ORIENTED_EDGE('',*,*,#6639,.T.);
#6639 = EDGE_CURVE('',#1140,#6640,#6642,.T.);
#6640 = VERTEX_POINT('',#6641);
#6641 = CARTESIAN_POINT('',(-1.925,0.2,-3.13));
#6642 = LINE('',#6643,#6644);
#6643 = CARTESIAN_POINT('',(-1.925,-6.949996134153E-16,-3.13));
#6644 = VECTOR('',#6645,1.);
#6645 = DIRECTION('',(0.,1.,-2.22044604925E-16));
#6646 = ORIENTED_EDGE('',*,*,#6647,.T.);
#6647 = EDGE_CURVE('',#6640,#4089,#6648,.T.);
#6648 = LINE('',#6649,#6650);
#6649 = CARTESIAN_POINT('',(-1.925,0.2,-3.13));
#6650 = VECTOR('',#6651,1.);
#6651 = DIRECTION('',(0.,-2.22044604925E-16,-1.));
#6652 = ORIENTED_EDGE('',*,*,#4096,.F.);
#6653 = PLANE('',#6654);
#6654 = AXIS2_PLACEMENT_3D('',#6655,#6656,#6657);
#6655 = CARTESIAN_POINT('',(-1.925,-6.949996134153E-16,-3.13));
#6656 = DIRECTION('',(-1.,0.,0.));
#6657 = DIRECTION('',(0.,-2.22044604925E-16,-1.));
#6658 = ADVANCED_FACE('',(#6659),#6678,.F.);
#6659 = FACE_BOUND('',#6660,.F.);
#6660 = EDGE_LOOP('',(#6661,#6662,#6670,#6677));
#6661 = ORIENTED_EDGE('',*,*,#1139,.F.);
#6662 = ORIENTED_EDGE('',*,*,#6663,.T.);
#6663 = EDGE_CURVE('',#1132,#6664,#6666,.T.);
#6664 = VERTEX_POINT('',#6665);
#6665 = CARTESIAN_POINT('',(-1.675,0.2,-3.13));
#6666 = LINE('',#6667,#6668);
#6667 = CARTESIAN_POINT('',(-1.675,-6.949996134153E-16,-3.13));
#6668 = VECTOR('',#6669,1.);
#6669 = DIRECTION('',(0.,1.,-2.22044604925E-16));
#6670 = ORIENTED_EDGE('',*,*,#6671,.T.);
#6671 = EDGE_CURVE('',#6664,#6640,#6672,.T.);
#6672 = CIRCLE('',#6673,0.125);
#6673 = AXIS2_PLACEMENT_3D('',#6674,#6675,#6676);
#6674 = CARTESIAN_POINT('',(-1.8,0.2,-3.13));
#6675 = DIRECTION('',(0.,-1.,2.22044604925E-16));
#6676 = DIRECTION('',(1.,0.,0.));
#6677 = ORIENTED_EDGE('',*,*,#6639,.F.);
#6678 = CYLINDRICAL_SURFACE('',#6679,0.125);
#6679 = AXIS2_PLACEMENT_3D('',#6680,#6681,#6682);
#6680 = CARTESIAN_POINT('',(-1.8,-6.949996134153E-16,-3.13));
#6681 = DIRECTION('',(0.,-1.,2.22044604925E-16));
#6682 = DIRECTION('',(1.,0.,0.));
#6683 = ADVANCED_FACE('',(#6684),#6695,.F.);
#6684 = FACE_BOUND('',#6685,.F.);
#6685 = EDGE_LOOP('',(#6686,#6687,#6688,#6694));
#6686 = ORIENTED_EDGE('',*,*,#1131,.T.);
#6687 = ORIENTED_EDGE('',*,*,#4080,.T.);
#6688 = ORIENTED_EDGE('',*,*,#6689,.T.);
#6689 = EDGE_CURVE('',#4081,#6664,#6690,.T.);
#6690 = LINE('',#6691,#6692);
#6691 = CARTESIAN_POINT('',(-1.675,0.2,-3.5));
#6692 = VECTOR('',#6693,1.);
#6693 = DIRECTION('',(0.,2.22044604925E-16,1.));
#6694 = ORIENTED_EDGE('',*,*,#6663,.F.);
#6695 = PLANE('',#6696);
#6696 = AXIS2_PLACEMENT_3D('',#6697,#6698,#6699);
#6697 = CARTESIAN_POINT('',(-1.675,-7.771561172376E-16,-3.5));
#6698 = DIRECTION('',(1.,0.,0.));
#6699 = DIRECTION('',(0.,2.22044604925E-16,1.));
#6700 = ADVANCED_FACE('',(#6701),#6719,.F.);
#6701 = FACE_BOUND('',#6702,.F.);
#6702 = EDGE_LOOP('',(#6703,#6704,#6712,#6718));
#6703 = ORIENTED_EDGE('',*,*,#1115,.T.);
#6704 = ORIENTED_EDGE('',*,*,#6705,.T.);
#6705 = EDGE_CURVE('',#1107,#6706,#6708,.T.);
#6706 = VERTEX_POINT('',#6707);
#6707 = CARTESIAN_POINT('',(-1.525,0.2,-3.13));
#6708 = LINE('',#6709,#6710);
#6709 = CARTESIAN_POINT('',(-1.525,-6.949996134153E-16,-3.13));
#6710 = VECTOR('',#6711,1.);
#6711 = DIRECTION('',(0.,1.,-2.22044604925E-16));
#6712 = ORIENTED_EDGE('',*,*,#6713,.T.);
#6713 = EDGE_CURVE('',#6706,#4066,#6714,.T.);
#6714 = LINE('',#6715,#6716);
#6715 = CARTESIAN_POINT('',(-1.525,0.2,-3.13));
#6716 = VECTOR('',#6717,1.);
#6717 = DIRECTION('',(0.,-2.22044604925E-16,-1.));
#6718 = ORIENTED_EDGE('',*,*,#4073,.F.);
#6719 = PLANE('',#6720);
#6720 = AXIS2_PLACEMENT_3D('',#6721,#6722,#6723);
#6721 = CARTESIAN_POINT('',(-1.525,-6.949996134153E-16,-3.13));
#6722 = DIRECTION('',(-1.,0.,0.));
#6723 = DIRECTION('',(0.,-2.22044604925E-16,-1.));
#6724 = ADVANCED_FACE('',(#6725),#6744,.F.);
#6725 = FACE_BOUND('',#6726,.F.);
#6726 = EDGE_LOOP('',(#6727,#6728,#6736,#6743));
#6727 = ORIENTED_EDGE('',*,*,#1106,.F.);
#6728 = ORIENTED_EDGE('',*,*,#6729,.T.);
#6729 = EDGE_CURVE('',#1099,#6730,#6732,.T.);
#6730 = VERTEX_POINT('',#6731);
#6731 = CARTESIAN_POINT('',(-1.275,0.2,-3.13));
#6732 = LINE('',#6733,#6734);
#6733 = CARTESIAN_POINT('',(-1.275,-6.949996134153E-16,-3.13));
#6734 = VECTOR('',#6735,1.);
#6735 = DIRECTION('',(0.,1.,-2.22044604925E-16));
#6736 = ORIENTED_EDGE('',*,*,#6737,.T.);
#6737 = EDGE_CURVE('',#6730,#6706,#6738,.T.);
#6738 = CIRCLE('',#6739,0.125);
#6739 = AXIS2_PLACEMENT_3D('',#6740,#6741,#6742);
#6740 = CARTESIAN_POINT('',(-1.4,0.2,-3.13));
#6741 = DIRECTION('',(0.,-1.,2.22044604925E-16));
#6742 = DIRECTION('',(1.,0.,0.));
#6743 = ORIENTED_EDGE('',*,*,#6705,.F.);
#6744 = CYLINDRICAL_SURFACE('',#6745,0.125);
#6745 = AXIS2_PLACEMENT_3D('',#6746,#6747,#6748);
#6746 = CARTESIAN_POINT('',(-1.4,-6.949996134153E-16,-3.13));
#6747 = DIRECTION('',(0.,-1.,2.22044604925E-16));
#6748 = DIRECTION('',(1.,0.,0.));
#6749 = ADVANCED_FACE('',(#6750),#6761,.F.);
#6750 = FACE_BOUND('',#6751,.F.);
#6751 = EDGE_LOOP('',(#6752,#6753,#6754,#6760));
#6752 = ORIENTED_EDGE('',*,*,#1098,.T.);
#6753 = ORIENTED_EDGE('',*,*,#4057,.T.);
#6754 = ORIENTED_EDGE('',*,*,#6755,.T.);
#6755 = EDGE_CURVE('',#4058,#6730,#6756,.T.);
#6756 = LINE('',#6757,#6758);
#6757 = CARTESIAN_POINT('',(-1.275,0.2,-3.5));
#6758 = VECTOR('',#6759,1.);
#6759 = DIRECTION('',(0.,2.22044604925E-16,1.));
#6760 = ORIENTED_EDGE('',*,*,#6729,.F.);
#6761 = PLANE('',#6762);
#6762 = AXIS2_PLACEMENT_3D('',#6763,#6764,#6765);
#6763 = CARTESIAN_POINT('',(-1.275,-7.771561172376E-16,-3.5));
#6764 = DIRECTION('',(1.,0.,0.));
#6765 = DIRECTION('',(0.,2.22044604925E-16,1.));
#6766 = ADVANCED_FACE('',(#6767),#6785,.F.);
#6767 = FACE_BOUND('',#6768,.F.);
#6768 = EDGE_LOOP('',(#6769,#6770,#6778,#6784));
#6769 = ORIENTED_EDGE('',*,*,#1082,.T.);
#6770 = ORIENTED_EDGE('',*,*,#6771,.T.);
#6771 = EDGE_CURVE('',#1074,#6772,#6774,.T.);
#6772 = VERTEX_POINT('',#6773);
#6773 = CARTESIAN_POINT('',(-1.125,0.2,-3.13));
#6774 = LINE('',#6775,#6776);
#6775 = CARTESIAN_POINT('',(-1.125,-6.949996134153E-16,-3.13));
#6776 = VECTOR('',#6777,1.);
#6777 = DIRECTION('',(0.,1.,-2.22044604925E-16));
#6778 = ORIENTED_EDGE('',*,*,#6779,.T.);
#6779 = EDGE_CURVE('',#6772,#4043,#6780,.T.);
#6780 = LINE('',#6781,#6782);
#6781 = CARTESIAN_POINT('',(-1.125,0.2,-3.13));
#6782 = VECTOR('',#6783,1.);
#6783 = DIRECTION('',(0.,-2.22044604925E-16,-1.));
#6784 = ORIENTED_EDGE('',*,*,#4050,.F.);
#6785 = PLANE('',#6786);
#6786 = AXIS2_PLACEMENT_3D('',#6787,#6788,#6789);
#6787 = CARTESIAN_POINT('',(-1.125,-6.949996134153E-16,-3.13));
#6788 = DIRECTION('',(-1.,0.,0.));
#6789 = DIRECTION('',(0.,-2.22044604925E-16,-1.));
#6790 = ADVANCED_FACE('',(#6791),#6810,.F.);
#6791 = FACE_BOUND('',#6792,.F.);
#6792 = EDGE_LOOP('',(#6793,#6794,#6802,#6809));
#6793 = ORIENTED_EDGE('',*,*,#1073,.F.);
#6794 = ORIENTED_EDGE('',*,*,#6795,.T.);
#6795 = EDGE_CURVE('',#1066,#6796,#6798,.T.);
#6796 = VERTEX_POINT('',#6797);
#6797 = CARTESIAN_POINT('',(-0.875,0.2,-3.13));
#6798 = LINE('',#6799,#6800);
#6799 = CARTESIAN_POINT('',(-0.875,-6.949996134153E-16,-3.13));
#6800 = VECTOR('',#6801,1.);
#6801 = DIRECTION('',(0.,1.,-2.22044604925E-16));
#6802 = ORIENTED_EDGE('',*,*,#6803,.T.);
#6803 = EDGE_CURVE('',#6796,#6772,#6804,.T.);
#6804 = CIRCLE('',#6805,0.125);
#6805 = AXIS2_PLACEMENT_3D('',#6806,#6807,#6808);
#6806 = CARTESIAN_POINT('',(-1.,0.2,-3.13));
#6807 = DIRECTION('',(0.,-1.,2.22044604925E-16));
#6808 = DIRECTION('',(1.,0.,0.));
#6809 = ORIENTED_EDGE('',*,*,#6771,.F.);
#6810 = CYLINDRICAL_SURFACE('',#6811,0.125);
#6811 = AXIS2_PLACEMENT_3D('',#6812,#6813,#6814);
#6812 = CARTESIAN_POINT('',(-1.,-6.949996134153E-16,-3.13));
#6813 = DIRECTION('',(0.,-1.,2.22044604925E-16));
#6814 = DIRECTION('',(1.,0.,0.));
#6815 = ADVANCED_FACE('',(#6816),#6827,.F.);
#6816 = FACE_BOUND('',#6817,.F.);
#6817 = EDGE_LOOP('',(#6818,#6819,#6820,#6826));
#6818 = ORIENTED_EDGE('',*,*,#1065,.T.);
#6819 = ORIENTED_EDGE('',*,*,#4034,.T.);
#6820 = ORIENTED_EDGE('',*,*,#6821,.T.);
#6821 = EDGE_CURVE('',#4035,#6796,#6822,.T.);
#6822 = LINE('',#6823,#6824);
#6823 = CARTESIAN_POINT('',(-0.875,0.2,-3.5));
#6824 = VECTOR('',#6825,1.);
#6825 = DIRECTION('',(0.,2.22044604925E-16,1.));
#6826 = ORIENTED_EDGE('',*,*,#6795,.F.);
#6827 = PLANE('',#6828);
#6828 = AXIS2_PLACEMENT_3D('',#6829,#6830,#6831);
#6829 = CARTESIAN_POINT('',(-0.875,-7.771561172376E-16,-3.5));
#6830 = DIRECTION('',(1.,0.,0.));
#6831 = DIRECTION('',(0.,2.22044604925E-16,1.));
#6832 = ADVANCED_FACE('',(#6833),#6851,.F.);
#6833 = FACE_BOUND('',#6834,.F.);
#6834 = EDGE_LOOP('',(#6835,#6836,#6844,#6850));
#6835 = ORIENTED_EDGE('',*,*,#1049,.T.);
#6836 = ORIENTED_EDGE('',*,*,#6837,.T.);
#6837 = EDGE_CURVE('',#1041,#6838,#6840,.T.);
#6838 = VERTEX_POINT('',#6839);
#6839 = CARTESIAN_POINT('',(-0.725,0.2,-3.13));
#6840 = LINE('',#6841,#6842);
#6841 = CARTESIAN_POINT('',(-0.725,-6.949996134153E-16,-3.13));
#6842 = VECTOR('',#6843,1.);
#6843 = DIRECTION('',(0.,1.,-2.22044604925E-16));
#6844 = ORIENTED_EDGE('',*,*,#6845,.T.);
#6845 = EDGE_CURVE('',#6838,#4020,#6846,.T.);
#6846 = LINE('',#6847,#6848);
#6847 = CARTESIAN_POINT('',(-0.725,0.2,-3.13));
#6848 = VECTOR('',#6849,1.);
#6849 = DIRECTION('',(0.,-2.22044604925E-16,-1.));
#6850 = ORIENTED_EDGE('',*,*,#4027,.F.);
#6851 = PLANE('',#6852);
#6852 = AXIS2_PLACEMENT_3D('',#6853,#6854,#6855);
#6853 = CARTESIAN_POINT('',(-0.725,-6.949996134153E-16,-3.13));
#6854 = DIRECTION('',(-1.,0.,0.));
#6855 = DIRECTION('',(0.,-2.22044604925E-16,-1.));
#6856 = ADVANCED_FACE('',(#6857),#6876,.F.);
#6857 = FACE_BOUND('',#6858,.F.);
#6858 = EDGE_LOOP('',(#6859,#6860,#6868,#6875));
#6859 = ORIENTED_EDGE('',*,*,#1040,.F.);
#6860 = ORIENTED_EDGE('',*,*,#6861,.T.);
#6861 = EDGE_CURVE('',#1033,#6862,#6864,.T.);
#6862 = VERTEX_POINT('',#6863);
#6863 = CARTESIAN_POINT('',(-0.475,0.2,-3.13));
#6864 = LINE('',#6865,#6866);
#6865 = CARTESIAN_POINT('',(-0.475,-6.949996134153E-16,-3.13));
#6866 = VECTOR('',#6867,1.);
#6867 = DIRECTION('',(0.,1.,-2.22044604925E-16));
#6868 = ORIENTED_EDGE('',*,*,#6869,.T.);
#6869 = EDGE_CURVE('',#6862,#6838,#6870,.T.);
#6870 = CIRCLE('',#6871,0.125);
#6871 = AXIS2_PLACEMENT_3D('',#6872,#6873,#6874);
#6872 = CARTESIAN_POINT('',(-0.6,0.2,-3.13));
#6873 = DIRECTION('',(0.,-1.,2.22044604925E-16));
#6874 = DIRECTION('',(1.,0.,0.));
#6875 = ORIENTED_EDGE('',*,*,#6837,.F.);
#6876 = CYLINDRICAL_SURFACE('',#6877,0.125);
#6877 = AXIS2_PLACEMENT_3D('',#6878,#6879,#6880);
#6878 = CARTESIAN_POINT('',(-0.6,-6.949996134153E-16,-3.13));
#6879 = DIRECTION('',(0.,-1.,2.22044604925E-16));
#6880 = DIRECTION('',(1.,0.,0.));
#6881 = ADVANCED_FACE('',(#6882),#6893,.F.);
#6882 = FACE_BOUND('',#6883,.F.);
#6883 = EDGE_LOOP('',(#6884,#6885,#6886,#6892));
#6884 = ORIENTED_EDGE('',*,*,#1032,.T.);
#6885 = ORIENTED_EDGE('',*,*,#4011,.T.);
#6886 = ORIENTED_EDGE('',*,*,#6887,.T.);
#6887 = EDGE_CURVE('',#4012,#6862,#6888,.T.);
#6888 = LINE('',#6889,#6890);
#6889 = CARTESIAN_POINT('',(-0.475,0.2,-3.5));
#6890 = VECTOR('',#6891,1.);
#6891 = DIRECTION('',(0.,2.22044604925E-16,1.));
#6892 = ORIENTED_EDGE('',*,*,#6861,.F.);
#6893 = PLANE('',#6894);
#6894 = AXIS2_PLACEMENT_3D('',#6895,#6896,#6897);
#6895 = CARTESIAN_POINT('',(-0.475,-7.771561172376E-16,-3.5));
#6896 = DIRECTION('',(1.,0.,0.));
#6897 = DIRECTION('',(0.,2.22044604925E-16,1.));
#6898 = ADVANCED_FACE('',(#6899),#6917,.F.);
#6899 = FACE_BOUND('',#6900,.F.);
#6900 = EDGE_LOOP('',(#6901,#6902,#6910,#6916));
#6901 = ORIENTED_EDGE('',*,*,#1016,.T.);
#6902 = ORIENTED_EDGE('',*,*,#6903,.T.);
#6903 = EDGE_CURVE('',#1008,#6904,#6906,.T.);
#6904 = VERTEX_POINT('',#6905);
#6905 = CARTESIAN_POINT('',(-0.325,0.2,-3.13));
#6906 = LINE('',#6907,#6908);
#6907 = CARTESIAN_POINT('',(-0.325,-6.949996134153E-16,-3.13));
#6908 = VECTOR('',#6909,1.);
#6909 = DIRECTION('',(0.,1.,-2.22044604925E-16));
#6910 = ORIENTED_EDGE('',*,*,#6911,.T.);
#6911 = EDGE_CURVE('',#6904,#3997,#6912,.T.);
#6912 = LINE('',#6913,#6914);
#6913 = CARTESIAN_POINT('',(-0.325,0.2,-3.13));
#6914 = VECTOR('',#6915,1.);
#6915 = DIRECTION('',(0.,-2.22044604925E-16,-1.));
#6916 = ORIENTED_EDGE('',*,*,#4004,.F.);
#6917 = PLANE('',#6918);
#6918 = AXIS2_PLACEMENT_3D('',#6919,#6920,#6921);
#6919 = CARTESIAN_POINT('',(-0.325,-6.949996134153E-16,-3.13));
#6920 = DIRECTION('',(-1.,0.,0.));
#6921 = DIRECTION('',(0.,-2.22044604925E-16,-1.));
#6922 = ADVANCED_FACE('',(#6923),#6942,.F.);
#6923 = FACE_BOUND('',#6924,.F.);
#6924 = EDGE_LOOP('',(#6925,#6926,#6934,#6941));
#6925 = ORIENTED_EDGE('',*,*,#1007,.F.);
#6926 = ORIENTED_EDGE('',*,*,#6927,.T.);
#6927 = EDGE_CURVE('',#1000,#6928,#6930,.T.);
#6928 = VERTEX_POINT('',#6929);
#6929 = CARTESIAN_POINT('',(-7.5E-02,0.2,-3.13));
#6930 = LINE('',#6931,#6932);
#6931 = CARTESIAN_POINT('',(-7.5E-02,-6.949996134153E-16,-3.13));
#6932 = VECTOR('',#6933,1.);
#6933 = DIRECTION('',(0.,1.,-2.22044604925E-16));
#6934 = ORIENTED_EDGE('',*,*,#6935,.T.);
#6935 = EDGE_CURVE('',#6928,#6904,#6936,.T.);
#6936 = CIRCLE('',#6937,0.125);
#6937 = AXIS2_PLACEMENT_3D('',#6938,#6939,#6940);
#6938 = CARTESIAN_POINT('',(-0.2,0.2,-3.13));
#6939 = DIRECTION('',(0.,-1.,2.22044604925E-16));
#6940 = DIRECTION('',(1.,0.,0.));
#6941 = ORIENTED_EDGE('',*,*,#6903,.F.);
#6942 = CYLINDRICAL_SURFACE('',#6943,0.125);
#6943 = AXIS2_PLACEMENT_3D('',#6944,#6945,#6946);
#6944 = CARTESIAN_POINT('',(-0.2,-6.949996134153E-16,-3.13));
#6945 = DIRECTION('',(0.,-1.,2.22044604925E-16));
#6946 = DIRECTION('',(1.,0.,0.));
#6947 = ADVANCED_FACE('',(#6948),#6959,.F.);
#6948 = FACE_BOUND('',#6949,.F.);
#6949 = EDGE_LOOP('',(#6950,#6951,#6952,#6958));
#6950 = ORIENTED_EDGE('',*,*,#999,.T.);
#6951 = ORIENTED_EDGE('',*,*,#3988,.T.);
#6952 = ORIENTED_EDGE('',*,*,#6953,.T.);
#6953 = EDGE_CURVE('',#3989,#6928,#6954,.T.);
#6954 = LINE('',#6955,#6956);
#6955 = CARTESIAN_POINT('',(-7.5E-02,0.2,-3.5));
#6956 = VECTOR('',#6957,1.);
#6957 = DIRECTION('',(0.,2.22044604925E-16,1.));
#6958 = ORIENTED_EDGE('',*,*,#6927,.F.);
#6959 = PLANE('',#6960);
#6960 = AXIS2_PLACEMENT_3D('',#6961,#6962,#6963);
#6961 = CARTESIAN_POINT('',(-7.5E-02,-7.771561172376E-16,-3.5));
#6962 = DIRECTION('',(1.,0.,0.));
#6963 = DIRECTION('',(0.,2.22044604925E-16,1.));
#6964 = ADVANCED_FACE('',(#6965),#6983,.F.);
#6965 = FACE_BOUND('',#6966,.F.);
#6966 = EDGE_LOOP('',(#6967,#6968,#6976,#6982));
#6967 = ORIENTED_EDGE('',*,*,#983,.T.);
#6968 = ORIENTED_EDGE('',*,*,#6969,.T.);
#6969 = EDGE_CURVE('',#975,#6970,#6972,.T.);
#6970 = VERTEX_POINT('',#6971);
#6971 = CARTESIAN_POINT('',(7.5E-02,0.2,-3.13));
#6972 = LINE('',#6973,#6974);
#6973 = CARTESIAN_POINT('',(7.5E-02,-6.949996134153E-16,-3.13));
#6974 = VECTOR('',#6975,1.);
#6975 = DIRECTION('',(0.,1.,-2.22044604925E-16));
#6976 = ORIENTED_EDGE('',*,*,#6977,.T.);
#6977 = EDGE_CURVE('',#6970,#3974,#6978,.T.);
#6978 = LINE('',#6979,#6980);
#6979 = CARTESIAN_POINT('',(7.5E-02,0.2,-3.13));
#6980 = VECTOR('',#6981,1.);
#6981 = DIRECTION('',(0.,-2.22044604925E-16,-1.));
#6982 = ORIENTED_EDGE('',*,*,#3981,.F.);
#6983 = PLANE('',#6984);
#6984 = AXIS2_PLACEMENT_3D('',#6985,#6986,#6987);
#6985 = CARTESIAN_POINT('',(7.5E-02,-6.949996134153E-16,-3.13));
#6986 = DIRECTION('',(-1.,0.,0.));
#6987 = DIRECTION('',(0.,-2.22044604925E-16,-1.));
#6988 = ADVANCED_FACE('',(#6989),#7008,.F.);
#6989 = FACE_BOUND('',#6990,.F.);
#6990 = EDGE_LOOP('',(#6991,#6992,#7000,#7007));
#6991 = ORIENTED_EDGE('',*,*,#974,.F.);
#6992 = ORIENTED_EDGE('',*,*,#6993,.T.);
#6993 = EDGE_CURVE('',#967,#6994,#6996,.T.);
#6994 = VERTEX_POINT('',#6995);
#6995 = CARTESIAN_POINT('',(0.325,0.2,-3.13));
#6996 = LINE('',#6997,#6998);
#6997 = CARTESIAN_POINT('',(0.325,-6.949996134153E-16,-3.13));
#6998 = VECTOR('',#6999,1.);
#6999 = DIRECTION('',(0.,1.,-2.22044604925E-16));
#7000 = ORIENTED_EDGE('',*,*,#7001,.T.);
#7001 = EDGE_CURVE('',#6994,#6970,#7002,.T.);
#7002 = CIRCLE('',#7003,0.125);
#7003 = AXIS2_PLACEMENT_3D('',#7004,#7005,#7006);
#7004 = CARTESIAN_POINT('',(0.2,0.2,-3.13));
#7005 = DIRECTION('',(0.,-1.,2.22044604925E-16));
#7006 = DIRECTION('',(1.,0.,0.));
#7007 = ORIENTED_EDGE('',*,*,#6969,.F.);
#7008 = CYLINDRICAL_SURFACE('',#7009,0.125);
#7009 = AXIS2_PLACEMENT_3D('',#7010,#7011,#7012);
#7010 = CARTESIAN_POINT('',(0.2,-6.949996134153E-16,-3.13));
#7011 = DIRECTION('',(0.,-1.,2.22044604925E-16));
#7012 = DIRECTION('',(1.,0.,0.));
#7013 = ADVANCED_FACE('',(#7014),#7025,.F.);
#7014 = FACE_BOUND('',#7015,.F.);
#7015 = EDGE_LOOP('',(#7016,#7017,#7018,#7024));
#7016 = ORIENTED_EDGE('',*,*,#966,.T.);
#7017 = ORIENTED_EDGE('',*,*,#3965,.T.);
#7018 = ORIENTED_EDGE('',*,*,#7019,.T.);
#7019 = EDGE_CURVE('',#3966,#6994,#7020,.T.);
#7020 = LINE('',#7021,#7022);
#7021 = CARTESIAN_POINT('',(0.325,0.2,-3.5));
#7022 = VECTOR('',#7023,1.);
#7023 = DIRECTION('',(0.,2.22044604925E-16,1.));
#7024 = ORIENTED_EDGE('',*,*,#6993,.F.);
#7025 = PLANE('',#7026);
#7026 = AXIS2_PLACEMENT_3D('',#7027,#7028,#7029);
#7027 = CARTESIAN_POINT('',(0.325,-7.771561172376E-16,-3.5));
#7028 = DIRECTION('',(1.,0.,0.));
#7029 = DIRECTION('',(0.,2.22044604925E-16,1.));
#7030 = ADVANCED_FACE('',(#7031),#7049,.F.);
#7031 = FACE_BOUND('',#7032,.F.);
#7032 = EDGE_LOOP('',(#7033,#7034,#7042,#7048));
#7033 = ORIENTED_EDGE('',*,*,#950,.T.);
#7034 = ORIENTED_EDGE('',*,*,#7035,.T.);
#7035 = EDGE_CURVE('',#942,#7036,#7038,.T.);
#7036 = VERTEX_POINT('',#7037);
#7037 = CARTESIAN_POINT('',(0.475,0.2,-3.13));
#7038 = LINE('',#7039,#7040);
#7039 = CARTESIAN_POINT('',(0.475,-6.949996134153E-16,-3.13));
#7040 = VECTOR('',#7041,1.);
#7041 = DIRECTION('',(0.,1.,-2.22044604925E-16));
#7042 = ORIENTED_EDGE('',*,*,#7043,.T.);
#7043 = EDGE_CURVE('',#7036,#3951,#7044,.T.);
#7044 = LINE('',#7045,#7046);
#7045 = CARTESIAN_POINT('',(0.475,0.2,-3.13));
#7046 = VECTOR('',#7047,1.);
#7047 = DIRECTION('',(0.,-2.22044604925E-16,-1.));
#7048 = ORIENTED_EDGE('',*,*,#3958,.F.);
#7049 = PLANE('',#7050);
#7050 = AXIS2_PLACEMENT_3D('',#7051,#7052,#7053);
#7051 = CARTESIAN_POINT('',(0.475,-6.949996134153E-16,-3.13));
#7052 = DIRECTION('',(-1.,0.,0.));
#7053 = DIRECTION('',(0.,-2.22044604925E-16,-1.));
#7054 = ADVANCED_FACE('',(#7055),#7074,.F.);
#7055 = FACE_BOUND('',#7056,.F.);
#7056 = EDGE_LOOP('',(#7057,#7058,#7066,#7073));
#7057 = ORIENTED_EDGE('',*,*,#941,.F.);
#7058 = ORIENTED_EDGE('',*,*,#7059,.T.);
#7059 = EDGE_CURVE('',#934,#7060,#7062,.T.);
#7060 = VERTEX_POINT('',#7061);
#7061 = CARTESIAN_POINT('',(0.725,0.2,-3.13));
#7062 = LINE('',#7063,#7064);
#7063 = CARTESIAN_POINT('',(0.725,-6.949996134153E-16,-3.13));
#7064 = VECTOR('',#7065,1.);
#7065 = DIRECTION('',(0.,1.,-2.22044604925E-16));
#7066 = ORIENTED_EDGE('',*,*,#7067,.T.);
#7067 = EDGE_CURVE('',#7060,#7036,#7068,.T.);
#7068 = CIRCLE('',#7069,0.125);
#7069 = AXIS2_PLACEMENT_3D('',#7070,#7071,#7072);
#7070 = CARTESIAN_POINT('',(0.6,0.2,-3.13));
#7071 = DIRECTION('',(0.,-1.,2.22044604925E-16));
#7072 = DIRECTION('',(1.,0.,0.));
#7073 = ORIENTED_EDGE('',*,*,#7035,.F.);
#7074 = CYLINDRICAL_SURFACE('',#7075,0.125);
#7075 = AXIS2_PLACEMENT_3D('',#7076,#7077,#7078);
#7076 = CARTESIAN_POINT('',(0.6,-6.949996134153E-16,-3.13));
#7077 = DIRECTION('',(0.,-1.,2.22044604925E-16));
#7078 = DIRECTION('',(1.,0.,0.));
#7079 = ADVANCED_FACE('',(#7080),#7091,.F.);
#7080 = FACE_BOUND('',#7081,.F.);
#7081 = EDGE_LOOP('',(#7082,#7083,#7084,#7090));
#7082 = ORIENTED_EDGE('',*,*,#933,.T.);
#7083 = ORIENTED_EDGE('',*,*,#3942,.T.);
#7084 = ORIENTED_EDGE('',*,*,#7085,.T.);
#7085 = EDGE_CURVE('',#3943,#7060,#7086,.T.);
#7086 = LINE('',#7087,#7088);
#7087 = CARTESIAN_POINT('',(0.725,0.2,-3.5));
#7088 = VECTOR('',#7089,1.);
#7089 = DIRECTION('',(0.,2.22044604925E-16,1.));
#7090 = ORIENTED_EDGE('',*,*,#7059,.F.);
#7091 = PLANE('',#7092);
#7092 = AXIS2_PLACEMENT_3D('',#7093,#7094,#7095);
#7093 = CARTESIAN_POINT('',(0.725,-7.771561172376E-16,-3.5));
#7094 = DIRECTION('',(1.,0.,0.));
#7095 = DIRECTION('',(0.,2.22044604925E-16,1.));
#7096 = ADVANCED_FACE('',(#7097),#7115,.F.);
#7097 = FACE_BOUND('',#7098,.F.);
#7098 = EDGE_LOOP('',(#7099,#7100,#7108,#7114));
#7099 = ORIENTED_EDGE('',*,*,#917,.T.);
#7100 = ORIENTED_EDGE('',*,*,#7101,.T.);
#7101 = EDGE_CURVE('',#909,#7102,#7104,.T.);
#7102 = VERTEX_POINT('',#7103);
#7103 = CARTESIAN_POINT('',(0.875,0.2,-3.13));
#7104 = LINE('',#7105,#7106);
#7105 = CARTESIAN_POINT('',(0.875,-6.949996134153E-16,-3.13));
#7106 = VECTOR('',#7107,1.);
#7107 = DIRECTION('',(0.,1.,-2.22044604925E-16));
#7108 = ORIENTED_EDGE('',*,*,#7109,.T.);
#7109 = EDGE_CURVE('',#7102,#3928,#7110,.T.);
#7110 = LINE('',#7111,#7112);
#7111 = CARTESIAN_POINT('',(0.875,0.2,-3.13));
#7112 = VECTOR('',#7113,1.);
#7113 = DIRECTION('',(0.,-2.22044604925E-16,-1.));
#7114 = ORIENTED_EDGE('',*,*,#3935,.F.);
#7115 = PLANE('',#7116);
#7116 = AXIS2_PLACEMENT_3D('',#7117,#7118,#7119);
#7117 = CARTESIAN_POINT('',(0.875,-6.949996134153E-16,-3.13));
#7118 = DIRECTION('',(-1.,0.,0.));
#7119 = DIRECTION('',(0.,-2.22044604925E-16,-1.));
#7120 = ADVANCED_FACE('',(#7121),#7140,.F.);
#7121 = FACE_BOUND('',#7122,.F.);
#7122 = EDGE_LOOP('',(#7123,#7124,#7132,#7139));
#7123 = ORIENTED_EDGE('',*,*,#908,.F.);
#7124 = ORIENTED_EDGE('',*,*,#7125,.T.);
#7125 = EDGE_CURVE('',#901,#7126,#7128,.T.);
#7126 = VERTEX_POINT('',#7127);
#7127 = CARTESIAN_POINT('',(1.125,0.2,-3.13));
#7128 = LINE('',#7129,#7130);
#7129 = CARTESIAN_POINT('',(1.125,-6.949996134153E-16,-3.13));
#7130 = VECTOR('',#7131,1.);
#7131 = DIRECTION('',(0.,1.,-2.22044604925E-16));
#7132 = ORIENTED_EDGE('',*,*,#7133,.T.);
#7133 = EDGE_CURVE('',#7126,#7102,#7134,.T.);
#7134 = CIRCLE('',#7135,0.125);
#7135 = AXIS2_PLACEMENT_3D('',#7136,#7137,#7138);
#7136 = CARTESIAN_POINT('',(1.,0.2,-3.13));
#7137 = DIRECTION('',(0.,-1.,2.22044604925E-16));
#7138 = DIRECTION('',(1.,0.,0.));
#7139 = ORIENTED_EDGE('',*,*,#7101,.F.);
#7140 = CYLINDRICAL_SURFACE('',#7141,0.125);
#7141 = AXIS2_PLACEMENT_3D('',#7142,#7143,#7144);
#7142 = CARTESIAN_POINT('',(1.,-6.949996134153E-16,-3.13));
#7143 = DIRECTION('',(0.,-1.,2.22044604925E-16));
#7144 = DIRECTION('',(1.,0.,0.));
#7145 = ADVANCED_FACE('',(#7146),#7157,.F.);
#7146 = FACE_BOUND('',#7147,.F.);
#7147 = EDGE_LOOP('',(#7148,#7149,#7150,#7156));
#7148 = ORIENTED_EDGE('',*,*,#900,.T.);
#7149 = ORIENTED_EDGE('',*,*,#3919,.T.);
#7150 = ORIENTED_EDGE('',*,*,#7151,.T.);
#7151 = EDGE_CURVE('',#3920,#7126,#7152,.T.);
#7152 = LINE('',#7153,#7154);
#7153 = CARTESIAN_POINT('',(1.125,0.2,-3.5));
#7154 = VECTOR('',#7155,1.);
#7155 = DIRECTION('',(0.,2.22044604925E-16,1.));
#7156 = ORIENTED_EDGE('',*,*,#7125,.F.);
#7157 = PLANE('',#7158);
#7158 = AXIS2_PLACEMENT_3D('',#7159,#7160,#7161);
#7159 = CARTESIAN_POINT('',(1.125,-7.771561172376E-16,-3.5));
#7160 = DIRECTION('',(1.,0.,0.));
#7161 = DIRECTION('',(0.,2.22044604925E-16,1.));
#7162 = ADVANCED_FACE('',(#7163),#7181,.F.);
#7163 = FACE_BOUND('',#7164,.F.);
#7164 = EDGE_LOOP('',(#7165,#7166,#7174,#7180));
#7165 = ORIENTED_EDGE('',*,*,#884,.T.);
#7166 = ORIENTED_EDGE('',*,*,#7167,.T.);
#7167 = EDGE_CURVE('',#876,#7168,#7170,.T.);
#7168 = VERTEX_POINT('',#7169);
#7169 = CARTESIAN_POINT('',(1.275,0.2,-3.13));
#7170 = LINE('',#7171,#7172);
#7171 = CARTESIAN_POINT('',(1.275,-6.949996134153E-16,-3.13));
#7172 = VECTOR('',#7173,1.);
#7173 = DIRECTION('',(0.,1.,-2.22044604925E-16));
#7174 = ORIENTED_EDGE('',*,*,#7175,.T.);
#7175 = EDGE_CURVE('',#7168,#3905,#7176,.T.);
#7176 = LINE('',#7177,#7178);
#7177 = CARTESIAN_POINT('',(1.275,0.2,-3.13));
#7178 = VECTOR('',#7179,1.);
#7179 = DIRECTION('',(0.,-2.22044604925E-16,-1.));
#7180 = ORIENTED_EDGE('',*,*,#3912,.F.);
#7181 = PLANE('',#7182);
#7182 = AXIS2_PLACEMENT_3D('',#7183,#7184,#7185);
#7183 = CARTESIAN_POINT('',(1.275,-6.949996134153E-16,-3.13));
#7184 = DIRECTION('',(-1.,0.,0.));
#7185 = DIRECTION('',(0.,-2.22044604925E-16,-1.));
#7186 = ADVANCED_FACE('',(#7187),#7206,.F.);
#7187 = FACE_BOUND('',#7188,.F.);
#7188 = EDGE_LOOP('',(#7189,#7190,#7198,#7205));
#7189 = ORIENTED_EDGE('',*,*,#875,.F.);
#7190 = ORIENTED_EDGE('',*,*,#7191,.T.);
#7191 = EDGE_CURVE('',#868,#7192,#7194,.T.);
#7192 = VERTEX_POINT('',#7193);
#7193 = CARTESIAN_POINT('',(1.525,0.2,-3.13));
#7194 = LINE('',#7195,#7196);
#7195 = CARTESIAN_POINT('',(1.525,-6.949996134153E-16,-3.13));
#7196 = VECTOR('',#7197,1.);
#7197 = DIRECTION('',(0.,1.,-2.22044604925E-16));
#7198 = ORIENTED_EDGE('',*,*,#7199,.T.);
#7199 = EDGE_CURVE('',#7192,#7168,#7200,.T.);
#7200 = CIRCLE('',#7201,0.125);
#7201 = AXIS2_PLACEMENT_3D('',#7202,#7203,#7204);
#7202 = CARTESIAN_POINT('',(1.4,0.2,-3.13));
#7203 = DIRECTION('',(0.,-1.,2.22044604925E-16));
#7204 = DIRECTION('',(1.,0.,0.));
#7205 = ORIENTED_EDGE('',*,*,#7167,.F.);
#7206 = CYLINDRICAL_SURFACE('',#7207,0.125);
#7207 = AXIS2_PLACEMENT_3D('',#7208,#7209,#7210);
#7208 = CARTESIAN_POINT('',(1.4,-6.949996134153E-16,-3.13));
#7209 = DIRECTION('',(0.,-1.,2.22044604925E-16));
#7210 = DIRECTION('',(1.,0.,0.));
#7211 = ADVANCED_FACE('',(#7212),#7223,.F.);
#7212 = FACE_BOUND('',#7213,.F.);
#7213 = EDGE_LOOP('',(#7214,#7215,#7216,#7222));
#7214 = ORIENTED_EDGE('',*,*,#867,.T.);
#7215 = ORIENTED_EDGE('',*,*,#3896,.T.);
#7216 = ORIENTED_EDGE('',*,*,#7217,.T.);
#7217 = EDGE_CURVE('',#3897,#7192,#7218,.T.);
#7218 = LINE('',#7219,#7220);
#7219 = CARTESIAN_POINT('',(1.525,0.2,-3.5));
#7220 = VECTOR('',#7221,1.);
#7221 = DIRECTION('',(0.,2.22044604925E-16,1.));
#7222 = ORIENTED_EDGE('',*,*,#7191,.F.);
#7223 = PLANE('',#7224);
#7224 = AXIS2_PLACEMENT_3D('',#7225,#7226,#7227);
#7225 = CARTESIAN_POINT('',(1.525,-7.771561172376E-16,-3.5));
#7226 = DIRECTION('',(1.,0.,0.));
#7227 = DIRECTION('',(0.,2.22044604925E-16,1.));
#7228 = ADVANCED_FACE('',(#7229),#7247,.F.);
#7229 = FACE_BOUND('',#7230,.F.);
#7230 = EDGE_LOOP('',(#7231,#7232,#7240,#7246));
#7231 = ORIENTED_EDGE('',*,*,#851,.T.);
#7232 = ORIENTED_EDGE('',*,*,#7233,.T.);
#7233 = EDGE_CURVE('',#843,#7234,#7236,.T.);
#7234 = VERTEX_POINT('',#7235);
#7235 = CARTESIAN_POINT('',(1.675,0.2,-3.13));
#7236 = LINE('',#7237,#7238);
#7237 = CARTESIAN_POINT('',(1.675,-6.949996134153E-16,-3.13));
#7238 = VECTOR('',#7239,1.);
#7239 = DIRECTION('',(0.,1.,-2.22044604925E-16));
#7240 = ORIENTED_EDGE('',*,*,#7241,.T.);
#7241 = EDGE_CURVE('',#7234,#3882,#7242,.T.);
#7242 = LINE('',#7243,#7244);
#7243 = CARTESIAN_POINT('',(1.675,0.2,-3.13));
#7244 = VECTOR('',#7245,1.);
#7245 = DIRECTION('',(0.,-2.22044604925E-16,-1.));
#7246 = ORIENTED_EDGE('',*,*,#3889,.F.);
#7247 = PLANE('',#7248);
#7248 = AXIS2_PLACEMENT_3D('',#7249,#7250,#7251);
#7249 = CARTESIAN_POINT('',(1.675,-6.949996134153E-16,-3.13));
#7250 = DIRECTION('',(-1.,0.,0.));
#7251 = DIRECTION('',(0.,-2.22044604925E-16,-1.));
#7252 = ADVANCED_FACE('',(#7253),#7272,.F.);
#7253 = FACE_BOUND('',#7254,.F.);
#7254 = EDGE_LOOP('',(#7255,#7256,#7264,#7271));
#7255 = ORIENTED_EDGE('',*,*,#842,.F.);
#7256 = ORIENTED_EDGE('',*,*,#7257,.T.);
#7257 = EDGE_CURVE('',#835,#7258,#7260,.T.);
#7258 = VERTEX_POINT('',#7259);
#7259 = CARTESIAN_POINT('',(1.925,0.2,-3.13));
#7260 = LINE('',#7261,#7262);
#7261 = CARTESIAN_POINT('',(1.925,-6.949996134153E-16,-3.13));
#7262 = VECTOR('',#7263,1.);
#7263 = DIRECTION('',(0.,1.,-2.22044604925E-16));
#7264 = ORIENTED_EDGE('',*,*,#7265,.T.);
#7265 = EDGE_CURVE('',#7258,#7234,#7266,.T.);
#7266 = CIRCLE('',#7267,0.125);
#7267 = AXIS2_PLACEMENT_3D('',#7268,#7269,#7270);
#7268 = CARTESIAN_POINT('',(1.8,0.2,-3.13));
#7269 = DIRECTION('',(0.,-1.,2.22044604925E-16));
#7270 = DIRECTION('',(1.,0.,0.));
#7271 = ORIENTED_EDGE('',*,*,#7233,.F.);
#7272 = CYLINDRICAL_SURFACE('',#7273,0.125);
#7273 = AXIS2_PLACEMENT_3D('',#7274,#7275,#7276);
#7274 = CARTESIAN_POINT('',(1.8,-6.949996134153E-16,-3.13));
#7275 = DIRECTION('',(0.,-1.,2.22044604925E-16));
#7276 = DIRECTION('',(1.,0.,0.));
#7277 = ADVANCED_FACE('',(#7278),#7289,.F.);
#7278 = FACE_BOUND('',#7279,.F.);
#7279 = EDGE_LOOP('',(#7280,#7281,#7282,#7288));
#7280 = ORIENTED_EDGE('',*,*,#834,.T.);
#7281 = ORIENTED_EDGE('',*,*,#3873,.T.);
#7282 = ORIENTED_EDGE('',*,*,#7283,.T.);
#7283 = EDGE_CURVE('',#3874,#7258,#7284,.T.);
#7284 = LINE('',#7285,#7286);
#7285 = CARTESIAN_POINT('',(1.925,0.2,-3.5));
#7286 = VECTOR('',#7287,1.);
#7287 = DIRECTION('',(0.,2.22044604925E-16,1.));
#7288 = ORIENTED_EDGE('',*,*,#7257,.F.);
#7289 = PLANE('',#7290);
#7290 = AXIS2_PLACEMENT_3D('',#7291,#7292,#7293);
#7291 = CARTESIAN_POINT('',(1.925,-7.771561172376E-16,-3.5));
#7292 = DIRECTION('',(1.,0.,0.));
#7293 = DIRECTION('',(0.,2.22044604925E-16,1.));
#7294 = ADVANCED_FACE('',(#7295),#7313,.F.);
#7295 = FACE_BOUND('',#7296,.F.);
#7296 = EDGE_LOOP('',(#7297,#7298,#7306,#7312));
#7297 = ORIENTED_EDGE('',*,*,#818,.T.);
#7298 = ORIENTED_EDGE('',*,*,#7299,.T.);
#7299 = EDGE_CURVE('',#810,#7300,#7302,.T.);
#7300 = VERTEX_POINT('',#7301);
#7301 = CARTESIAN_POINT('',(2.075,0.2,-3.13));
#7302 = LINE('',#7303,#7304);
#7303 = CARTESIAN_POINT('',(2.075,-6.949996134153E-16,-3.13));
#7304 = VECTOR('',#7305,1.);
#7305 = DIRECTION('',(0.,1.,-2.22044604925E-16));
#7306 = ORIENTED_EDGE('',*,*,#7307,.T.);
#7307 = EDGE_CURVE('',#7300,#3859,#7308,.T.);
#7308 = LINE('',#7309,#7310);
#7309 = CARTESIAN_POINT('',(2.075,0.2,-3.13));
#7310 = VECTOR('',#7311,1.);
#7311 = DIRECTION('',(0.,-2.22044604925E-16,-1.));
#7312 = ORIENTED_EDGE('',*,*,#3866,.F.);
#7313 = PLANE('',#7314);
#7314 = AXIS2_PLACEMENT_3D('',#7315,#7316,#7317);
#7315 = CARTESIAN_POINT('',(2.075,-6.949996134153E-16,-3.13));
#7316 = DIRECTION('',(-1.,0.,0.));
#7317 = DIRECTION('',(0.,-2.22044604925E-16,-1.));
#7318 = ADVANCED_FACE('',(#7319),#7338,.F.);
#7319 = FACE_BOUND('',#7320,.F.);
#7320 = EDGE_LOOP('',(#7321,#7322,#7330,#7337));
#7321 = ORIENTED_EDGE('',*,*,#809,.F.);
#7322 = ORIENTED_EDGE('',*,*,#7323,.T.);
#7323 = EDGE_CURVE('',#802,#7324,#7326,.T.);
#7324 = VERTEX_POINT('',#7325);
#7325 = CARTESIAN_POINT('',(2.325,0.2,-3.13));
#7326 = LINE('',#7327,#7328);
#7327 = CARTESIAN_POINT('',(2.325,-6.949996134153E-16,-3.13));
#7328 = VECTOR('',#7329,1.);
#7329 = DIRECTION('',(0.,1.,-2.22044604925E-16));
#7330 = ORIENTED_EDGE('',*,*,#7331,.T.);
#7331 = EDGE_CURVE('',#7324,#7300,#7332,.T.);
#7332 = CIRCLE('',#7333,0.125);
#7333 = AXIS2_PLACEMENT_3D('',#7334,#7335,#7336);
#7334 = CARTESIAN_POINT('',(2.2,0.2,-3.13));
#7335 = DIRECTION('',(0.,-1.,2.22044604925E-16));
#7336 = DIRECTION('',(1.,0.,0.));
#7337 = ORIENTED_EDGE('',*,*,#7299,.F.);
#7338 = CYLINDRICAL_SURFACE('',#7339,0.125);
#7339 = AXIS2_PLACEMENT_3D('',#7340,#7341,#7342);
#7340 = CARTESIAN_POINT('',(2.2,-6.949996134153E-16,-3.13));
#7341 = DIRECTION('',(0.,-1.,2.22044604925E-16));
#7342 = DIRECTION('',(1.,0.,0.));
#7343 = ADVANCED_FACE('',(#7344),#7355,.F.);
#7344 = FACE_BOUND('',#7345,.F.);
#7345 = EDGE_LOOP('',(#7346,#7347,#7348,#7354));
#7346 = ORIENTED_EDGE('',*,*,#801,.T.);
#7347 = ORIENTED_EDGE('',*,*,#3850,.T.);
#7348 = ORIENTED_EDGE('',*,*,#7349,.T.);
#7349 = EDGE_CURVE('',#3851,#7324,#7350,.T.);
#7350 = LINE('',#7351,#7352);
#7351 = CARTESIAN_POINT('',(2.325,0.2,-3.5));
#7352 = VECTOR('',#7353,1.);
#7353 = DIRECTION('',(0.,2.22044604925E-16,1.));
#7354 = ORIENTED_EDGE('',*,*,#7323,.F.);
#7355 = PLANE('',#7356);
#7356 = AXIS2_PLACEMENT_3D('',#7357,#7358,#7359);
#7357 = CARTESIAN_POINT('',(2.325,-7.771561172376E-16,-3.5));
#7358 = DIRECTION('',(1.,0.,0.));
#7359 = DIRECTION('',(0.,2.22044604925E-16,1.));
#7360 = ADVANCED_FACE('',(#7361),#7379,.F.);
#7361 = FACE_BOUND('',#7362,.F.);
#7362 = EDGE_LOOP('',(#7363,#7364,#7372,#7378));
#7363 = ORIENTED_EDGE('',*,*,#785,.T.);
#7364 = ORIENTED_EDGE('',*,*,#7365,.T.);
#7365 = EDGE_CURVE('',#777,#7366,#7368,.T.);
#7366 = VERTEX_POINT('',#7367);
#7367 = CARTESIAN_POINT('',(2.475,0.2,-3.13));
#7368 = LINE('',#7369,#7370);
#7369 = CARTESIAN_POINT('',(2.475,-6.949996134153E-16,-3.13));
#7370 = VECTOR('',#7371,1.);
#7371 = DIRECTION('',(0.,1.,-2.22044604925E-16));
#7372 = ORIENTED_EDGE('',*,*,#7373,.T.);
#7373 = EDGE_CURVE('',#7366,#3836,#7374,.T.);
#7374 = LINE('',#7375,#7376);
#7375 = CARTESIAN_POINT('',(2.475,0.2,-3.13));
#7376 = VECTOR('',#7377,1.);
#7377 = DIRECTION('',(0.,-2.22044604925E-16,-1.));
#7378 = ORIENTED_EDGE('',*,*,#3843,.F.);
#7379 = PLANE('',#7380);
#7380 = AXIS2_PLACEMENT_3D('',#7381,#7382,#7383);
#7381 = CARTESIAN_POINT('',(2.475,-6.949996134153E-16,-3.13));
#7382 = DIRECTION('',(-1.,0.,0.));
#7383 = DIRECTION('',(0.,-2.22044604925E-16,-1.));
#7384 = ADVANCED_FACE('',(#7385),#7404,.F.);
#7385 = FACE_BOUND('',#7386,.F.);
#7386 = EDGE_LOOP('',(#7387,#7388,#7396,#7403));
#7387 = ORIENTED_EDGE('',*,*,#776,.F.);
#7388 = ORIENTED_EDGE('',*,*,#7389,.T.);
#7389 = EDGE_CURVE('',#769,#7390,#7392,.T.);
#7390 = VERTEX_POINT('',#7391);
#7391 = CARTESIAN_POINT('',(2.725,0.2,-3.13));
#7392 = LINE('',#7393,#7394);
#7393 = CARTESIAN_POINT('',(2.725,-6.949996134153E-16,-3.13));
#7394 = VECTOR('',#7395,1.);
#7395 = DIRECTION('',(0.,1.,-2.22044604925E-16));
#7396 = ORIENTED_EDGE('',*,*,#7397,.T.);
#7397 = EDGE_CURVE('',#7390,#7366,#7398,.T.);
#7398 = CIRCLE('',#7399,0.125);
#7399 = AXIS2_PLACEMENT_3D('',#7400,#7401,#7402);
#7400 = CARTESIAN_POINT('',(2.6,0.2,-3.13));
#7401 = DIRECTION('',(0.,-1.,2.22044604925E-16));
#7402 = DIRECTION('',(1.,0.,0.));
#7403 = ORIENTED_EDGE('',*,*,#7365,.F.);
#7404 = CYLINDRICAL_SURFACE('',#7405,0.125);
#7405 = AXIS2_PLACEMENT_3D('',#7406,#7407,#7408);
#7406 = CARTESIAN_POINT('',(2.6,-6.949996134153E-16,-3.13));
#7407 = DIRECTION('',(0.,-1.,2.22044604925E-16));
#7408 = DIRECTION('',(1.,0.,0.));
#7409 = ADVANCED_FACE('',(#7410),#7421,.F.);
#7410 = FACE_BOUND('',#7411,.F.);
#7411 = EDGE_LOOP('',(#7412,#7413,#7414,#7420));
#7412 = ORIENTED_EDGE('',*,*,#768,.T.);
#7413 = ORIENTED_EDGE('',*,*,#3827,.T.);
#7414 = ORIENTED_EDGE('',*,*,#7415,.T.);
#7415 = EDGE_CURVE('',#3828,#7390,#7416,.T.);
#7416 = LINE('',#7417,#7418);
#7417 = CARTESIAN_POINT('',(2.725,0.2,-3.5));
#7418 = VECTOR('',#7419,1.);
#7419 = DIRECTION('',(0.,2.22044604925E-16,1.));
#7420 = ORIENTED_EDGE('',*,*,#7389,.F.);
#7421 = PLANE('',#7422);
#7422 = AXIS2_PLACEMENT_3D('',#7423,#7424,#7425);
#7423 = CARTESIAN_POINT('',(2.725,-7.771561172376E-16,-3.5));
#7424 = DIRECTION('',(1.,0.,0.));
#7425 = DIRECTION('',(0.,2.22044604925E-16,1.));
#7426 = ADVANCED_FACE('',(#7427),#7433,.F.);
#7427 = FACE_BOUND('',#7428,.F.);
#7428 = EDGE_LOOP('',(#7429,#7430,#7431,#7432));
#7429 = ORIENTED_EDGE('',*,*,#3760,.T.);
#7430 = ORIENTED_EDGE('',*,*,#4326,.T.);
#7431 = ORIENTED_EDGE('',*,*,#4357,.F.);
#7432 = ORIENTED_EDGE('',*,*,#4375,.T.);
#7433 = PLANE('',#7434);
#7434 = AXIS2_PLACEMENT_3D('',#7435,#7436,#7437);
#7435 = CARTESIAN_POINT('',(2.6,0.2,3.278232019144));
#7436 = DIRECTION('',(0.,1.,0.));
#7437 = DIRECTION('',(0.,0.,1.));
#7438 = ADVANCED_FACE('',(#7439),#7445,.F.);
#7439 = FACE_BOUND('',#7440,.F.);
#7440 = EDGE_LOOP('',(#7441,#7442,#7443,#7444));
#7441 = ORIENTED_EDGE('',*,*,#3737,.T.);
#7442 = ORIENTED_EDGE('',*,*,#4392,.T.);
#7443 = ORIENTED_EDGE('',*,*,#4423,.F.);
#7444 = ORIENTED_EDGE('',*,*,#4441,.T.);
#7445 = PLANE('',#7446);
#7446 = AXIS2_PLACEMENT_3D('',#7447,#7448,#7449);
#7447 = CARTESIAN_POINT('',(2.2,0.2,3.278232019144));
#7448 = DIRECTION('',(0.,1.,0.));
#7449 = DIRECTION('',(0.,0.,1.));
#7450 = ADVANCED_FACE('',(#7451),#7457,.F.);
#7451 = FACE_BOUND('',#7452,.F.);
#7452 = EDGE_LOOP('',(#7453,#7454,#7455,#7456));
#7453 = ORIENTED_EDGE('',*,*,#3714,.T.);
#7454 = ORIENTED_EDGE('',*,*,#4458,.T.);
#7455 = ORIENTED_EDGE('',*,*,#4489,.F.);
#7456 = ORIENTED_EDGE('',*,*,#4507,.T.);
#7457 = PLANE('',#7458);
#7458 = AXIS2_PLACEMENT_3D('',#7459,#7460,#7461);
#7459 = CARTESIAN_POINT('',(1.8,0.2,3.278232019144));
#7460 = DIRECTION('',(0.,1.,0.));
#7461 = DIRECTION('',(0.,0.,1.));
#7462 = ADVANCED_FACE('',(#7463),#7469,.F.);
#7463 = FACE_BOUND('',#7464,.F.);
#7464 = EDGE_LOOP('',(#7465,#7466,#7467,#7468));
#7465 = ORIENTED_EDGE('',*,*,#3691,.T.);
#7466 = ORIENTED_EDGE('',*,*,#4524,.T.);
#7467 = ORIENTED_EDGE('',*,*,#4555,.F.);
#7468 = ORIENTED_EDGE('',*,*,#4573,.T.);
#7469 = PLANE('',#7470);
#7470 = AXIS2_PLACEMENT_3D('',#7471,#7472,#7473);
#7471 = CARTESIAN_POINT('',(1.4,0.2,3.278232019144));
#7472 = DIRECTION('',(0.,1.,0.));
#7473 = DIRECTION('',(0.,0.,1.));
#7474 = ADVANCED_FACE('',(#7475),#7481,.F.);
#7475 = FACE_BOUND('',#7476,.F.);
#7476 = EDGE_LOOP('',(#7477,#7478,#7479,#7480));
#7477 = ORIENTED_EDGE('',*,*,#3668,.T.);
#7478 = ORIENTED_EDGE('',*,*,#4590,.T.);
#7479 = ORIENTED_EDGE('',*,*,#4621,.F.);
#7480 = ORIENTED_EDGE('',*,*,#4639,.T.);
#7481 = PLANE('',#7482);
#7482 = AXIS2_PLACEMENT_3D('',#7483,#7484,#7485);
#7483 = CARTESIAN_POINT('',(1.,0.2,3.278232019144));
#7484 = DIRECTION('',(0.,1.,0.));
#7485 = DIRECTION('',(0.,0.,1.));
#7486 = ADVANCED_FACE('',(#7487),#7493,.F.);
#7487 = FACE_BOUND('',#7488,.F.);
#7488 = EDGE_LOOP('',(#7489,#7490,#7491,#7492));
#7489 = ORIENTED_EDGE('',*,*,#3645,.T.);
#7490 = ORIENTED_EDGE('',*,*,#4656,.T.);
#7491 = ORIENTED_EDGE('',*,*,#4687,.F.);
#7492 = ORIENTED_EDGE('',*,*,#4705,.T.);
#7493 = PLANE('',#7494);
#7494 = AXIS2_PLACEMENT_3D('',#7495,#7496,#7497);
#7495 = CARTESIAN_POINT('',(0.6,0.2,3.278232019144));
#7496 = DIRECTION('',(0.,1.,0.));
#7497 = DIRECTION('',(0.,0.,1.));
#7498 = ADVANCED_FACE('',(#7499),#7505,.F.);
#7499 = FACE_BOUND('',#7500,.F.);
#7500 = EDGE_LOOP('',(#7501,#7502,#7503,#7504));
#7501 = ORIENTED_EDGE('',*,*,#3622,.T.);
#7502 = ORIENTED_EDGE('',*,*,#4722,.T.);
#7503 = ORIENTED_EDGE('',*,*,#4753,.F.);
#7504 = ORIENTED_EDGE('',*,*,#4771,.T.);
#7505 = PLANE('',#7506);
#7506 = AXIS2_PLACEMENT_3D('',#7507,#7508,#7509);
#7507 = CARTESIAN_POINT('',(0.2,0.2,3.278232019144));
#7508 = DIRECTION('',(0.,1.,0.));
#7509 = DIRECTION('',(0.,0.,1.));
#7510 = ADVANCED_FACE('',(#7511),#7517,.F.);
#7511 = FACE_BOUND('',#7512,.F.);
#7512 = EDGE_LOOP('',(#7513,#7514,#7515,#7516));
#7513 = ORIENTED_EDGE('',*,*,#3599,.T.);
#7514 = ORIENTED_EDGE('',*,*,#4788,.T.);
#7515 = ORIENTED_EDGE('',*,*,#4819,.F.);
#7516 = ORIENTED_EDGE('',*,*,#4837,.T.);
#7517 = PLANE('',#7518);
#7518 = AXIS2_PLACEMENT_3D('',#7519,#7520,#7521);
#7519 = CARTESIAN_POINT('',(-0.2,0.2,3.278232019144));
#7520 = DIRECTION('',(0.,1.,0.));
#7521 = DIRECTION('',(0.,0.,1.));
#7522 = ADVANCED_FACE('',(#7523),#7529,.F.);
#7523 = FACE_BOUND('',#7524,.F.);
#7524 = EDGE_LOOP('',(#7525,#7526,#7527,#7528));
#7525 = ORIENTED_EDGE('',*,*,#3576,.T.);
#7526 = ORIENTED_EDGE('',*,*,#4854,.T.);
#7527 = ORIENTED_EDGE('',*,*,#4885,.F.);
#7528 = ORIENTED_EDGE('',*,*,#4903,.T.);
#7529 = PLANE('',#7530);
#7530 = AXIS2_PLACEMENT_3D('',#7531,#7532,#7533);
#7531 = CARTESIAN_POINT('',(-0.6,0.2,3.278232019144));
#7532 = DIRECTION('',(0.,1.,0.));
#7533 = DIRECTION('',(0.,0.,1.));
#7534 = ADVANCED_FACE('',(#7535),#7541,.F.);
#7535 = FACE_BOUND('',#7536,.F.);
#7536 = EDGE_LOOP('',(#7537,#7538,#7539,#7540));
#7537 = ORIENTED_EDGE('',*,*,#3553,.T.);
#7538 = ORIENTED_EDGE('',*,*,#4920,.T.);
#7539 = ORIENTED_EDGE('',*,*,#4951,.F.);
#7540 = ORIENTED_EDGE('',*,*,#4969,.T.);
#7541 = PLANE('',#7542);
#7542 = AXIS2_PLACEMENT_3D('',#7543,#7544,#7545);
#7543 = CARTESIAN_POINT('',(-1.,0.2,3.278232019144));
#7544 = DIRECTION('',(0.,1.,0.));
#7545 = DIRECTION('',(0.,0.,1.));
#7546 = ADVANCED_FACE('',(#7547),#7553,.F.);
#7547 = FACE_BOUND('',#7548,.F.);
#7548 = EDGE_LOOP('',(#7549,#7550,#7551,#7552));
#7549 = ORIENTED_EDGE('',*,*,#3530,.T.);
#7550 = ORIENTED_EDGE('',*,*,#4986,.T.);
#7551 = ORIENTED_EDGE('',*,*,#5017,.F.);
#7552 = ORIENTED_EDGE('',*,*,#5035,.T.);
#7553 = PLANE('',#7554);
#7554 = AXIS2_PLACEMENT_3D('',#7555,#7556,#7557);
#7555 = CARTESIAN_POINT('',(-1.4,0.2,3.278232019144));
#7556 = DIRECTION('',(0.,1.,0.));
#7557 = DIRECTION('',(0.,0.,1.));
#7558 = ADVANCED_FACE('',(#7559),#7565,.F.);
#7559 = FACE_BOUND('',#7560,.F.);
#7560 = EDGE_LOOP('',(#7561,#7562,#7563,#7564));
#7561 = ORIENTED_EDGE('',*,*,#3507,.T.);
#7562 = ORIENTED_EDGE('',*,*,#5052,.T.);
#7563 = ORIENTED_EDGE('',*,*,#5083,.F.);
#7564 = ORIENTED_EDGE('',*,*,#5101,.T.);
#7565 = PLANE('',#7566);
#7566 = AXIS2_PLACEMENT_3D('',#7567,#7568,#7569);
#7567 = CARTESIAN_POINT('',(-1.8,0.2,3.278232019144));
#7568 = DIRECTION('',(0.,1.,0.));
#7569 = DIRECTION('',(0.,0.,1.));
#7570 = ADVANCED_FACE('',(#7571),#7577,.F.);
#7571 = FACE_BOUND('',#7572,.F.);
#7572 = EDGE_LOOP('',(#7573,#7574,#7575,#7576));
#7573 = ORIENTED_EDGE('',*,*,#3484,.T.);
#7574 = ORIENTED_EDGE('',*,*,#5118,.T.);
#7575 = ORIENTED_EDGE('',*,*,#5149,.F.);
#7576 = ORIENTED_EDGE('',*,*,#5167,.T.);
#7577 = PLANE('',#7578);
#7578 = AXIS2_PLACEMENT_3D('',#7579,#7580,#7581);
#7579 = CARTESIAN_POINT('',(-2.2,0.2,3.278232019144));
#7580 = DIRECTION('',(0.,1.,0.));
#7581 = DIRECTION('',(0.,0.,1.));
#7582 = ADVANCED_FACE('',(#7583),#7589,.F.);
#7583 = FACE_BOUND('',#7584,.F.);
#7584 = EDGE_LOOP('',(#7585,#7586,#7587,#7588));
#7585 = ORIENTED_EDGE('',*,*,#3461,.T.);
#7586 = ORIENTED_EDGE('',*,*,#5184,.T.);
#7587 = ORIENTED_EDGE('',*,*,#5215,.F.);
#7588 = ORIENTED_EDGE('',*,*,#5233,.T.);
#7589 = PLANE('',#7590);
#7590 = AXIS2_PLACEMENT_3D('',#7591,#7592,#7593);
#7591 = CARTESIAN_POINT('',(-2.6,0.2,3.278232019144));
#7592 = DIRECTION('',(0.,1.,0.));
#7593 = DIRECTION('',(0.,0.,1.));
#7594 = ADVANCED_FACE('',(#7595),#7614,.F.);
#7595 = FACE_BOUND('',#7596,.F.);
#7596 = EDGE_LOOP('',(#7597,#7605,#7612,#7613));
#7597 = ORIENTED_EDGE('',*,*,#7598,.T.);
#7598 = EDGE_CURVE('',#3801,#7599,#7601,.T.);
#7599 = VERTEX_POINT('',#7600);
#7600 = CARTESIAN_POINT('',(-2.261,0.746,-2.611));
#7601 = LINE('',#7602,#7603);
#7602 = CARTESIAN_POINT('',(-2.261,1.,-2.611));
#7603 = VECTOR('',#7604,1.);
#7604 = DIRECTION('',(0.,-1.,-2.22044604925E-16));
#7605 = ORIENTED_EDGE('',*,*,#7606,.T.);
#7606 = EDGE_CURVE('',#7599,#7599,#7607,.T.);
#7607 = CIRCLE('',#7608,0.35);
#7608 = AXIS2_PLACEMENT_3D('',#7609,#7610,#7611);
#7609 = CARTESIAN_POINT('',(-2.611,0.746,-2.611));
#7610 = DIRECTION('',(-0.,1.,2.22044604925E-16));
#7611 = DIRECTION('',(1.,0.,0.));
#7612 = ORIENTED_EDGE('',*,*,#7598,.F.);
#7613 = ORIENTED_EDGE('',*,*,#3800,.F.);
#7614 = CYLINDRICAL_SURFACE('',#7615,0.35);
#7615 = AXIS2_PLACEMENT_3D('',#7616,#7617,#7618);
#7616 = CARTESIAN_POINT('',(-2.611,1.,-2.611));
#7617 = DIRECTION('',(0.,1.,2.22044604925E-16));
#7618 = DIRECTION('',(1.,0.,0.));
#7619 = ADVANCED_FACE('',(#7620),#7626,.F.);
#7620 = FACE_BOUND('',#7621,.T.);
#7621 = EDGE_LOOP('',(#7622,#7623,#7624,#7625));
#7622 = ORIENTED_EDGE('',*,*,#6557,.T.);
#7623 = ORIENTED_EDGE('',*,*,#6539,.T.);
#7624 = ORIENTED_EDGE('',*,*,#6515,.T.);
#7625 = ORIENTED_EDGE('',*,*,#4134,.T.);
#7626 = PLANE('',#7627);
#7627 = AXIS2_PLACEMENT_3D('',#7628,#7629,#7630);
#7628 = CARTESIAN_POINT('',(-2.6,0.2,-3.278232019144));
#7629 = DIRECTION('',(0.,1.,0.));
#7630 = DIRECTION('',(0.,0.,1.));
#7631 = ADVANCED_FACE('',(#7632),#7638,.F.);
#7632 = FACE_BOUND('',#7633,.T.);
#7633 = EDGE_LOOP('',(#7634,#7635,#7636,#7637));
#7634 = ORIENTED_EDGE('',*,*,#6623,.T.);
#7635 = ORIENTED_EDGE('',*,*,#6605,.T.);
#7636 = ORIENTED_EDGE('',*,*,#6581,.T.);
#7637 = ORIENTED_EDGE('',*,*,#4111,.T.);
#7638 = PLANE('',#7639);
#7639 = AXIS2_PLACEMENT_3D('',#7640,#7641,#7642);
#7640 = CARTESIAN_POINT('',(-2.2,0.2,-3.278232019144));
#7641 = DIRECTION('',(0.,1.,0.));
#7642 = DIRECTION('',(0.,0.,1.));
#7643 = ADVANCED_FACE('',(#7644),#7650,.F.);
#7644 = FACE_BOUND('',#7645,.T.);
#7645 = EDGE_LOOP('',(#7646,#7647,#7648,#7649));
#7646 = ORIENTED_EDGE('',*,*,#6689,.T.);
#7647 = ORIENTED_EDGE('',*,*,#6671,.T.);
#7648 = ORIENTED_EDGE('',*,*,#6647,.T.);
#7649 = ORIENTED_EDGE('',*,*,#4088,.T.);
#7650 = PLANE('',#7651);
#7651 = AXIS2_PLACEMENT_3D('',#7652,#7653,#7654);
#7652 = CARTESIAN_POINT('',(-1.8,0.2,-3.278232019144));
#7653 = DIRECTION('',(0.,1.,0.));
#7654 = DIRECTION('',(0.,0.,1.));
#7655 = ADVANCED_FACE('',(#7656),#7662,.F.);
#7656 = FACE_BOUND('',#7657,.T.);
#7657 = EDGE_LOOP('',(#7658,#7659,#7660,#7661));
#7658 = ORIENTED_EDGE('',*,*,#6755,.T.);
#7659 = ORIENTED_EDGE('',*,*,#6737,.T.);
#7660 = ORIENTED_EDGE('',*,*,#6713,.T.);
#7661 = ORIENTED_EDGE('',*,*,#4065,.T.);
#7662 = PLANE('',#7663);
#7663 = AXIS2_PLACEMENT_3D('',#7664,#7665,#7666);
#7664 = CARTESIAN_POINT('',(-1.4,0.2,-3.278232019144));
#7665 = DIRECTION('',(0.,1.,0.));
#7666 = DIRECTION('',(0.,0.,1.));
#7667 = ADVANCED_FACE('',(#7668),#7674,.F.);
#7668 = FACE_BOUND('',#7669,.T.);
#7669 = EDGE_LOOP('',(#7670,#7671,#7672,#7673));
#7670 = ORIENTED_EDGE('',*,*,#6821,.T.);
#7671 = ORIENTED_EDGE('',*,*,#6803,.T.);
#7672 = ORIENTED_EDGE('',*,*,#6779,.T.);
#7673 = ORIENTED_EDGE('',*,*,#4042,.T.);
#7674 = PLANE('',#7675);
#7675 = AXIS2_PLACEMENT_3D('',#7676,#7677,#7678);
#7676 = CARTESIAN_POINT('',(-1.,0.2,-3.278232019144));
#7677 = DIRECTION('',(0.,1.,0.));
#7678 = DIRECTION('',(0.,0.,1.));
#7679 = ADVANCED_FACE('',(#7680),#7686,.F.);
#7680 = FACE_BOUND('',#7681,.T.);
#7681 = EDGE_LOOP('',(#7682,#7683,#7684,#7685));
#7682 = ORIENTED_EDGE('',*,*,#6887,.T.);
#7683 = ORIENTED_EDGE('',*,*,#6869,.T.);
#7684 = ORIENTED_EDGE('',*,*,#6845,.T.);
#7685 = ORIENTED_EDGE('',*,*,#4019,.T.);
#7686 = PLANE('',#7687);
#7687 = AXIS2_PLACEMENT_3D('',#7688,#7689,#7690);
#7688 = CARTESIAN_POINT('',(-0.6,0.2,-3.278232019144));
#7689 = DIRECTION('',(0.,1.,0.));
#7690 = DIRECTION('',(0.,0.,1.));
#7691 = ADVANCED_FACE('',(#7692),#7698,.F.);
#7692 = FACE_BOUND('',#7693,.T.);
#7693 = EDGE_LOOP('',(#7694,#7695,#7696,#7697));
#7694 = ORIENTED_EDGE('',*,*,#6953,.T.);
#7695 = ORIENTED_EDGE('',*,*,#6935,.T.);
#7696 = ORIENTED_EDGE('',*,*,#6911,.T.);
#7697 = ORIENTED_EDGE('',*,*,#3996,.T.);
#7698 = PLANE('',#7699);
#7699 = AXIS2_PLACEMENT_3D('',#7700,#7701,#7702);
#7700 = CARTESIAN_POINT('',(-0.2,0.2,-3.278232019144));
#7701 = DIRECTION('',(0.,1.,0.));
#7702 = DIRECTION('',(0.,0.,1.));
#7703 = ADVANCED_FACE('',(#7704),#7710,.F.);
#7704 = FACE_BOUND('',#7705,.T.);
#7705 = EDGE_LOOP('',(#7706,#7707,#7708,#7709));
#7706 = ORIENTED_EDGE('',*,*,#7019,.T.);
#7707 = ORIENTED_EDGE('',*,*,#7001,.T.);
#7708 = ORIENTED_EDGE('',*,*,#6977,.T.);
#7709 = ORIENTED_EDGE('',*,*,#3973,.T.);
#7710 = PLANE('',#7711);
#7711 = AXIS2_PLACEMENT_3D('',#7712,#7713,#7714);
#7712 = CARTESIAN_POINT('',(0.2,0.2,-3.278232019144));
#7713 = DIRECTION('',(0.,1.,0.));
#7714 = DIRECTION('',(0.,0.,1.));
#7715 = ADVANCED_FACE('',(#7716),#7722,.F.);
#7716 = FACE_BOUND('',#7717,.T.);
#7717 = EDGE_LOOP('',(#7718,#7719,#7720,#7721));
#7718 = ORIENTED_EDGE('',*,*,#7085,.T.);
#7719 = ORIENTED_EDGE('',*,*,#7067,.T.);
#7720 = ORIENTED_EDGE('',*,*,#7043,.T.);
#7721 = ORIENTED_EDGE('',*,*,#3950,.T.);
#7722 = PLANE('',#7723);
#7723 = AXIS2_PLACEMENT_3D('',#7724,#7725,#7726);
#7724 = CARTESIAN_POINT('',(0.6,0.2,-3.278232019144));
#7725 = DIRECTION('',(0.,1.,0.));
#7726 = DIRECTION('',(0.,0.,1.));
#7727 = ADVANCED_FACE('',(#7728),#7734,.F.);
#7728 = FACE_BOUND('',#7729,.T.);
#7729 = EDGE_LOOP('',(#7730,#7731,#7732,#7733));
#7730 = ORIENTED_EDGE('',*,*,#7151,.T.);
#7731 = ORIENTED_EDGE('',*,*,#7133,.T.);
#7732 = ORIENTED_EDGE('',*,*,#7109,.T.);
#7733 = ORIENTED_EDGE('',*,*,#3927,.T.);
#7734 = PLANE('',#7735);
#7735 = AXIS2_PLACEMENT_3D('',#7736,#7737,#7738);
#7736 = CARTESIAN_POINT('',(1.,0.2,-3.278232019144));
#7737 = DIRECTION('',(0.,1.,0.));
#7738 = DIRECTION('',(0.,0.,1.));
#7739 = ADVANCED_FACE('',(#7740),#7746,.F.);
#7740 = FACE_BOUND('',#7741,.T.);
#7741 = EDGE_LOOP('',(#7742,#7743,#7744,#7745));
#7742 = ORIENTED_EDGE('',*,*,#7217,.T.);
#7743 = ORIENTED_EDGE('',*,*,#7199,.T.);
#7744 = ORIENTED_EDGE('',*,*,#7175,.T.);
#7745 = ORIENTED_EDGE('',*,*,#3904,.T.);
#7746 = PLANE('',#7747);
#7747 = AXIS2_PLACEMENT_3D('',#7748,#7749,#7750);
#7748 = CARTESIAN_POINT('',(1.4,0.2,-3.278232019144));
#7749 = DIRECTION('',(0.,1.,0.));
#7750 = DIRECTION('',(0.,0.,1.));
#7751 = ADVANCED_FACE('',(#7752),#7758,.F.);
#7752 = FACE_BOUND('',#7753,.T.);
#7753 = EDGE_LOOP('',(#7754,#7755,#7756,#7757));
#7754 = ORIENTED_EDGE('',*,*,#7283,.T.);
#7755 = ORIENTED_EDGE('',*,*,#7265,.T.);
#7756 = ORIENTED_EDGE('',*,*,#7241,.T.);
#7757 = ORIENTED_EDGE('',*,*,#3881,.T.);
#7758 = PLANE('',#7759);
#7759 = AXIS2_PLACEMENT_3D('',#7760,#7761,#7762);
#7760 = CARTESIAN_POINT('',(1.8,0.2,-3.278232019144));
#7761 = DIRECTION('',(0.,1.,0.));
#7762 = DIRECTION('',(0.,0.,1.));
#7763 = ADVANCED_FACE('',(#7764),#7770,.F.);
#7764 = FACE_BOUND('',#7765,.T.);
#7765 = EDGE_LOOP('',(#7766,#7767,#7768,#7769));
#7766 = ORIENTED_EDGE('',*,*,#7349,.T.);
#7767 = ORIENTED_EDGE('',*,*,#7331,.T.);
#7768 = ORIENTED_EDGE('',*,*,#7307,.T.);
#7769 = ORIENTED_EDGE('',*,*,#3858,.T.);
#7770 = PLANE('',#7771);
#7771 = AXIS2_PLACEMENT_3D('',#7772,#7773,#7774);
#7772 = CARTESIAN_POINT('',(2.2,0.2,-3.278232019144));
#7773 = DIRECTION('',(0.,1.,0.));
#7774 = DIRECTION('',(0.,0.,1.));
#7775 = ADVANCED_FACE('',(#7776),#7782,.F.);
#7776 = FACE_BOUND('',#7777,.T.);
#7777 = EDGE_LOOP('',(#7778,#7779,#7780,#7781));
#7778 = ORIENTED_EDGE('',*,*,#7415,.T.);
#7779 = ORIENTED_EDGE('',*,*,#7397,.T.);
#7780 = ORIENTED_EDGE('',*,*,#7373,.T.);
#7781 = ORIENTED_EDGE('',*,*,#3835,.T.);
#7782 = PLANE('',#7783);
#7783 = AXIS2_PLACEMENT_3D('',#7784,#7785,#7786);
#7784 = CARTESIAN_POINT('',(2.6,0.2,-3.278232019144));
#7785 = DIRECTION('',(0.,1.,0.));
#7786 = DIRECTION('',(0.,0.,1.));
#7787 = ADVANCED_FACE('',(#7788),#7794,.F.);
#7788 = FACE_BOUND('',#7789,.F.);
#7789 = EDGE_LOOP('',(#7790,#7791,#7792,#7793));
#7790 = ORIENTED_EDGE('',*,*,#5560,.T.);
#7791 = ORIENTED_EDGE('',*,*,#5584,.T.);
#7792 = ORIENTED_EDGE('',*,*,#5615,.F.);
#7793 = ORIENTED_EDGE('',*,*,#5633,.T.);
#7794 = PLANE('',#7795);
#7795 = AXIS2_PLACEMENT_3D('',#7796,#7797,#7798);
#7796 = CARTESIAN_POINT('',(-3.278232019144,0.2,2.6));
#7797 = DIRECTION('',(0.,1.,0.));
#7798 = DIRECTION('',(0.,0.,1.));
#7799 = ADVANCED_FACE('',(#7800),#7806,.F.);
#7800 = FACE_BOUND('',#7801,.F.);
#7801 = EDGE_LOOP('',(#7802,#7803,#7804,#7805));
#7802 = ORIENTED_EDGE('',*,*,#5537,.T.);
#7803 = ORIENTED_EDGE('',*,*,#5650,.T.);
#7804 = ORIENTED_EDGE('',*,*,#5681,.F.);
#7805 = ORIENTED_EDGE('',*,*,#5699,.T.);
#7806 = PLANE('',#7807);
#7807 = AXIS2_PLACEMENT_3D('',#7808,#7809,#7810);
#7808 = CARTESIAN_POINT('',(-3.278232019144,0.2,2.2));
#7809 = DIRECTION('',(0.,1.,0.));
#7810 = DIRECTION('',(0.,0.,1.));
#7811 = ADVANCED_FACE('',(#7812),#7818,.F.);
#7812 = FACE_BOUND('',#7813,.F.);
#7813 = EDGE_LOOP('',(#7814,#7815,#7816,#7817));
#7814 = ORIENTED_EDGE('',*,*,#5514,.T.);
#7815 = ORIENTED_EDGE('',*,*,#5716,.T.);
#7816 = ORIENTED_EDGE('',*,*,#5747,.F.);
#7817 = ORIENTED_EDGE('',*,*,#5765,.T.);
#7818 = PLANE('',#7819);
#7819 = AXIS2_PLACEMENT_3D('',#7820,#7821,#7822);
#7820 = CARTESIAN_POINT('',(-3.278232019144,0.2,1.8));
#7821 = DIRECTION('',(0.,1.,0.));
#7822 = DIRECTION('',(0.,0.,1.));
#7823 = ADVANCED_FACE('',(#7824),#7830,.F.);
#7824 = FACE_BOUND('',#7825,.F.);
#7825 = EDGE_LOOP('',(#7826,#7827,#7828,#7829));
#7826 = ORIENTED_EDGE('',*,*,#5491,.T.);
#7827 = ORIENTED_EDGE('',*,*,#5782,.T.);
#7828 = ORIENTED_EDGE('',*,*,#5813,.F.);
#7829 = ORIENTED_EDGE('',*,*,#5831,.T.);
#7830 = PLANE('',#7831);
#7831 = AXIS2_PLACEMENT_3D('',#7832,#7833,#7834);
#7832 = CARTESIAN_POINT('',(-3.278232019144,0.2,1.4));
#7833 = DIRECTION('',(0.,1.,0.));
#7834 = DIRECTION('',(0.,0.,1.));
#7835 = ADVANCED_FACE('',(#7836),#7842,.F.);
#7836 = FACE_BOUND('',#7837,.F.);
#7837 = EDGE_LOOP('',(#7838,#7839,#7840,#7841));
#7838 = ORIENTED_EDGE('',*,*,#5468,.T.);
#7839 = ORIENTED_EDGE('',*,*,#5848,.T.);
#7840 = ORIENTED_EDGE('',*,*,#5879,.F.);
#7841 = ORIENTED_EDGE('',*,*,#5897,.T.);
#7842 = PLANE('',#7843);
#7843 = AXIS2_PLACEMENT_3D('',#7844,#7845,#7846);
#7844 = CARTESIAN_POINT('',(-3.278232019144,0.2,1.));
#7845 = DIRECTION('',(0.,1.,0.));
#7846 = DIRECTION('',(0.,0.,1.));
#7847 = ADVANCED_FACE('',(#7848),#7854,.F.);
#7848 = FACE_BOUND('',#7849,.F.);
#7849 = EDGE_LOOP('',(#7850,#7851,#7852,#7853));
#7850 = ORIENTED_EDGE('',*,*,#5445,.T.);
#7851 = ORIENTED_EDGE('',*,*,#5914,.T.);
#7852 = ORIENTED_EDGE('',*,*,#5945,.F.);
#7853 = ORIENTED_EDGE('',*,*,#5963,.T.);
#7854 = PLANE('',#7855);
#7855 = AXIS2_PLACEMENT_3D('',#7856,#7857,#7858);
#7856 = CARTESIAN_POINT('',(-3.278232019144,0.2,0.6));
#7857 = DIRECTION('',(0.,1.,0.));
#7858 = DIRECTION('',(0.,0.,1.));
#7859 = ADVANCED_FACE('',(#7860),#7866,.F.);
#7860 = FACE_BOUND('',#7861,.F.);
#7861 = EDGE_LOOP('',(#7862,#7863,#7864,#7865));
#7862 = ORIENTED_EDGE('',*,*,#5422,.T.);
#7863 = ORIENTED_EDGE('',*,*,#5980,.T.);
#7864 = ORIENTED_EDGE('',*,*,#6011,.F.);
#7865 = ORIENTED_EDGE('',*,*,#6029,.T.);
#7866 = PLANE('',#7867);
#7867 = AXIS2_PLACEMENT_3D('',#7868,#7869,#7870);
#7868 = CARTESIAN_POINT('',(-3.278232019144,0.2,0.2));
#7869 = DIRECTION('',(0.,1.,0.));
#7870 = DIRECTION('',(0.,0.,1.));
#7871 = ADVANCED_FACE('',(#7872),#7878,.F.);
#7872 = FACE_BOUND('',#7873,.F.);
#7873 = EDGE_LOOP('',(#7874,#7875,#7876,#7877));
#7874 = ORIENTED_EDGE('',*,*,#5399,.T.);
#7875 = ORIENTED_EDGE('',*,*,#6046,.T.);
#7876 = ORIENTED_EDGE('',*,*,#6077,.F.);
#7877 = ORIENTED_EDGE('',*,*,#6095,.T.);
#7878 = PLANE('',#7879);
#7879 = AXIS2_PLACEMENT_3D('',#7880,#7881,#7882);
#7880 = CARTESIAN_POINT('',(-3.278232019144,0.2,-0.2));
#7881 = DIRECTION('',(0.,1.,0.));
#7882 = DIRECTION('',(0.,0.,1.));
#7883 = ADVANCED_FACE('',(#7884),#7890,.F.);
#7884 = FACE_BOUND('',#7885,.F.);
#7885 = EDGE_LOOP('',(#7886,#7887,#7888,#7889));
#7886 = ORIENTED_EDGE('',*,*,#5376,.T.);
#7887 = ORIENTED_EDGE('',*,*,#6112,.T.);
#7888 = ORIENTED_EDGE('',*,*,#6143,.F.);
#7889 = ORIENTED_EDGE('',*,*,#6161,.T.);
#7890 = PLANE('',#7891);
#7891 = AXIS2_PLACEMENT_3D('',#7892,#7893,#7894);
#7892 = CARTESIAN_POINT('',(-3.278232019144,0.2,-0.6));
#7893 = DIRECTION('',(0.,1.,0.));
#7894 = DIRECTION('',(0.,0.,1.));
#7895 = ADVANCED_FACE('',(#7896),#7902,.F.);
#7896 = FACE_BOUND('',#7897,.F.);
#7897 = EDGE_LOOP('',(#7898,#7899,#7900,#7901));
#7898 = ORIENTED_EDGE('',*,*,#5353,.T.);
#7899 = ORIENTED_EDGE('',*,*,#6178,.T.);
#7900 = ORIENTED_EDGE('',*,*,#6209,.F.);
#7901 = ORIENTED_EDGE('',*,*,#6227,.T.);
#7902 = PLANE('',#7903);
#7903 = AXIS2_PLACEMENT_3D('',#7904,#7905,#7906);
#7904 = CARTESIAN_POINT('',(-3.278232019144,0.2,-1.));
#7905 = DIRECTION('',(0.,1.,0.));
#7906 = DIRECTION('',(0.,0.,1.));
#7907 = ADVANCED_FACE('',(#7908),#7914,.F.);
#7908 = FACE_BOUND('',#7909,.F.);
#7909 = EDGE_LOOP('',(#7910,#7911,#7912,#7913));
#7910 = ORIENTED_EDGE('',*,*,#5330,.T.);
#7911 = ORIENTED_EDGE('',*,*,#6244,.T.);
#7912 = ORIENTED_EDGE('',*,*,#6275,.F.);
#7913 = ORIENTED_EDGE('',*,*,#6293,.T.);
#7914 = PLANE('',#7915);
#7915 = AXIS2_PLACEMENT_3D('',#7916,#7917,#7918);
#7916 = CARTESIAN_POINT('',(-3.278232019144,0.2,-1.4));
#7917 = DIRECTION('',(0.,1.,0.));
#7918 = DIRECTION('',(0.,0.,1.));
#7919 = ADVANCED_FACE('',(#7920),#7926,.F.);
#7920 = FACE_BOUND('',#7921,.F.);
#7921 = EDGE_LOOP('',(#7922,#7923,#7924,#7925));
#7922 = ORIENTED_EDGE('',*,*,#5307,.T.);
#7923 = ORIENTED_EDGE('',*,*,#6310,.T.);
#7924 = ORIENTED_EDGE('',*,*,#6341,.F.);
#7925 = ORIENTED_EDGE('',*,*,#6359,.T.);
#7926 = PLANE('',#7927);
#7927 = AXIS2_PLACEMENT_3D('',#7928,#7929,#7930);
#7928 = CARTESIAN_POINT('',(-3.278232019144,0.2,-1.8));
#7929 = DIRECTION('',(0.,1.,0.));
#7930 = DIRECTION('',(0.,0.,1.));
#7931 = ADVANCED_FACE('',(#7932),#7938,.F.);
#7932 = FACE_BOUND('',#7933,.F.);
#7933 = EDGE_LOOP('',(#7934,#7935,#7936,#7937));
#7934 = ORIENTED_EDGE('',*,*,#5284,.T.);
#7935 = ORIENTED_EDGE('',*,*,#6376,.T.);
#7936 = ORIENTED_EDGE('',*,*,#6407,.F.);
#7937 = ORIENTED_EDGE('',*,*,#6425,.T.);
#7938 = PLANE('',#7939);
#7939 = AXIS2_PLACEMENT_3D('',#7940,#7941,#7942);
#7940 = CARTESIAN_POINT('',(-3.278232019144,0.2,-2.2));
#7941 = DIRECTION('',(0.,1.,0.));
#7942 = DIRECTION('',(0.,0.,1.));
#7943 = ADVANCED_FACE('',(#7944),#7950,.F.);
#7944 = FACE_BOUND('',#7945,.F.);
#7945 = EDGE_LOOP('',(#7946,#7947,#7948,#7949));
#7946 = ORIENTED_EDGE('',*,*,#5261,.T.);
#7947 = ORIENTED_EDGE('',*,*,#6442,.T.);
#7948 = ORIENTED_EDGE('',*,*,#6473,.F.);
#7949 = ORIENTED_EDGE('',*,*,#6491,.T.);
#7950 = PLANE('',#7951);
#7951 = AXIS2_PLACEMENT_3D('',#7952,#7953,#7954);
#7952 = CARTESIAN_POINT('',(-3.278232019144,0.2,-2.6));
#7953 = DIRECTION('',(0.,1.,0.));
#7954 = DIRECTION('',(0.,0.,1.));
#7955 = ADVANCED_FACE('',(#7956),#7959,.T.);
#7956 = FACE_BOUND('',#7957,.T.);
#7957 = EDGE_LOOP('',(#7958));
#7958 = ORIENTED_EDGE('',*,*,#7606,.T.);
#7959 = PLANE('',#7960);
#7960 = AXIS2_PLACEMENT_3D('',#7961,#7962,#7963);
#7961 = CARTESIAN_POINT('',(-2.611,0.746,-2.611));
#7962 = DIRECTION('',(0.,1.,3.662786069302E-16));
#7963 = DIRECTION('',(0.,-3.662786069302E-16,1.));
#7964 = ( GEOMETRIC_REPRESENTATION_CONTEXT(3) 
GLOBAL_UNCERTAINTY_ASSIGNED_CONTEXT((#7968)) 
GLOBAL_UNIT_ASSIGNED_CONTEXT((#7965,#7966,#7967)) REPRESENTATION_CONTEXT
('Context #1','3D Context with UNIT and UNCERTAINTY') );
#7965 = ( LENGTH_UNIT() NAMED_UNIT(*) SI_UNIT(.MILLI.,.METRE.) );
#7966 = ( NAMED_UNIT(*) PLANE_ANGLE_UNIT() SI_UNIT($,.RADIAN.) );
#7967 = ( NAMED_UNIT(*) SI_UNIT($,.STERADIAN.) SOLID_ANGLE_UNIT() );
#7968 = UNCERTAINTY_MEASURE_WITH_UNIT(LENGTH_MEASURE(2.E-06),#7965,
  'distance_accuracy_value','confusion accuracy');
#7969 = CONTEXT_DEPENDENT_SHAPE_REPRESENTATION(#7970,#7972);
#7970 = ( REPRESENTATION_RELATIONSHIP('','',#264,#10) 
REPRESENTATION_RELATIONSHIP_WITH_TRANSFORMATION(#7971) 
SHAPE_REPRESENTATION_RELATIONSHIP() );
#7971 = ITEM_DEFINED_TRANSFORMATION('','',#11,#15);
#7972 = PRODUCT_DEFINITION_SHAPE('Placement','Placement of an item',
  #7973);
#7973 = NEXT_ASSEMBLY_USAGE_OCCURRENCE('9288','Body_Solid1','',#5,#259,$
  );
#7974 = PRODUCT_RELATED_PRODUCT_CATEGORY('part',$,(#261));
#7975 = SHAPE_DEFINITION_REPRESENTATION(#7976,#7982);
#7976 = PRODUCT_DEFINITION_SHAPE('','',#7977);
#7977 = PRODUCT_DEFINITION('design','',#7978,#7981);
#7978 = PRODUCT_DEFINITION_FORMATION('','',#7979);
#7979 = PRODUCT('Body001_Solid1','Body001_Solid1','',(#7980));
#7980 = PRODUCT_CONTEXT('',#2,'mechanical');
#7981 = PRODUCT_DEFINITION_CONTEXT('part definition',#2,'design');
#7982 = ADVANCED_BREP_SHAPE_REPRESENTATION('',(#11,#7983),#8135);
#7983 = MANIFOLD_SOLID_BREP('',#7984);
#7984 = CLOSED_SHELL('',(#7985,#8025,#8058,#8089,#8111,#8123));
#7985 = ADVANCED_FACE('',(#7986),#8020,.F.);
#7986 = FACE_BOUND('',#7987,.F.);
#7987 = EDGE_LOOP('',(#7988,#7998,#8006,#8014));
#7988 = ORIENTED_EDGE('',*,*,#7989,.T.);
#7989 = EDGE_CURVE('',#7990,#7992,#7994,.T.);
#7990 = VERTEX_POINT('',#7991);
#7991 = CARTESIAN_POINT('',(2.725,7.771561172376E-16,3.5));
#7992 = VERTEX_POINT('',#7993);
#7993 = CARTESIAN_POINT('',(2.725,0.2,3.5));
#7994 = LINE('',#7995,#7996);
#7995 = CARTESIAN_POINT('',(2.725,7.771561172376E-16,3.5));
#7996 = VECTOR('',#7997,1.);
#7997 = DIRECTION('',(-0.,1.,-2.22044604925E-16));
#7998 = ORIENTED_EDGE('',*,*,#7999,.T.);
#7999 = EDGE_CURVE('',#7992,#8000,#8002,.T.);
#8000 = VERTEX_POINT('',#8001);
#8001 = CARTESIAN_POINT('',(2.725,0.2,3.13));
#8002 = LINE('',#8003,#8004);
#8003 = CARTESIAN_POINT('',(2.725,0.2,3.5));
#8004 = VECTOR('',#8005,1.);
#8005 = DIRECTION('',(0.,-2.22044604925E-16,-1.));
#8006 = ORIENTED_EDGE('',*,*,#8007,.F.);
#8007 = EDGE_CURVE('',#8008,#8000,#8010,.T.);
#8008 = VERTEX_POINT('',#8009);
#8009 = CARTESIAN_POINT('',(2.725,6.949996134153E-16,3.13));
#8010 = LINE('',#8011,#8012);
#8011 = CARTESIAN_POINT('',(2.725,6.949996134153E-16,3.13));
#8012 = VECTOR('',#8013,1.);
#8013 = DIRECTION('',(-0.,1.,-2.22044604925E-16));
#8014 = ORIENTED_EDGE('',*,*,#8015,.F.);
#8015 = EDGE_CURVE('',#7990,#8008,#8016,.T.);
#8016 = LINE('',#8017,#8018);
#8017 = CARTESIAN_POINT('',(2.725,7.771561172376E-16,3.5));
#8018 = VECTOR('',#8019,1.);
#8019 = DIRECTION('',(0.,-2.22044604925E-16,-1.));
#8020 = PLANE('',#8021);
#8021 = AXIS2_PLACEMENT_3D('',#8022,#8023,#8024);
#8022 = CARTESIAN_POINT('',(2.725,7.771561172376E-16,3.5));
#8023 = DIRECTION('',(-1.,-0.,0.));
#8024 = DIRECTION('',(0.,-2.22044604925E-16,-1.));
#8025 = ADVANCED_FACE('',(#8026),#8053,.T.);
#8026 = FACE_BOUND('',#8027,.T.);
#8027 = EDGE_LOOP('',(#8028,#8038,#8045,#8046));
#8028 = ORIENTED_EDGE('',*,*,#8029,.T.);
#8029 = EDGE_CURVE('',#8030,#8032,#8034,.T.);
#8030 = VERTEX_POINT('',#8031);
#8031 = CARTESIAN_POINT('',(2.475,6.949996134153E-16,3.13));
#8032 = VERTEX_POINT('',#8033);
#8033 = CARTESIAN_POINT('',(2.475,0.2,3.13));
#8034 = LINE('',#8035,#8036);
#8035 = CARTESIAN_POINT('',(2.475,6.949996134153E-16,3.13));
#8036 = VECTOR('',#8037,1.);
#8037 = DIRECTION('',(-0.,1.,-2.22044604925E-16));
#8038 = ORIENTED_EDGE('',*,*,#8039,.T.);
#8039 = EDGE_CURVE('',#8032,#8000,#8040,.T.);
#8040 = CIRCLE('',#8041,0.125);
#8041 = AXIS2_PLACEMENT_3D('',#8042,#8043,#8044);
#8042 = CARTESIAN_POINT('',(2.6,0.2,3.13));
#8043 = DIRECTION('',(0.,-1.,2.22044604925E-16));
#8044 = DIRECTION('',(1.,0.,0.));
#8045 = ORIENTED_EDGE('',*,*,#8007,.F.);
#8046 = ORIENTED_EDGE('',*,*,#8047,.F.);
#8047 = EDGE_CURVE('',#8030,#8008,#8048,.T.);
#8048 = CIRCLE('',#8049,0.125);
#8049 = AXIS2_PLACEMENT_3D('',#8050,#8051,#8052);
#8050 = CARTESIAN_POINT('',(2.6,6.949996134153E-16,3.13));
#8051 = DIRECTION('',(0.,-1.,2.22044604925E-16));
#8052 = DIRECTION('',(1.,0.,0.));
#8053 = CYLINDRICAL_SURFACE('',#8054,0.125);
#8054 = AXIS2_PLACEMENT_3D('',#8055,#8056,#8057);
#8055 = CARTESIAN_POINT('',(2.6,6.949996134153E-16,3.13));
#8056 = DIRECTION('',(0.,-1.,2.22044604925E-16));
#8057 = DIRECTION('',(1.,0.,0.));
#8058 = ADVANCED_FACE('',(#8059),#8084,.F.);
#8059 = FACE_BOUND('',#8060,.F.);
#8060 = EDGE_LOOP('',(#8061,#8062,#8070,#8078));
#8061 = ORIENTED_EDGE('',*,*,#8029,.T.);
#8062 = ORIENTED_EDGE('',*,*,#8063,.T.);
#8063 = EDGE_CURVE('',#8032,#8064,#8066,.T.);
#8064 = VERTEX_POINT('',#8065);
#8065 = CARTESIAN_POINT('',(2.475,0.2,3.5));
#8066 = LINE('',#8067,#8068);
#8067 = CARTESIAN_POINT('',(2.475,0.2,3.13));
#8068 = VECTOR('',#8069,1.);
#8069 = DIRECTION('',(0.,2.22044604925E-16,1.));
#8070 = ORIENTED_EDGE('',*,*,#8071,.F.);
#8071 = EDGE_CURVE('',#8072,#8064,#8074,.T.);
#8072 = VERTEX_POINT('',#8073);
#8073 = CARTESIAN_POINT('',(2.475,7.771561172376E-16,3.5));
#8074 = LINE('',#8075,#8076);
#8075 = CARTESIAN_POINT('',(2.475,7.771561172376E-16,3.5));
#8076 = VECTOR('',#8077,1.);
#8077 = DIRECTION('',(-0.,1.,-2.22044604925E-16));
#8078 = ORIENTED_EDGE('',*,*,#8079,.F.);
#8079 = EDGE_CURVE('',#8030,#8072,#8080,.T.);
#8080 = LINE('',#8081,#8082);
#8081 = CARTESIAN_POINT('',(2.475,6.949996134153E-16,3.13));
#8082 = VECTOR('',#8083,1.);
#8083 = DIRECTION('',(0.,2.22044604925E-16,1.));
#8084 = PLANE('',#8085);
#8085 = AXIS2_PLACEMENT_3D('',#8086,#8087,#8088);
#8086 = CARTESIAN_POINT('',(2.475,6.949996134153E-16,3.13));
#8087 = DIRECTION('',(1.,0.,0.));
#8088 = DIRECTION('',(0.,2.22044604925E-16,1.));
#8089 = ADVANCED_FACE('',(#8090),#8106,.F.);
#8090 = FACE_BOUND('',#8091,.F.);
#8091 = EDGE_LOOP('',(#8092,#8093,#8099,#8100));
#8092 = ORIENTED_EDGE('',*,*,#8071,.T.);
#8093 = ORIENTED_EDGE('',*,*,#8094,.T.);
#8094 = EDGE_CURVE('',#8064,#7992,#8095,.T.);
#8095 = LINE('',#8096,#8097);
#8096 = CARTESIAN_POINT('',(2.475,0.2,3.5));
#8097 = VECTOR('',#8098,1.);
#8098 = DIRECTION('',(1.,0.,0.));
#8099 = ORIENTED_EDGE('',*,*,#7989,.F.);
#8100 = ORIENTED_EDGE('',*,*,#8101,.F.);
#8101 = EDGE_CURVE('',#8072,#7990,#8102,.T.);
#8102 = LINE('',#8103,#8104);
#8103 = CARTESIAN_POINT('',(2.475,7.771561172376E-16,3.5));
#8104 = VECTOR('',#8105,1.);
#8105 = DIRECTION('',(1.,0.,0.));
#8106 = PLANE('',#8107);
#8107 = AXIS2_PLACEMENT_3D('',#8108,#8109,#8110);
#8108 = CARTESIAN_POINT('',(2.475,7.771561172376E-16,3.5));
#8109 = DIRECTION('',(0.,-2.22044604925E-16,-1.));
#8110 = DIRECTION('',(1.,0.,0.));
#8111 = ADVANCED_FACE('',(#8112),#8118,.F.);
#8112 = FACE_BOUND('',#8113,.F.);
#8113 = EDGE_LOOP('',(#8114,#8115,#8116,#8117));
#8114 = ORIENTED_EDGE('',*,*,#8015,.T.);
#8115 = ORIENTED_EDGE('',*,*,#8047,.F.);
#8116 = ORIENTED_EDGE('',*,*,#8079,.T.);
#8117 = ORIENTED_EDGE('',*,*,#8101,.T.);
#8118 = PLANE('',#8119);
#8119 = AXIS2_PLACEMENT_3D('',#8120,#8121,#8122);
#8120 = CARTESIAN_POINT('',(2.6,7.279137335434E-16,3.278232019144));
#8121 = DIRECTION('',(0.,1.,0.));
#8122 = DIRECTION('',(0.,0.,1.));
#8123 = ADVANCED_FACE('',(#8124),#8130,.T.);
#8124 = FACE_BOUND('',#8125,.T.);
#8125 = EDGE_LOOP('',(#8126,#8127,#8128,#8129));
#8126 = ORIENTED_EDGE('',*,*,#7999,.T.);
#8127 = ORIENTED_EDGE('',*,*,#8039,.F.);
#8128 = ORIENTED_EDGE('',*,*,#8063,.T.);
#8129 = ORIENTED_EDGE('',*,*,#8094,.T.);
#8130 = PLANE('',#8131);
#8131 = AXIS2_PLACEMENT_3D('',#8132,#8133,#8134);
#8132 = CARTESIAN_POINT('',(2.6,0.2,3.278232019144));
#8133 = DIRECTION('',(0.,1.,0.));
#8134 = DIRECTION('',(0.,0.,1.));
#8135 = ( GEOMETRIC_REPRESENTATION_CONTEXT(3) 
GLOBAL_UNCERTAINTY_ASSIGNED_CONTEXT((#8139)) 
GLOBAL_UNIT_ASSIGNED_CONTEXT((#8136,#8137,#8138)) REPRESENTATION_CONTEXT
('Context #1','3D Context with UNIT and UNCERTAINTY') );
#8136 = ( LENGTH_UNIT() NAMED_UNIT(*) SI_UNIT(.MILLI.,.METRE.) );
#8137 = ( NAMED_UNIT(*) PLANE_ANGLE_UNIT() SI_UNIT($,.RADIAN.) );
#8138 = ( NAMED_UNIT(*) SI_UNIT($,.STERADIAN.) SOLID_ANGLE_UNIT() );
#8139 = UNCERTAINTY_MEASURE_WITH_UNIT(LENGTH_MEASURE(1.E-07),#8136,
  'distance_accuracy_value','confusion accuracy');
#8140 = CONTEXT_DEPENDENT_SHAPE_REPRESENTATION(#8141,#8143);
#8141 = ( REPRESENTATION_RELATIONSHIP('','',#7982,#10) 
REPRESENTATION_RELATIONSHIP_WITH_TRANSFORMATION(#8142) 
SHAPE_REPRESENTATION_RELATIONSHIP() );
#8142 = ITEM_DEFINED_TRANSFORMATION('','',#11,#19);
#8143 = PRODUCT_DEFINITION_SHAPE('Placement','Placement of an item',
  #8144);
#8144 = NEXT_ASSEMBLY_USAGE_OCCURRENCE('9289','Body001_Solid1','',#5,
  #7977,$);
#8145 = PRODUCT_RELATED_PRODUCT_CATEGORY('part',$,(#7979));
#8146 = SHAPE_DEFINITION_REPRESENTATION(#8147,#8153);
#8147 = PRODUCT_DEFINITION_SHAPE('','',#8148);
#8148 = PRODUCT_DEFINITION('design','',#8149,#8152);
#8149 = PRODUCT_DEFINITION_FORMATION('','',#8150);
#8150 = PRODUCT('Array_Solid1','Array_Solid1','',(#8151));
#8151 = PRODUCT_CONTEXT('',#2,'mechanical');
#8152 = PRODUCT_DEFINITION_CONTEXT('part definition',#2,'design');
#8153 = ADVANCED_BREP_SHAPE_REPRESENTATION('',(#11,#8154),#8306);
#8154 = MANIFOLD_SOLID_BREP('',#8155);
#8155 = CLOSED_SHELL('',(#8156,#8196,#8229,#8260,#8282,#8294));
#8156 = ADVANCED_FACE('',(#8157),#8191,.F.);
#8157 = FACE_BOUND('',#8158,.T.);
#8158 = EDGE_LOOP('',(#8159,#8169,#8177,#8185));
#8159 = ORIENTED_EDGE('',*,*,#8160,.T.);
#8160 = EDGE_CURVE('',#8161,#8163,#8165,.T.);
#8161 = VERTEX_POINT('',#8162);
#8162 = CARTESIAN_POINT('',(2.725,7.771561172376E-16,-3.5));
#8163 = VERTEX_POINT('',#8164);
#8164 = CARTESIAN_POINT('',(2.725,0.2,-3.5));
#8165 = LINE('',#8166,#8167);
#8166 = CARTESIAN_POINT('',(2.725,7.771561172376E-16,-3.5));
#8167 = VECTOR('',#8168,1.);
#8168 = DIRECTION('',(-0.,1.,2.22044604925E-16));
#8169 = ORIENTED_EDGE('',*,*,#8170,.T.);
#8170 = EDGE_CURVE('',#8163,#8171,#8173,.T.);
#8171 = VERTEX_POINT('',#8172);
#8172 = CARTESIAN_POINT('',(2.725,0.2,-3.13));
#8173 = LINE('',#8174,#8175);
#8174 = CARTESIAN_POINT('',(2.725,0.2,-3.5));
#8175 = VECTOR('',#8176,1.);
#8176 = DIRECTION('',(0.,-2.22044604925E-16,1.));
#8177 = ORIENTED_EDGE('',*,*,#8178,.F.);
#8178 = EDGE_CURVE('',#8179,#8171,#8181,.T.);
#8179 = VERTEX_POINT('',#8180);
#8180 = CARTESIAN_POINT('',(2.725,6.949996134153E-16,-3.13));
#8181 = LINE('',#8182,#8183);
#8182 = CARTESIAN_POINT('',(2.725,6.949996134153E-16,-3.13));
#8183 = VECTOR('',#8184,1.);
#8184 = DIRECTION('',(-0.,1.,2.22044604925E-16));
#8185 = ORIENTED_EDGE('',*,*,#8186,.F.);
#8186 = EDGE_CURVE('',#8161,#8179,#8187,.T.);
#8187 = LINE('',#8188,#8189);
#8188 = CARTESIAN_POINT('',(2.725,7.771561172376E-16,-3.5));
#8189 = VECTOR('',#8190,1.);
#8190 = DIRECTION('',(0.,-2.22044604925E-16,1.));
#8191 = PLANE('',#8192);
#8192 = AXIS2_PLACEMENT_3D('',#8193,#8194,#8195);
#8193 = CARTESIAN_POINT('',(2.725,7.771561172376E-16,-3.5));
#8194 = DIRECTION('',(-1.,-0.,-0.));
#8195 = DIRECTION('',(-0.,2.22044604925E-16,-1.));
#8196 = ADVANCED_FACE('',(#8197),#8224,.T.);
#8197 = FACE_BOUND('',#8198,.F.);
#8198 = EDGE_LOOP('',(#8199,#8209,#8216,#8217));
#8199 = ORIENTED_EDGE('',*,*,#8200,.T.);
#8200 = EDGE_CURVE('',#8201,#8203,#8205,.T.);
#8201 = VERTEX_POINT('',#8202);
#8202 = CARTESIAN_POINT('',(2.475,6.949996134153E-16,-3.13));
#8203 = VERTEX_POINT('',#8204);
#8204 = CARTESIAN_POINT('',(2.475,0.2,-3.13));
#8205 = LINE('',#8206,#8207);
#8206 = CARTESIAN_POINT('',(2.475,6.949996134153E-16,-3.13));
#8207 = VECTOR('',#8208,1.);
#8208 = DIRECTION('',(-0.,1.,2.22044604925E-16));
#8209 = ORIENTED_EDGE('',*,*,#8210,.T.);
#8210 = EDGE_CURVE('',#8203,#8171,#8211,.T.);
#8211 = CIRCLE('',#8212,0.125);
#8212 = AXIS2_PLACEMENT_3D('',#8213,#8214,#8215);
#8213 = CARTESIAN_POINT('',(2.6,0.2,-3.13));
#8214 = DIRECTION('',(-0.,1.,2.22044604925E-16));
#8215 = DIRECTION('',(1.,0.,0.));
#8216 = ORIENTED_EDGE('',*,*,#8178,.F.);
#8217 = ORIENTED_EDGE('',*,*,#8218,.F.);
#8218 = EDGE_CURVE('',#8201,#8179,#8219,.T.);
#8219 = CIRCLE('',#8220,0.125);
#8220 = AXIS2_PLACEMENT_3D('',#8221,#8222,#8223);
#8221 = CARTESIAN_POINT('',(2.6,6.949996134153E-16,-3.13));
#8222 = DIRECTION('',(-0.,1.,2.22044604925E-16));
#8223 = DIRECTION('',(1.,0.,0.));
#8224 = CYLINDRICAL_SURFACE('',#8225,0.125);
#8225 = AXIS2_PLACEMENT_3D('',#8226,#8227,#8228);
#8226 = CARTESIAN_POINT('',(2.6,6.949996134153E-16,-3.13));
#8227 = DIRECTION('',(-0.,-1.,-2.22044604925E-16));
#8228 = DIRECTION('',(1.,-0.,-0.));
#8229 = ADVANCED_FACE('',(#8230),#8255,.F.);
#8230 = FACE_BOUND('',#8231,.T.);
#8231 = EDGE_LOOP('',(#8232,#8233,#8241,#8249));
#8232 = ORIENTED_EDGE('',*,*,#8200,.T.);
#8233 = ORIENTED_EDGE('',*,*,#8234,.T.);
#8234 = EDGE_CURVE('',#8203,#8235,#8237,.T.);
#8235 = VERTEX_POINT('',#8236);
#8236 = CARTESIAN_POINT('',(2.475,0.2,-3.5));
#8237 = LINE('',#8238,#8239);
#8238 = CARTESIAN_POINT('',(2.475,0.2,-3.13));
#8239 = VECTOR('',#8240,1.);
#8240 = DIRECTION('',(0.,2.22044604925E-16,-1.));
#8241 = ORIENTED_EDGE('',*,*,#8242,.F.);
#8242 = EDGE_CURVE('',#8243,#8235,#8245,.T.);
#8243 = VERTEX_POINT('',#8244);
#8244 = CARTESIAN_POINT('',(2.475,7.771561172376E-16,-3.5));
#8245 = LINE('',#8246,#8247);
#8246 = CARTESIAN_POINT('',(2.475,7.771561172376E-16,-3.5));
#8247 = VECTOR('',#8248,1.);
#8248 = DIRECTION('',(-0.,1.,2.22044604925E-16));
#8249 = ORIENTED_EDGE('',*,*,#8250,.F.);
#8250 = EDGE_CURVE('',#8201,#8243,#8251,.T.);
#8251 = LINE('',#8252,#8253);
#8252 = CARTESIAN_POINT('',(2.475,6.949996134153E-16,-3.13));
#8253 = VECTOR('',#8254,1.);
#8254 = DIRECTION('',(0.,2.22044604925E-16,-1.));
#8255 = PLANE('',#8256);
#8256 = AXIS2_PLACEMENT_3D('',#8257,#8258,#8259);
#8257 = CARTESIAN_POINT('',(2.475,6.949996134153E-16,-3.13));
#8258 = DIRECTION('',(1.,-0.,-0.));
#8259 = DIRECTION('',(0.,-2.22044604925E-16,1.));
#8260 = ADVANCED_FACE('',(#8261),#8277,.F.);
#8261 = FACE_BOUND('',#8262,.T.);
#8262 = EDGE_LOOP('',(#8263,#8264,#8270,#8271));
#8263 = ORIENTED_EDGE('',*,*,#8242,.T.);
#8264 = ORIENTED_EDGE('',*,*,#8265,.T.);
#8265 = EDGE_CURVE('',#8235,#8163,#8266,.T.);
#8266 = LINE('',#8267,#8268);
#8267 = CARTESIAN_POINT('',(2.475,0.2,-3.5));
#8268 = VECTOR('',#8269,1.);
#8269 = DIRECTION('',(1.,0.,0.));
#8270 = ORIENTED_EDGE('',*,*,#8160,.F.);
#8271 = ORIENTED_EDGE('',*,*,#8272,.F.);
#8272 = EDGE_CURVE('',#8243,#8161,#8273,.T.);
#8273 = LINE('',#8274,#8275);
#8274 = CARTESIAN_POINT('',(2.475,7.771561172376E-16,-3.5));
#8275 = VECTOR('',#8276,1.);
#8276 = DIRECTION('',(1.,0.,0.));
#8277 = PLANE('',#8278);
#8278 = AXIS2_PLACEMENT_3D('',#8279,#8280,#8281);
#8279 = CARTESIAN_POINT('',(2.475,7.771561172376E-16,-3.5));
#8280 = DIRECTION('',(0.,-2.22044604925E-16,1.));
#8281 = DIRECTION('',(-1.,0.,0.));
#8282 = ADVANCED_FACE('',(#8283),#8289,.F.);
#8283 = FACE_BOUND('',#8284,.T.);
#8284 = EDGE_LOOP('',(#8285,#8286,#8287,#8288));
#8285 = ORIENTED_EDGE('',*,*,#8186,.T.);
#8286 = ORIENTED_EDGE('',*,*,#8218,.F.);
#8287 = ORIENTED_EDGE('',*,*,#8250,.T.);
#8288 = ORIENTED_EDGE('',*,*,#8272,.T.);
#8289 = PLANE('',#8290);
#8290 = AXIS2_PLACEMENT_3D('',#8291,#8292,#8293);
#8291 = CARTESIAN_POINT('',(2.6,7.279137335434E-16,-3.278232019144));
#8292 = DIRECTION('',(0.,1.,0.));
#8293 = DIRECTION('',(0.,0.,1.));
#8294 = ADVANCED_FACE('',(#8295),#8301,.T.);
#8295 = FACE_BOUND('',#8296,.F.);
#8296 = EDGE_LOOP('',(#8297,#8298,#8299,#8300));
#8297 = ORIENTED_EDGE('',*,*,#8170,.T.);
#8298 = ORIENTED_EDGE('',*,*,#8210,.F.);
#8299 = ORIENTED_EDGE('',*,*,#8234,.T.);
#8300 = ORIENTED_EDGE('',*,*,#8265,.T.);
#8301 = PLANE('',#8302);
#8302 = AXIS2_PLACEMENT_3D('',#8303,#8304,#8305);
#8303 = CARTESIAN_POINT('',(2.6,0.2,-3.278232019144));
#8304 = DIRECTION('',(0.,1.,0.));
#8305 = DIRECTION('',(0.,0.,1.));
#8306 = ( GEOMETRIC_REPRESENTATION_CONTEXT(3) 
GLOBAL_UNCERTAINTY_ASSIGNED_CONTEXT((#8310)) 
GLOBAL_UNIT_ASSIGNED_CONTEXT((#8307,#8308,#8309)) REPRESENTATION_CONTEXT
('Context #1','3D Context with UNIT and UNCERTAINTY') );
#8307 = ( LENGTH_UNIT() NAMED_UNIT(*) SI_UNIT(.MILLI.,.METRE.) );
#8308 = ( NAMED_UNIT(*) PLANE_ANGLE_UNIT() SI_UNIT($,.RADIAN.) );
#8309 = ( NAMED_UNIT(*) SI_UNIT($,.STERADIAN.) SOLID_ANGLE_UNIT() );
#8310 = UNCERTAINTY_MEASURE_WITH_UNIT(LENGTH_MEASURE(1.E-07),#8307,
  'distance_accuracy_value','confusion accuracy');
#8311 = CONTEXT_DEPENDENT_SHAPE_REPRESENTATION(#8312,#8314);
#8312 = ( REPRESENTATION_RELATIONSHIP('','',#8153,#10) 
REPRESENTATION_RELATIONSHIP_WITH_TRANSFORMATION(#8313) 
SHAPE_REPRESENTATION_RELATIONSHIP() );
#8313 = ITEM_DEFINED_TRANSFORMATION('','',#11,#23);
#8314 = PRODUCT_DEFINITION_SHAPE('Placement','Placement of an item',
  #8315);
#8315 = NEXT_ASSEMBLY_USAGE_OCCURRENCE('9290','Array_Solid1','',#5,#8148
  ,$);
#8316 = PRODUCT_RELATED_PRODUCT_CATEGORY('part',$,(#8150));
#8317 = CONTEXT_DEPENDENT_SHAPE_REPRESENTATION(#8318,#8320);
#8318 = ( REPRESENTATION_RELATIONSHIP('','',#8153,#10) 
REPRESENTATION_RELATIONSHIP_WITH_TRANSFORMATION(#8319) 
SHAPE_REPRESENTATION_RELATIONSHIP() );
#8319 = ITEM_DEFINED_TRANSFORMATION('','',#11,#27);
#8320 = PRODUCT_DEFINITION_SHAPE('Placement','Placement of an item',
  #8321);
#8321 = NEXT_ASSEMBLY_USAGE_OCCURRENCE('9291','Array_Solid2','',#5,#8148
  ,$);
#8322 = CONTEXT_DEPENDENT_SHAPE_REPRESENTATION(#8323,#8325);
#8323 = ( REPRESENTATION_RELATIONSHIP('','',#8153,#10) 
REPRESENTATION_RELATIONSHIP_WITH_TRANSFORMATION(#8324) 
SHAPE_REPRESENTATION_RELATIONSHIP() );
#8324 = ITEM_DEFINED_TRANSFORMATION('','',#11,#31);
#8325 = PRODUCT_DEFINITION_SHAPE('Placement','Placement of an item',
  #8326);
#8326 = NEXT_ASSEMBLY_USAGE_OCCURRENCE('9292','Array_Solid3','',#5,#8148
  ,$);
#8327 = CONTEXT_DEPENDENT_SHAPE_REPRESENTATION(#8328,#8330);
#8328 = ( REPRESENTATION_RELATIONSHIP('','',#8153,#10) 
REPRESENTATION_RELATIONSHIP_WITH_TRANSFORMATION(#8329) 
SHAPE_REPRESENTATION_RELATIONSHIP() );
#8329 = ITEM_DEFINED_TRANSFORMATION('','',#11,#35);
#8330 = PRODUCT_DEFINITION_SHAPE('Placement','Placement of an item',
  #8331);
#8331 = NEXT_ASSEMBLY_USAGE_OCCURRENCE('9293','Array_Solid4','',#5,#8148
  ,$);
#8332 = CONTEXT_DEPENDENT_SHAPE_REPRESENTATION(#8333,#8335);
#8333 = ( REPRESENTATION_RELATIONSHIP('','',#8153,#10) 
REPRESENTATION_RELATIONSHIP_WITH_TRANSFORMATION(#8334) 
SHAPE_REPRESENTATION_RELATIONSHIP() );
#8334 = ITEM_DEFINED_TRANSFORMATION('','',#11,#39);
#8335 = PRODUCT_DEFINITION_SHAPE('Placement','Placement of an item',
  #8336);
#8336 = NEXT_ASSEMBLY_USAGE_OCCURRENCE('9294','Array_Solid5','',#5,#8148
  ,$);
#8337 = CONTEXT_DEPENDENT_SHAPE_REPRESENTATION(#8338,#8340);
#8338 = ( REPRESENTATION_RELATIONSHIP('','',#8153,#10) 
REPRESENTATION_RELATIONSHIP_WITH_TRANSFORMATION(#8339) 
SHAPE_REPRESENTATION_RELATIONSHIP() );
#8339 = ITEM_DEFINED_TRANSFORMATION('','',#11,#43);
#8340 = PRODUCT_DEFINITION_SHAPE('Placement','Placement of an item',
  #8341);
#8341 = NEXT_ASSEMBLY_USAGE_OCCURRENCE('9295','Array_Solid6','',#5,#8148
  ,$);
#8342 = CONTEXT_DEPENDENT_SHAPE_REPRESENTATION(#8343,#8345);
#8343 = ( REPRESENTATION_RELATIONSHIP('','',#8153,#10) 
REPRESENTATION_RELATIONSHIP_WITH_TRANSFORMATION(#8344) 
SHAPE_REPRESENTATION_RELATIONSHIP() );
#8344 = ITEM_DEFINED_TRANSFORMATION('','',#11,#47);
#8345 = PRODUCT_DEFINITION_SHAPE('Placement','Placement of an item',
  #8346);
#8346 = NEXT_ASSEMBLY_USAGE_OCCURRENCE('9296','Array_Solid7','',#5,#8148
  ,$);
#8347 = CONTEXT_DEPENDENT_SHAPE_REPRESENTATION(#8348,#8350);
#8348 = ( REPRESENTATION_RELATIONSHIP('','',#8153,#10) 
REPRESENTATION_RELATIONSHIP_WITH_TRANSFORMATION(#8349) 
SHAPE_REPRESENTATION_RELATIONSHIP() );
#8349 = ITEM_DEFINED_TRANSFORMATION('','',#11,#51);
#8350 = PRODUCT_DEFINITION_SHAPE('Placement','Placement of an item',
  #8351);
#8351 = NEXT_ASSEMBLY_USAGE_OCCURRENCE('9297','Array_Solid8','',#5,#8148
  ,$);
#8352 = CONTEXT_DEPENDENT_SHAPE_REPRESENTATION(#8353,#8355);
#8353 = ( REPRESENTATION_RELATIONSHIP('','',#8153,#10) 
REPRESENTATION_RELATIONSHIP_WITH_TRANSFORMATION(#8354) 
SHAPE_REPRESENTATION_RELATIONSHIP() );
#8354 = ITEM_DEFINED_TRANSFORMATION('','',#11,#55);
#8355 = PRODUCT_DEFINITION_SHAPE('Placement','Placement of an item',
  #8356);
#8356 = NEXT_ASSEMBLY_USAGE_OCCURRENCE('9298','Array_Solid9','',#5,#8148
  ,$);
#8357 = CONTEXT_DEPENDENT_SHAPE_REPRESENTATION(#8358,#8360);
#8358 = ( REPRESENTATION_RELATIONSHIP('','',#8153,#10) 
REPRESENTATION_RELATIONSHIP_WITH_TRANSFORMATION(#8359) 
SHAPE_REPRESENTATION_RELATIONSHIP() );
#8359 = ITEM_DEFINED_TRANSFORMATION('','',#11,#59);
#8360 = PRODUCT_DEFINITION_SHAPE('Placement','Placement of an item',
  #8361);
#8361 = NEXT_ASSEMBLY_USAGE_OCCURRENCE('9299','Array_Solid10','',#5,
  #8148,$);
#8362 = CONTEXT_DEPENDENT_SHAPE_REPRESENTATION(#8363,#8365);
#8363 = ( REPRESENTATION_RELATIONSHIP('','',#8153,#10) 
REPRESENTATION_RELATIONSHIP_WITH_TRANSFORMATION(#8364) 
SHAPE_REPRESENTATION_RELATIONSHIP() );
#8364 = ITEM_DEFINED_TRANSFORMATION('','',#11,#63);
#8365 = PRODUCT_DEFINITION_SHAPE('Placement','Placement of an item',
  #8366);
#8366 = NEXT_ASSEMBLY_USAGE_OCCURRENCE('9300','Array_Solid11','',#5,
  #8148,$);
#8367 = CONTEXT_DEPENDENT_SHAPE_REPRESENTATION(#8368,#8370);
#8368 = ( REPRESENTATION_RELATIONSHIP('','',#8153,#10) 
REPRESENTATION_RELATIONSHIP_WITH_TRANSFORMATION(#8369) 
SHAPE_REPRESENTATION_RELATIONSHIP() );
#8369 = ITEM_DEFINED_TRANSFORMATION('','',#11,#67);
#8370 = PRODUCT_DEFINITION_SHAPE('Placement','Placement of an item',
  #8371);
#8371 = NEXT_ASSEMBLY_USAGE_OCCURRENCE('9301','Array_Solid12','',#5,
  #8148,$);
#8372 = CONTEXT_DEPENDENT_SHAPE_REPRESENTATION(#8373,#8375);
#8373 = ( REPRESENTATION_RELATIONSHIP('','',#8153,#10) 
REPRESENTATION_RELATIONSHIP_WITH_TRANSFORMATION(#8374) 
SHAPE_REPRESENTATION_RELATIONSHIP() );
#8374 = ITEM_DEFINED_TRANSFORMATION('','',#11,#71);
#8375 = PRODUCT_DEFINITION_SHAPE('Placement','Placement of an item',
  #8376);
#8376 = NEXT_ASSEMBLY_USAGE_OCCURRENCE('9302','Array_Solid13','',#5,
  #8148,$);
#8377 = CONTEXT_DEPENDENT_SHAPE_REPRESENTATION(#8378,#8380);
#8378 = ( REPRESENTATION_RELATIONSHIP('','',#8153,#10) 
REPRESENTATION_RELATIONSHIP_WITH_TRANSFORMATION(#8379) 
SHAPE_REPRESENTATION_RELATIONSHIP() );
#8379 = ITEM_DEFINED_TRANSFORMATION('','',#11,#75);
#8380 = PRODUCT_DEFINITION_SHAPE('Placement','Placement of an item',
  #8381);
#8381 = NEXT_ASSEMBLY_USAGE_OCCURRENCE('9303','Array_Solid14','',#5,
  #8148,$);
#8382 = SHAPE_DEFINITION_REPRESENTATION(#8383,#8389);
#8383 = PRODUCT_DEFINITION_SHAPE('','',#8384);
#8384 = PRODUCT_DEFINITION('design','',#8385,#8388);
#8385 = PRODUCT_DEFINITION_FORMATION('','',#8386);
#8386 = PRODUCT('Array001_Solid2','Array001_Solid2','',(#8387));
#8387 = PRODUCT_CONTEXT('',#2,'mechanical');
#8388 = PRODUCT_DEFINITION_CONTEXT('part definition',#2,'design');
#8389 = ADVANCED_BREP_SHAPE_REPRESENTATION('',(#11,#8390),#8542);
#8390 = MANIFOLD_SOLID_BREP('',#8391);
#8391 = CLOSED_SHELL('',(#8392,#8432,#8465,#8496,#8518,#8530));
#8392 = ADVANCED_FACE('',(#8393),#8427,.F.);
#8393 = FACE_BOUND('',#8394,.F.);
#8394 = EDGE_LOOP('',(#8395,#8405,#8413,#8421));
#8395 = ORIENTED_EDGE('',*,*,#8396,.T.);
#8396 = EDGE_CURVE('',#8397,#8399,#8401,.T.);
#8397 = VERTEX_POINT('',#8398);
#8398 = CARTESIAN_POINT('',(2.725,7.771561172376E-16,3.5));
#8399 = VERTEX_POINT('',#8400);
#8400 = CARTESIAN_POINT('',(2.725,0.2,3.5));
#8401 = LINE('',#8402,#8403);
#8402 = CARTESIAN_POINT('',(2.725,7.771561172376E-16,3.5));
#8403 = VECTOR('',#8404,1.);
#8404 = DIRECTION('',(-0.,1.,-2.22044604925E-16));
#8405 = ORIENTED_EDGE('',*,*,#8406,.T.);
#8406 = EDGE_CURVE('',#8399,#8407,#8409,.T.);
#8407 = VERTEX_POINT('',#8408);
#8408 = CARTESIAN_POINT('',(2.725,0.2,3.13));
#8409 = LINE('',#8410,#8411);
#8410 = CARTESIAN_POINT('',(2.725,0.2,3.5));
#8411 = VECTOR('',#8412,1.);
#8412 = DIRECTION('',(0.,-2.22044604925E-16,-1.));
#8413 = ORIENTED_EDGE('',*,*,#8414,.F.);
#8414 = EDGE_CURVE('',#8415,#8407,#8417,.T.);
#8415 = VERTEX_POINT('',#8416);
#8416 = CARTESIAN_POINT('',(2.725,6.949996134153E-16,3.13));
#8417 = LINE('',#8418,#8419);
#8418 = CARTESIAN_POINT('',(2.725,6.949996134153E-16,3.13));
#8419 = VECTOR('',#8420,1.);
#8420 = DIRECTION('',(-0.,1.,-2.22044604925E-16));
#8421 = ORIENTED_EDGE('',*,*,#8422,.F.);
#8422 = EDGE_CURVE('',#8397,#8415,#8423,.T.);
#8423 = LINE('',#8424,#8425);
#8424 = CARTESIAN_POINT('',(2.725,7.771561172376E-16,3.5));
#8425 = VECTOR('',#8426,1.);
#8426 = DIRECTION('',(0.,-2.22044604925E-16,-1.));
#8427 = PLANE('',#8428);
#8428 = AXIS2_PLACEMENT_3D('',#8429,#8430,#8431);
#8429 = CARTESIAN_POINT('',(2.725,7.771561172376E-16,3.5));
#8430 = DIRECTION('',(-1.,-0.,0.));
#8431 = DIRECTION('',(0.,-2.22044604925E-16,-1.));
#8432 = ADVANCED_FACE('',(#8433),#8460,.T.);
#8433 = FACE_BOUND('',#8434,.T.);
#8434 = EDGE_LOOP('',(#8435,#8445,#8452,#8453));
#8435 = ORIENTED_EDGE('',*,*,#8436,.T.);
#8436 = EDGE_CURVE('',#8437,#8439,#8441,.T.);
#8437 = VERTEX_POINT('',#8438);
#8438 = CARTESIAN_POINT('',(2.475,6.949996134153E-16,3.13));
#8439 = VERTEX_POINT('',#8440);
#8440 = CARTESIAN_POINT('',(2.475,0.2,3.13));
#8441 = LINE('',#8442,#8443);
#8442 = CARTESIAN_POINT('',(2.475,6.949996134153E-16,3.13));
#8443 = VECTOR('',#8444,1.);
#8444 = DIRECTION('',(-0.,1.,-2.22044604925E-16));
#8445 = ORIENTED_EDGE('',*,*,#8446,.T.);
#8446 = EDGE_CURVE('',#8439,#8407,#8447,.T.);
#8447 = CIRCLE('',#8448,0.125);
#8448 = AXIS2_PLACEMENT_3D('',#8449,#8450,#8451);
#8449 = CARTESIAN_POINT('',(2.6,0.2,3.13));
#8450 = DIRECTION('',(0.,-1.,2.22044604925E-16));
#8451 = DIRECTION('',(1.,0.,0.));
#8452 = ORIENTED_EDGE('',*,*,#8414,.F.);
#8453 = ORIENTED_EDGE('',*,*,#8454,.F.);
#8454 = EDGE_CURVE('',#8437,#8415,#8455,.T.);
#8455 = CIRCLE('',#8456,0.125);
#8456 = AXIS2_PLACEMENT_3D('',#8457,#8458,#8459);
#8457 = CARTESIAN_POINT('',(2.6,6.949996134153E-16,3.13));
#8458 = DIRECTION('',(0.,-1.,2.22044604925E-16));
#8459 = DIRECTION('',(1.,0.,0.));
#8460 = CYLINDRICAL_SURFACE('',#8461,0.125);
#8461 = AXIS2_PLACEMENT_3D('',#8462,#8463,#8464);
#8462 = CARTESIAN_POINT('',(2.6,6.949996134153E-16,3.13));
#8463 = DIRECTION('',(0.,-1.,2.22044604925E-16));
#8464 = DIRECTION('',(1.,0.,0.));
#8465 = ADVANCED_FACE('',(#8466),#8491,.F.);
#8466 = FACE_BOUND('',#8467,.F.);
#8467 = EDGE_LOOP('',(#8468,#8469,#8477,#8485));
#8468 = ORIENTED_EDGE('',*,*,#8436,.T.);
#8469 = ORIENTED_EDGE('',*,*,#8470,.T.);
#8470 = EDGE_CURVE('',#8439,#8471,#8473,.T.);
#8471 = VERTEX_POINT('',#8472);
#8472 = CARTESIAN_POINT('',(2.475,0.2,3.5));
#8473 = LINE('',#8474,#8475);
#8474 = CARTESIAN_POINT('',(2.475,0.2,3.13));
#8475 = VECTOR('',#8476,1.);
#8476 = DIRECTION('',(0.,2.22044604925E-16,1.));
#8477 = ORIENTED_EDGE('',*,*,#8478,.F.);
#8478 = EDGE_CURVE('',#8479,#8471,#8481,.T.);
#8479 = VERTEX_POINT('',#8480);
#8480 = CARTESIAN_POINT('',(2.475,7.771561172376E-16,3.5));
#8481 = LINE('',#8482,#8483);
#8482 = CARTESIAN_POINT('',(2.475,7.771561172376E-16,3.5));
#8483 = VECTOR('',#8484,1.);
#8484 = DIRECTION('',(-0.,1.,-2.22044604925E-16));
#8485 = ORIENTED_EDGE('',*,*,#8486,.F.);
#8486 = EDGE_CURVE('',#8437,#8479,#8487,.T.);
#8487 = LINE('',#8488,#8489);
#8488 = CARTESIAN_POINT('',(2.475,6.949996134153E-16,3.13));
#8489 = VECTOR('',#8490,1.);
#8490 = DIRECTION('',(0.,2.22044604925E-16,1.));
#8491 = PLANE('',#8492);
#8492 = AXIS2_PLACEMENT_3D('',#8493,#8494,#8495);
#8493 = CARTESIAN_POINT('',(2.475,6.949996134153E-16,3.13));
#8494 = DIRECTION('',(1.,0.,0.));
#8495 = DIRECTION('',(0.,2.22044604925E-16,1.));
#8496 = ADVANCED_FACE('',(#8497),#8513,.F.);
#8497 = FACE_BOUND('',#8498,.F.);
#8498 = EDGE_LOOP('',(#8499,#8500,#8506,#8507));
#8499 = ORIENTED_EDGE('',*,*,#8478,.T.);
#8500 = ORIENTED_EDGE('',*,*,#8501,.T.);
#8501 = EDGE_CURVE('',#8471,#8399,#8502,.T.);
#8502 = LINE('',#8503,#8504);
#8503 = CARTESIAN_POINT('',(2.475,0.2,3.5));
#8504 = VECTOR('',#8505,1.);
#8505 = DIRECTION('',(1.,0.,0.));
#8506 = ORIENTED_EDGE('',*,*,#8396,.F.);
#8507 = ORIENTED_EDGE('',*,*,#8508,.F.);
#8508 = EDGE_CURVE('',#8479,#8397,#8509,.T.);
#8509 = LINE('',#8510,#8511);
#8510 = CARTESIAN_POINT('',(2.475,7.771561172376E-16,3.5));
#8511 = VECTOR('',#8512,1.);
#8512 = DIRECTION('',(1.,0.,0.));
#8513 = PLANE('',#8514);
#8514 = AXIS2_PLACEMENT_3D('',#8515,#8516,#8517);
#8515 = CARTESIAN_POINT('',(2.475,7.771561172376E-16,3.5));
#8516 = DIRECTION('',(0.,-2.22044604925E-16,-1.));
#8517 = DIRECTION('',(1.,0.,0.));
#8518 = ADVANCED_FACE('',(#8519),#8525,.F.);
#8519 = FACE_BOUND('',#8520,.F.);
#8520 = EDGE_LOOP('',(#8521,#8522,#8523,#8524));
#8521 = ORIENTED_EDGE('',*,*,#8422,.T.);
#8522 = ORIENTED_EDGE('',*,*,#8454,.F.);
#8523 = ORIENTED_EDGE('',*,*,#8486,.T.);
#8524 = ORIENTED_EDGE('',*,*,#8508,.T.);
#8525 = PLANE('',#8526);
#8526 = AXIS2_PLACEMENT_3D('',#8527,#8528,#8529);
#8527 = CARTESIAN_POINT('',(2.6,7.279137335434E-16,3.278232019144));
#8528 = DIRECTION('',(0.,1.,0.));
#8529 = DIRECTION('',(0.,0.,1.));
#8530 = ADVANCED_FACE('',(#8531),#8537,.T.);
#8531 = FACE_BOUND('',#8532,.T.);
#8532 = EDGE_LOOP('',(#8533,#8534,#8535,#8536));
#8533 = ORIENTED_EDGE('',*,*,#8406,.T.);
#8534 = ORIENTED_EDGE('',*,*,#8446,.F.);
#8535 = ORIENTED_EDGE('',*,*,#8470,.T.);
#8536 = ORIENTED_EDGE('',*,*,#8501,.T.);
#8537 = PLANE('',#8538);
#8538 = AXIS2_PLACEMENT_3D('',#8539,#8540,#8541);
#8539 = CARTESIAN_POINT('',(2.6,0.2,3.278232019144));
#8540 = DIRECTION('',(0.,1.,0.));
#8541 = DIRECTION('',(0.,0.,1.));
#8542 = ( GEOMETRIC_REPRESENTATION_CONTEXT(3) 
GLOBAL_UNCERTAINTY_ASSIGNED_CONTEXT((#8546)) 
GLOBAL_UNIT_ASSIGNED_CONTEXT((#8543,#8544,#8545)) REPRESENTATION_CONTEXT
('Context #1','3D Context with UNIT and UNCERTAINTY') );
#8543 = ( LENGTH_UNIT() NAMED_UNIT(*) SI_UNIT(.MILLI.,.METRE.) );
#8544 = ( NAMED_UNIT(*) PLANE_ANGLE_UNIT() SI_UNIT($,.RADIAN.) );
#8545 = ( NAMED_UNIT(*) SI_UNIT($,.STERADIAN.) SOLID_ANGLE_UNIT() );
#8546 = UNCERTAINTY_MEASURE_WITH_UNIT(LENGTH_MEASURE(1.E-07),#8543,
  'distance_accuracy_value','confusion accuracy');
#8547 = CONTEXT_DEPENDENT_SHAPE_REPRESENTATION(#8548,#8550);
#8548 = ( REPRESENTATION_RELATIONSHIP('','',#8389,#10) 
REPRESENTATION_RELATIONSHIP_WITH_TRANSFORMATION(#8549) 
SHAPE_REPRESENTATION_RELATIONSHIP() );
#8549 = ITEM_DEFINED_TRANSFORMATION('','',#11,#79);
#8550 = PRODUCT_DEFINITION_SHAPE('Placement','Placement of an item',
  #8551);
#8551 = NEXT_ASSEMBLY_USAGE_OCCURRENCE('9304','Array001_Solid2','',#5,
  #8384,$);
#8552 = PRODUCT_RELATED_PRODUCT_CATEGORY('part',$,(#8386));
#8553 = CONTEXT_DEPENDENT_SHAPE_REPRESENTATION(#8554,#8556);
#8554 = ( REPRESENTATION_RELATIONSHIP('','',#8389,#10) 
REPRESENTATION_RELATIONSHIP_WITH_TRANSFORMATION(#8555) 
SHAPE_REPRESENTATION_RELATIONSHIP() );
#8555 = ITEM_DEFINED_TRANSFORMATION('','',#11,#83);
#8556 = PRODUCT_DEFINITION_SHAPE('Placement','Placement of an item',
  #8557);
#8557 = NEXT_ASSEMBLY_USAGE_OCCURRENCE('9305','Array001_Solid3','',#5,
  #8384,$);
#8558 = CONTEXT_DEPENDENT_SHAPE_REPRESENTATION(#8559,#8561);
#8559 = ( REPRESENTATION_RELATIONSHIP('','',#8389,#10) 
REPRESENTATION_RELATIONSHIP_WITH_TRANSFORMATION(#8560) 
SHAPE_REPRESENTATION_RELATIONSHIP() );
#8560 = ITEM_DEFINED_TRANSFORMATION('','',#11,#87);
#8561 = PRODUCT_DEFINITION_SHAPE('Placement','Placement of an item',
  #8562);
#8562 = NEXT_ASSEMBLY_USAGE_OCCURRENCE('9306','Array001_Solid4','',#5,
  #8384,$);
#8563 = CONTEXT_DEPENDENT_SHAPE_REPRESENTATION(#8564,#8566);
#8564 = ( REPRESENTATION_RELATIONSHIP('','',#8389,#10) 
REPRESENTATION_RELATIONSHIP_WITH_TRANSFORMATION(#8565) 
SHAPE_REPRESENTATION_RELATIONSHIP() );
#8565 = ITEM_DEFINED_TRANSFORMATION('','',#11,#91);
#8566 = PRODUCT_DEFINITION_SHAPE('Placement','Placement of an item',
  #8567);
#8567 = NEXT_ASSEMBLY_USAGE_OCCURRENCE('9307','Array001_Solid5','',#5,
  #8384,$);
#8568 = CONTEXT_DEPENDENT_SHAPE_REPRESENTATION(#8569,#8571);
#8569 = ( REPRESENTATION_RELATIONSHIP('','',#8389,#10) 
REPRESENTATION_RELATIONSHIP_WITH_TRANSFORMATION(#8570) 
SHAPE_REPRESENTATION_RELATIONSHIP() );
#8570 = ITEM_DEFINED_TRANSFORMATION('','',#11,#95);
#8571 = PRODUCT_DEFINITION_SHAPE('Placement','Placement of an item',
  #8572);
#8572 = NEXT_ASSEMBLY_USAGE_OCCURRENCE('9308','Array001_Solid6','',#5,
  #8384,$);
#8573 = CONTEXT_DEPENDENT_SHAPE_REPRESENTATION(#8574,#8576);
#8574 = ( REPRESENTATION_RELATIONSHIP('','',#8389,#10) 
REPRESENTATION_RELATIONSHIP_WITH_TRANSFORMATION(#8575) 
SHAPE_REPRESENTATION_RELATIONSHIP() );
#8575 = ITEM_DEFINED_TRANSFORMATION('','',#11,#99);
#8576 = PRODUCT_DEFINITION_SHAPE('Placement','Placement of an item',
  #8577);
#8577 = NEXT_ASSEMBLY_USAGE_OCCURRENCE('9309','Array001_Solid7','',#5,
  #8384,$);
#8578 = CONTEXT_DEPENDENT_SHAPE_REPRESENTATION(#8579,#8581);
#8579 = ( REPRESENTATION_RELATIONSHIP('','',#8389,#10) 
REPRESENTATION_RELATIONSHIP_WITH_TRANSFORMATION(#8580) 
SHAPE_REPRESENTATION_RELATIONSHIP() );
#8580 = ITEM_DEFINED_TRANSFORMATION('','',#11,#103);
#8581 = PRODUCT_DEFINITION_SHAPE('Placement','Placement of an item',
  #8582);
#8582 = NEXT_ASSEMBLY_USAGE_OCCURRENCE('9310','Array001_Solid8','',#5,
  #8384,$);
#8583 = CONTEXT_DEPENDENT_SHAPE_REPRESENTATION(#8584,#8586);
#8584 = ( REPRESENTATION_RELATIONSHIP('','',#8389,#10) 
REPRESENTATION_RELATIONSHIP_WITH_TRANSFORMATION(#8585) 
SHAPE_REPRESENTATION_RELATIONSHIP() );
#8585 = ITEM_DEFINED_TRANSFORMATION('','',#11,#107);
#8586 = PRODUCT_DEFINITION_SHAPE('Placement','Placement of an item',
  #8587);
#8587 = NEXT_ASSEMBLY_USAGE_OCCURRENCE('9311','Array001_Solid9','',#5,
  #8384,$);
#8588 = CONTEXT_DEPENDENT_SHAPE_REPRESENTATION(#8589,#8591);
#8589 = ( REPRESENTATION_RELATIONSHIP('','',#8389,#10) 
REPRESENTATION_RELATIONSHIP_WITH_TRANSFORMATION(#8590) 
SHAPE_REPRESENTATION_RELATIONSHIP() );
#8590 = ITEM_DEFINED_TRANSFORMATION('','',#11,#111);
#8591 = PRODUCT_DEFINITION_SHAPE('Placement','Placement of an item',
  #8592);
#8592 = NEXT_ASSEMBLY_USAGE_OCCURRENCE('9312','Array001_Solid10','',#5,
  #8384,$);
#8593 = CONTEXT_DEPENDENT_SHAPE_REPRESENTATION(#8594,#8596);
#8594 = ( REPRESENTATION_RELATIONSHIP('','',#8389,#10) 
REPRESENTATION_RELATIONSHIP_WITH_TRANSFORMATION(#8595) 
SHAPE_REPRESENTATION_RELATIONSHIP() );
#8595 = ITEM_DEFINED_TRANSFORMATION('','',#11,#115);
#8596 = PRODUCT_DEFINITION_SHAPE('Placement','Placement of an item',
  #8597);
#8597 = NEXT_ASSEMBLY_USAGE_OCCURRENCE('9313','Array001_Solid11','',#5,
  #8384,$);
#8598 = CONTEXT_DEPENDENT_SHAPE_REPRESENTATION(#8599,#8601);
#8599 = ( REPRESENTATION_RELATIONSHIP('','',#8389,#10) 
REPRESENTATION_RELATIONSHIP_WITH_TRANSFORMATION(#8600) 
SHAPE_REPRESENTATION_RELATIONSHIP() );
#8600 = ITEM_DEFINED_TRANSFORMATION('','',#11,#119);
#8601 = PRODUCT_DEFINITION_SHAPE('Placement','Placement of an item',
  #8602);
#8602 = NEXT_ASSEMBLY_USAGE_OCCURRENCE('9314','Array001_Solid12','',#5,
  #8384,$);
#8603 = CONTEXT_DEPENDENT_SHAPE_REPRESENTATION(#8604,#8606);
#8604 = ( REPRESENTATION_RELATIONSHIP('','',#8389,#10) 
REPRESENTATION_RELATIONSHIP_WITH_TRANSFORMATION(#8605) 
SHAPE_REPRESENTATION_RELATIONSHIP() );
#8605 = ITEM_DEFINED_TRANSFORMATION('','',#11,#123);
#8606 = PRODUCT_DEFINITION_SHAPE('Placement','Placement of an item',
  #8607);
#8607 = NEXT_ASSEMBLY_USAGE_OCCURRENCE('9315','Array001_Solid13','',#5,
  #8384,$);
#8608 = CONTEXT_DEPENDENT_SHAPE_REPRESENTATION(#8609,#8611);
#8609 = ( REPRESENTATION_RELATIONSHIP('','',#8389,#10) 
REPRESENTATION_RELATIONSHIP_WITH_TRANSFORMATION(#8610) 
SHAPE_REPRESENTATION_RELATIONSHIP() );
#8610 = ITEM_DEFINED_TRANSFORMATION('','',#11,#127);
#8611 = PRODUCT_DEFINITION_SHAPE('Placement','Placement of an item',
  #8612);
#8612 = NEXT_ASSEMBLY_USAGE_OCCURRENCE('9316','Array001_Solid14','',#5,
  #8384,$);
#8613 = SHAPE_DEFINITION_REPRESENTATION(#8614,#8620);
#8614 = PRODUCT_DEFINITION_SHAPE('','',#8615);
#8615 = PRODUCT_DEFINITION('design','',#8616,#8619);
#8616 = PRODUCT_DEFINITION_FORMATION('','',#8617);
#8617 = PRODUCT('Body002_Solid1','Body002_Solid1','',(#8618));
#8618 = PRODUCT_CONTEXT('',#2,'mechanical');
#8619 = PRODUCT_DEFINITION_CONTEXT('part definition',#2,'design');
#8620 = ADVANCED_BREP_SHAPE_REPRESENTATION('',(#11,#8621),#8773);
#8621 = MANIFOLD_SOLID_BREP('',#8622);
#8622 = CLOSED_SHELL('',(#8623,#8663,#8694,#8727,#8749,#8761));
#8623 = ADVANCED_FACE('',(#8624),#8658,.F.);
#8624 = FACE_BOUND('',#8625,.F.);
#8625 = EDGE_LOOP('',(#8626,#8636,#8644,#8652));
#8626 = ORIENTED_EDGE('',*,*,#8627,.T.);
#8627 = EDGE_CURVE('',#8628,#8630,#8632,.T.);
#8628 = VERTEX_POINT('',#8629);
#8629 = CARTESIAN_POINT('',(3.5,6.050715484207E-16,2.725));
#8630 = VERTEX_POINT('',#8631);
#8631 = CARTESIAN_POINT('',(3.5,0.2,2.725));
#8632 = LINE('',#8633,#8634);
#8633 = CARTESIAN_POINT('',(3.5,6.050715484207E-16,2.725));
#8634 = VECTOR('',#8635,1.);
#8635 = DIRECTION('',(-0.,1.,-2.22044604925E-16));
#8636 = ORIENTED_EDGE('',*,*,#8637,.T.);
#8637 = EDGE_CURVE('',#8630,#8638,#8640,.T.);
#8638 = VERTEX_POINT('',#8639);
#8639 = CARTESIAN_POINT('',(3.5,0.2,2.475));
#8640 = LINE('',#8641,#8642);
#8641 = CARTESIAN_POINT('',(3.5,0.2,2.725));
#8642 = VECTOR('',#8643,1.);
#8643 = DIRECTION('',(0.,-2.22044604925E-16,-1.));
#8644 = ORIENTED_EDGE('',*,*,#8645,.F.);
#8645 = EDGE_CURVE('',#8646,#8638,#8648,.T.);
#8646 = VERTEX_POINT('',#8647);
#8647 = CARTESIAN_POINT('',(3.5,5.495603971895E-16,2.475));
#8648 = LINE('',#8649,#8650);
#8649 = CARTESIAN_POINT('',(3.5,5.495603971895E-16,2.475));
#8650 = VECTOR('',#8651,1.);
#8651 = DIRECTION('',(-0.,1.,-2.22044604925E-16));
#8652 = ORIENTED_EDGE('',*,*,#8653,.F.);
#8653 = EDGE_CURVE('',#8628,#8646,#8654,.T.);
#8654 = LINE('',#8655,#8656);
#8655 = CARTESIAN_POINT('',(3.5,6.050715484207E-16,2.725));
#8656 = VECTOR('',#8657,1.);
#8657 = DIRECTION('',(0.,-2.22044604925E-16,-1.));
#8658 = PLANE('',#8659);
#8659 = AXIS2_PLACEMENT_3D('',#8660,#8661,#8662);
#8660 = CARTESIAN_POINT('',(3.5,6.050715484207E-16,2.725));
#8661 = DIRECTION('',(-1.,-0.,0.));
#8662 = DIRECTION('',(0.,-2.22044604925E-16,-1.));
#8663 = ADVANCED_FACE('',(#8664),#8689,.F.);
#8664 = FACE_BOUND('',#8665,.F.);
#8665 = EDGE_LOOP('',(#8666,#8667,#8675,#8683));
#8666 = ORIENTED_EDGE('',*,*,#8645,.T.);
#8667 = ORIENTED_EDGE('',*,*,#8668,.T.);
#8668 = EDGE_CURVE('',#8638,#8669,#8671,.T.);
#8669 = VERTEX_POINT('',#8670);
#8670 = CARTESIAN_POINT('',(3.13,0.2,2.475));
#8671 = LINE('',#8672,#8673);
#8672 = CARTESIAN_POINT('',(3.5,0.2,2.475));
#8673 = VECTOR('',#8674,1.);
#8674 = DIRECTION('',(-1.,0.,0.));
#8675 = ORIENTED_EDGE('',*,*,#8676,.F.);
#8676 = EDGE_CURVE('',#8677,#8669,#8679,.T.);
#8677 = VERTEX_POINT('',#8678);
#8678 = CARTESIAN_POINT('',(3.13,5.495603971895E-16,2.475));
#8679 = LINE('',#8680,#8681);
#8680 = CARTESIAN_POINT('',(3.13,5.495603971895E-16,2.475));
#8681 = VECTOR('',#8682,1.);
#8682 = DIRECTION('',(-0.,1.,-2.22044604925E-16));
#8683 = ORIENTED_EDGE('',*,*,#8684,.F.);
#8684 = EDGE_CURVE('',#8646,#8677,#8685,.T.);
#8685 = LINE('',#8686,#8687);
#8686 = CARTESIAN_POINT('',(3.5,5.495603971895E-16,2.475));
#8687 = VECTOR('',#8688,1.);
#8688 = DIRECTION('',(-1.,0.,0.));
#8689 = PLANE('',#8690);
#8690 = AXIS2_PLACEMENT_3D('',#8691,#8692,#8693);
#8691 = CARTESIAN_POINT('',(3.5,5.495603971895E-16,2.475));
#8692 = DIRECTION('',(0.,2.22044604925E-16,1.));
#8693 = DIRECTION('',(-1.,-0.,0.));
#8694 = ADVANCED_FACE('',(#8695),#8722,.T.);
#8695 = FACE_BOUND('',#8696,.T.);
#8696 = EDGE_LOOP('',(#8697,#8707,#8714,#8715));
#8697 = ORIENTED_EDGE('',*,*,#8698,.T.);
#8698 = EDGE_CURVE('',#8699,#8701,#8703,.T.);
#8699 = VERTEX_POINT('',#8700);
#8700 = CARTESIAN_POINT('',(3.13,6.050715484207E-16,2.725));
#8701 = VERTEX_POINT('',#8702);
#8702 = CARTESIAN_POINT('',(3.13,0.2,2.725));
#8703 = LINE('',#8704,#8705);
#8704 = CARTESIAN_POINT('',(3.13,6.050715484207E-16,2.725));
#8705 = VECTOR('',#8706,1.);
#8706 = DIRECTION('',(-0.,1.,-2.22044604925E-16));
#8707 = ORIENTED_EDGE('',*,*,#8708,.T.);
#8708 = EDGE_CURVE('',#8701,#8669,#8709,.T.);
#8709 = CIRCLE('',#8710,0.125);
#8710 = AXIS2_PLACEMENT_3D('',#8711,#8712,#8713);
#8711 = CARTESIAN_POINT('',(3.13,0.2,2.6));
#8712 = DIRECTION('',(0.,-1.,2.22044604925E-16));
#8713 = DIRECTION('',(1.,0.,0.));
#8714 = ORIENTED_EDGE('',*,*,#8676,.F.);
#8715 = ORIENTED_EDGE('',*,*,#8716,.F.);
#8716 = EDGE_CURVE('',#8699,#8677,#8717,.T.);
#8717 = CIRCLE('',#8718,0.125);
#8718 = AXIS2_PLACEMENT_3D('',#8719,#8720,#8721);
#8719 = CARTESIAN_POINT('',(3.13,5.773159728051E-16,2.6));
#8720 = DIRECTION('',(0.,-1.,2.22044604925E-16));
#8721 = DIRECTION('',(1.,0.,0.));
#8722 = CYLINDRICAL_SURFACE('',#8723,0.125);
#8723 = AXIS2_PLACEMENT_3D('',#8724,#8725,#8726);
#8724 = CARTESIAN_POINT('',(3.13,5.773159728051E-16,2.6));
#8725 = DIRECTION('',(0.,-1.,2.22044604925E-16));
#8726 = DIRECTION('',(1.,0.,0.));
#8727 = ADVANCED_FACE('',(#8728),#8744,.F.);
#8728 = FACE_BOUND('',#8729,.F.);
#8729 = EDGE_LOOP('',(#8730,#8731,#8737,#8738));
#8730 = ORIENTED_EDGE('',*,*,#8698,.T.);
#8731 = ORIENTED_EDGE('',*,*,#8732,.T.);
#8732 = EDGE_CURVE('',#8701,#8630,#8733,.T.);
#8733 = LINE('',#8734,#8735);
#8734 = CARTESIAN_POINT('',(3.13,0.2,2.725));
#8735 = VECTOR('',#8736,1.);
#8736 = DIRECTION('',(1.,0.,0.));
#8737 = ORIENTED_EDGE('',*,*,#8627,.F.);
#8738 = ORIENTED_EDGE('',*,*,#8739,.F.);
#8739 = EDGE_CURVE('',#8699,#8628,#8740,.T.);
#8740 = LINE('',#8741,#8742);
#8741 = CARTESIAN_POINT('',(3.13,6.050715484207E-16,2.725));
#8742 = VECTOR('',#8743,1.);
#8743 = DIRECTION('',(1.,0.,0.));
#8744 = PLANE('',#8745);
#8745 = AXIS2_PLACEMENT_3D('',#8746,#8747,#8748);
#8746 = CARTESIAN_POINT('',(3.13,6.050715484207E-16,2.725));
#8747 = DIRECTION('',(0.,-2.22044604925E-16,-1.));
#8748 = DIRECTION('',(1.,0.,0.));
#8749 = ADVANCED_FACE('',(#8750),#8756,.F.);
#8750 = FACE_BOUND('',#8751,.F.);
#8751 = EDGE_LOOP('',(#8752,#8753,#8754,#8755));
#8752 = ORIENTED_EDGE('',*,*,#8653,.T.);
#8753 = ORIENTED_EDGE('',*,*,#8684,.T.);
#8754 = ORIENTED_EDGE('',*,*,#8716,.F.);
#8755 = ORIENTED_EDGE('',*,*,#8739,.T.);
#8756 = PLANE('',#8757);
#8757 = AXIS2_PLACEMENT_3D('',#8758,#8759,#8760);
#8758 = CARTESIAN_POINT('',(3.278232019144,5.773159728051E-16,2.6));
#8759 = DIRECTION('',(0.,1.,0.));
#8760 = DIRECTION('',(0.,0.,1.));
#8761 = ADVANCED_FACE('',(#8762),#8768,.T.);
#8762 = FACE_BOUND('',#8763,.T.);
#8763 = EDGE_LOOP('',(#8764,#8765,#8766,#8767));
#8764 = ORIENTED_EDGE('',*,*,#8637,.T.);
#8765 = ORIENTED_EDGE('',*,*,#8668,.T.);
#8766 = ORIENTED_EDGE('',*,*,#8708,.F.);
#8767 = ORIENTED_EDGE('',*,*,#8732,.T.);
#8768 = PLANE('',#8769);
#8769 = AXIS2_PLACEMENT_3D('',#8770,#8771,#8772);
#8770 = CARTESIAN_POINT('',(3.278232019144,0.2,2.6));
#8771 = DIRECTION('',(0.,1.,0.));
#8772 = DIRECTION('',(0.,0.,1.));
#8773 = ( GEOMETRIC_REPRESENTATION_CONTEXT(3) 
GLOBAL_UNCERTAINTY_ASSIGNED_CONTEXT((#8777)) 
GLOBAL_UNIT_ASSIGNED_CONTEXT((#8774,#8775,#8776)) REPRESENTATION_CONTEXT
('Context #1','3D Context with UNIT and UNCERTAINTY') );
#8774 = ( LENGTH_UNIT() NAMED_UNIT(*) SI_UNIT(.MILLI.,.METRE.) );
#8775 = ( NAMED_UNIT(*) PLANE_ANGLE_UNIT() SI_UNIT($,.RADIAN.) );
#8776 = ( NAMED_UNIT(*) SI_UNIT($,.STERADIAN.) SOLID_ANGLE_UNIT() );
#8777 = UNCERTAINTY_MEASURE_WITH_UNIT(LENGTH_MEASURE(1.E-07),#8774,
  'distance_accuracy_value','confusion accuracy');
#8778 = CONTEXT_DEPENDENT_SHAPE_REPRESENTATION(#8779,#8781);
#8779 = ( REPRESENTATION_RELATIONSHIP('','',#8620,#10) 
REPRESENTATION_RELATIONSHIP_WITH_TRANSFORMATION(#8780) 
SHAPE_REPRESENTATION_RELATIONSHIP() );
#8780 = ITEM_DEFINED_TRANSFORMATION('','',#11,#131);
#8781 = PRODUCT_DEFINITION_SHAPE('Placement','Placement of an item',
  #8782);
#8782 = NEXT_ASSEMBLY_USAGE_OCCURRENCE('9317','Body002_Solid1','',#5,
  #8615,$);
#8783 = PRODUCT_RELATED_PRODUCT_CATEGORY('part',$,(#8617));
#8784 = SHAPE_DEFINITION_REPRESENTATION(#8785,#8791);
#8785 = PRODUCT_DEFINITION_SHAPE('','',#8786);
#8786 = PRODUCT_DEFINITION('design','',#8787,#8790);
#8787 = PRODUCT_DEFINITION_FORMATION('','',#8788);
#8788 = PRODUCT('Array002_Solid1','Array002_Solid1','',(#8789));
#8789 = PRODUCT_CONTEXT('',#2,'mechanical');
#8790 = PRODUCT_DEFINITION_CONTEXT('part definition',#2,'design');
#8791 = ADVANCED_BREP_SHAPE_REPRESENTATION('',(#11,#8792),#8944);
#8792 = MANIFOLD_SOLID_BREP('',#8793);
#8793 = CLOSED_SHELL('',(#8794,#8834,#8865,#8898,#8920,#8932));
#8794 = ADVANCED_FACE('',(#8795),#8829,.F.);
#8795 = FACE_BOUND('',#8796,.T.);
#8796 = EDGE_LOOP('',(#8797,#8807,#8815,#8823));
#8797 = ORIENTED_EDGE('',*,*,#8798,.T.);
#8798 = EDGE_CURVE('',#8799,#8801,#8803,.T.);
#8799 = VERTEX_POINT('',#8800);
#8800 = CARTESIAN_POINT('',(-3.5,6.050715484207E-16,2.725));
#8801 = VERTEX_POINT('',#8802);
#8802 = CARTESIAN_POINT('',(-3.5,0.2,2.725));
#8803 = LINE('',#8804,#8805);
#8804 = CARTESIAN_POINT('',(-3.5,6.050715484207E-16,2.725));
#8805 = VECTOR('',#8806,1.);
#8806 = DIRECTION('',(-0.,1.,-2.22044604925E-16));
#8807 = ORIENTED_EDGE('',*,*,#8808,.T.);
#8808 = EDGE_CURVE('',#8801,#8809,#8811,.T.);
#8809 = VERTEX_POINT('',#8810);
#8810 = CARTESIAN_POINT('',(-3.5,0.2,2.475));
#8811 = LINE('',#8812,#8813);
#8812 = CARTESIAN_POINT('',(-3.5,0.2,2.725));
#8813 = VECTOR('',#8814,1.);
#8814 = DIRECTION('',(0.,-2.22044604925E-16,-1.));
#8815 = ORIENTED_EDGE('',*,*,#8816,.F.);
#8816 = EDGE_CURVE('',#8817,#8809,#8819,.T.);
#8817 = VERTEX_POINT('',#8818);
#8818 = CARTESIAN_POINT('',(-3.5,5.495603971895E-16,2.475));
#8819 = LINE('',#8820,#8821);
#8820 = CARTESIAN_POINT('',(-3.5,5.495603971895E-16,2.475));
#8821 = VECTOR('',#8822,1.);
#8822 = DIRECTION('',(-0.,1.,-2.22044604925E-16));
#8823 = ORIENTED_EDGE('',*,*,#8824,.F.);
#8824 = EDGE_CURVE('',#8799,#8817,#8825,.T.);
#8825 = LINE('',#8826,#8827);
#8826 = CARTESIAN_POINT('',(-3.5,6.050715484207E-16,2.725));
#8827 = VECTOR('',#8828,1.);
#8828 = DIRECTION('',(0.,-2.22044604925E-16,-1.));
#8829 = PLANE('',#8830);
#8830 = AXIS2_PLACEMENT_3D('',#8831,#8832,#8833);
#8831 = CARTESIAN_POINT('',(-3.5,6.050715484207E-16,2.725));
#8832 = DIRECTION('',(1.,-0.,0.));
#8833 = DIRECTION('',(0.,2.22044604925E-16,1.));
#8834 = ADVANCED_FACE('',(#8835),#8860,.F.);
#8835 = FACE_BOUND('',#8836,.T.);
#8836 = EDGE_LOOP('',(#8837,#8838,#8846,#8854));
#8837 = ORIENTED_EDGE('',*,*,#8816,.T.);
#8838 = ORIENTED_EDGE('',*,*,#8839,.T.);
#8839 = EDGE_CURVE('',#8809,#8840,#8842,.T.);
#8840 = VERTEX_POINT('',#8841);
#8841 = CARTESIAN_POINT('',(-3.13,0.2,2.475));
#8842 = LINE('',#8843,#8844);
#8843 = CARTESIAN_POINT('',(-3.5,0.2,2.475));
#8844 = VECTOR('',#8845,1.);
#8845 = DIRECTION('',(1.,0.,0.));
#8846 = ORIENTED_EDGE('',*,*,#8847,.F.);
#8847 = EDGE_CURVE('',#8848,#8840,#8850,.T.);
#8848 = VERTEX_POINT('',#8849);
#8849 = CARTESIAN_POINT('',(-3.13,5.495603971895E-16,2.475));
#8850 = LINE('',#8851,#8852);
#8851 = CARTESIAN_POINT('',(-3.13,5.495603971895E-16,2.475));
#8852 = VECTOR('',#8853,1.);
#8853 = DIRECTION('',(-0.,1.,-2.22044604925E-16));
#8854 = ORIENTED_EDGE('',*,*,#8855,.F.);
#8855 = EDGE_CURVE('',#8817,#8848,#8856,.T.);
#8856 = LINE('',#8857,#8858);
#8857 = CARTESIAN_POINT('',(-3.5,5.495603971895E-16,2.475));
#8858 = VECTOR('',#8859,1.);
#8859 = DIRECTION('',(1.,0.,0.));
#8860 = PLANE('',#8861);
#8861 = AXIS2_PLACEMENT_3D('',#8862,#8863,#8864);
#8862 = CARTESIAN_POINT('',(-3.5,5.495603971895E-16,2.475));
#8863 = DIRECTION('',(-0.,2.22044604925E-16,1.));
#8864 = DIRECTION('',(-1.,0.,-0.));
#8865 = ADVANCED_FACE('',(#8866),#8893,.T.);
#8866 = FACE_BOUND('',#8867,.F.);
#8867 = EDGE_LOOP('',(#8868,#8878,#8885,#8886));
#8868 = ORIENTED_EDGE('',*,*,#8869,.T.);
#8869 = EDGE_CURVE('',#8870,#8872,#8874,.T.);
#8870 = VERTEX_POINT('',#8871);
#8871 = CARTESIAN_POINT('',(-3.13,6.050715484207E-16,2.725));
#8872 = VERTEX_POINT('',#8873);
#8873 = CARTESIAN_POINT('',(-3.13,0.2,2.725));
#8874 = LINE('',#8875,#8876);
#8875 = CARTESIAN_POINT('',(-3.13,6.050715484207E-16,2.725));
#8876 = VECTOR('',#8877,1.);
#8877 = DIRECTION('',(-0.,1.,-2.22044604925E-16));
#8878 = ORIENTED_EDGE('',*,*,#8879,.T.);
#8879 = EDGE_CURVE('',#8872,#8840,#8880,.T.);
#8880 = CIRCLE('',#8881,0.125);
#8881 = AXIS2_PLACEMENT_3D('',#8882,#8883,#8884);
#8882 = CARTESIAN_POINT('',(-3.13,0.2,2.6));
#8883 = DIRECTION('',(-0.,1.,-2.22044604925E-16));
#8884 = DIRECTION('',(-1.,-0.,0.));
#8885 = ORIENTED_EDGE('',*,*,#8847,.F.);
#8886 = ORIENTED_EDGE('',*,*,#8887,.F.);
#8887 = EDGE_CURVE('',#8870,#8848,#8888,.T.);
#8888 = CIRCLE('',#8889,0.125);
#8889 = AXIS2_PLACEMENT_3D('',#8890,#8891,#8892);
#8890 = CARTESIAN_POINT('',(-3.13,5.773159728051E-16,2.6));
#8891 = DIRECTION('',(-0.,1.,-2.22044604925E-16));
#8892 = DIRECTION('',(-1.,-0.,0.));
#8893 = CYLINDRICAL_SURFACE('',#8894,0.125);
#8894 = AXIS2_PLACEMENT_3D('',#8895,#8896,#8897);
#8895 = CARTESIAN_POINT('',(-3.13,5.773159728051E-16,2.6));
#8896 = DIRECTION('',(-0.,-1.,2.22044604925E-16));
#8897 = DIRECTION('',(-1.,-0.,-0.));
#8898 = ADVANCED_FACE('',(#8899),#8915,.F.);
#8899 = FACE_BOUND('',#8900,.T.);
#8900 = EDGE_LOOP('',(#8901,#8902,#8908,#8909));
#8901 = ORIENTED_EDGE('',*,*,#8869,.T.);
#8902 = ORIENTED_EDGE('',*,*,#8903,.T.);
#8903 = EDGE_CURVE('',#8872,#8801,#8904,.T.);
#8904 = LINE('',#8905,#8906);
#8905 = CARTESIAN_POINT('',(-3.13,0.2,2.725));
#8906 = VECTOR('',#8907,1.);
#8907 = DIRECTION('',(-1.,-0.,0.));
#8908 = ORIENTED_EDGE('',*,*,#8798,.F.);
#8909 = ORIENTED_EDGE('',*,*,#8910,.F.);
#8910 = EDGE_CURVE('',#8870,#8799,#8911,.T.);
#8911 = LINE('',#8912,#8913);
#8912 = CARTESIAN_POINT('',(-3.13,6.050715484207E-16,2.725));
#8913 = VECTOR('',#8914,1.);
#8914 = DIRECTION('',(-1.,-0.,0.));
#8915 = PLANE('',#8916);
#8916 = AXIS2_PLACEMENT_3D('',#8917,#8918,#8919);
#8917 = CARTESIAN_POINT('',(-3.13,6.050715484207E-16,2.725));
#8918 = DIRECTION('',(-0.,-2.22044604925E-16,-1.));
#8919 = DIRECTION('',(1.,0.,0.));
#8920 = ADVANCED_FACE('',(#8921),#8927,.F.);
#8921 = FACE_BOUND('',#8922,.T.);
#8922 = EDGE_LOOP('',(#8923,#8924,#8925,#8926));
#8923 = ORIENTED_EDGE('',*,*,#8824,.T.);
#8924 = ORIENTED_EDGE('',*,*,#8855,.T.);
#8925 = ORIENTED_EDGE('',*,*,#8887,.F.);
#8926 = ORIENTED_EDGE('',*,*,#8910,.T.);
#8927 = PLANE('',#8928);
#8928 = AXIS2_PLACEMENT_3D('',#8929,#8930,#8931);
#8929 = CARTESIAN_POINT('',(-3.278232019144,5.773159728051E-16,2.6));
#8930 = DIRECTION('',(0.,1.,0.));
#8931 = DIRECTION('',(0.,0.,-1.));
#8932 = ADVANCED_FACE('',(#8933),#8939,.T.);
#8933 = FACE_BOUND('',#8934,.F.);
#8934 = EDGE_LOOP('',(#8935,#8936,#8937,#8938));
#8935 = ORIENTED_EDGE('',*,*,#8808,.T.);
#8936 = ORIENTED_EDGE('',*,*,#8839,.T.);
#8937 = ORIENTED_EDGE('',*,*,#8879,.F.);
#8938 = ORIENTED_EDGE('',*,*,#8903,.T.);
#8939 = PLANE('',#8940);
#8940 = AXIS2_PLACEMENT_3D('',#8941,#8942,#8943);
#8941 = CARTESIAN_POINT('',(-3.278232019144,0.2,2.6));
#8942 = DIRECTION('',(0.,1.,0.));
#8943 = DIRECTION('',(0.,0.,-1.));
#8944 = ( GEOMETRIC_REPRESENTATION_CONTEXT(3) 
GLOBAL_UNCERTAINTY_ASSIGNED_CONTEXT((#8948)) 
GLOBAL_UNIT_ASSIGNED_CONTEXT((#8945,#8946,#8947)) REPRESENTATION_CONTEXT
('Context #1','3D Context with UNIT and UNCERTAINTY') );
#8945 = ( LENGTH_UNIT() NAMED_UNIT(*) SI_UNIT(.MILLI.,.METRE.) );
#8946 = ( NAMED_UNIT(*) PLANE_ANGLE_UNIT() SI_UNIT($,.RADIAN.) );
#8947 = ( NAMED_UNIT(*) SI_UNIT($,.STERADIAN.) SOLID_ANGLE_UNIT() );
#8948 = UNCERTAINTY_MEASURE_WITH_UNIT(LENGTH_MEASURE(1.E-07),#8945,
  'distance_accuracy_value','confusion accuracy');
#8949 = CONTEXT_DEPENDENT_SHAPE_REPRESENTATION(#8950,#8952);
#8950 = ( REPRESENTATION_RELATIONSHIP('','',#8791,#10) 
REPRESENTATION_RELATIONSHIP_WITH_TRANSFORMATION(#8951) 
SHAPE_REPRESENTATION_RELATIONSHIP() );
#8951 = ITEM_DEFINED_TRANSFORMATION('','',#11,#135);
#8952 = PRODUCT_DEFINITION_SHAPE('Placement','Placement of an item',
  #8953);
#8953 = NEXT_ASSEMBLY_USAGE_OCCURRENCE('9318','Array002_Solid1','',#5,
  #8786,$);
#8954 = PRODUCT_RELATED_PRODUCT_CATEGORY('part',$,(#8788));
#8955 = CONTEXT_DEPENDENT_SHAPE_REPRESENTATION(#8956,#8958);
#8956 = ( REPRESENTATION_RELATIONSHIP('','',#8791,#10) 
REPRESENTATION_RELATIONSHIP_WITH_TRANSFORMATION(#8957) 
SHAPE_REPRESENTATION_RELATIONSHIP() );
#8957 = ITEM_DEFINED_TRANSFORMATION('','',#11,#139);
#8958 = PRODUCT_DEFINITION_SHAPE('Placement','Placement of an item',
  #8959);
#8959 = NEXT_ASSEMBLY_USAGE_OCCURRENCE('9319','Array002_Solid2','',#5,
  #8786,$);
#8960 = CONTEXT_DEPENDENT_SHAPE_REPRESENTATION(#8961,#8963);
#8961 = ( REPRESENTATION_RELATIONSHIP('','',#8791,#10) 
REPRESENTATION_RELATIONSHIP_WITH_TRANSFORMATION(#8962) 
SHAPE_REPRESENTATION_RELATIONSHIP() );
#8962 = ITEM_DEFINED_TRANSFORMATION('','',#11,#143);
#8963 = PRODUCT_DEFINITION_SHAPE('Placement','Placement of an item',
  #8964);
#8964 = NEXT_ASSEMBLY_USAGE_OCCURRENCE('9320','Array002_Solid3','',#5,
  #8786,$);
#8965 = CONTEXT_DEPENDENT_SHAPE_REPRESENTATION(#8966,#8968);
#8966 = ( REPRESENTATION_RELATIONSHIP('','',#8791,#10) 
REPRESENTATION_RELATIONSHIP_WITH_TRANSFORMATION(#8967) 
SHAPE_REPRESENTATION_RELATIONSHIP() );
#8967 = ITEM_DEFINED_TRANSFORMATION('','',#11,#147);
#8968 = PRODUCT_DEFINITION_SHAPE('Placement','Placement of an item',
  #8969);
#8969 = NEXT_ASSEMBLY_USAGE_OCCURRENCE('9321','Array002_Solid4','',#5,
  #8786,$);
#8970 = CONTEXT_DEPENDENT_SHAPE_REPRESENTATION(#8971,#8973);
#8971 = ( REPRESENTATION_RELATIONSHIP('','',#8791,#10) 
REPRESENTATION_RELATIONSHIP_WITH_TRANSFORMATION(#8972) 
SHAPE_REPRESENTATION_RELATIONSHIP() );
#8972 = ITEM_DEFINED_TRANSFORMATION('','',#11,#151);
#8973 = PRODUCT_DEFINITION_SHAPE('Placement','Placement of an item',
  #8974);
#8974 = NEXT_ASSEMBLY_USAGE_OCCURRENCE('9322','Array002_Solid5','',#5,
  #8786,$);
#8975 = CONTEXT_DEPENDENT_SHAPE_REPRESENTATION(#8976,#8978);
#8976 = ( REPRESENTATION_RELATIONSHIP('','',#8791,#10) 
REPRESENTATION_RELATIONSHIP_WITH_TRANSFORMATION(#8977) 
SHAPE_REPRESENTATION_RELATIONSHIP() );
#8977 = ITEM_DEFINED_TRANSFORMATION('','',#11,#155);
#8978 = PRODUCT_DEFINITION_SHAPE('Placement','Placement of an item',
  #8979);
#8979 = NEXT_ASSEMBLY_USAGE_OCCURRENCE('9323','Array002_Solid6','',#5,
  #8786,$);
#8980 = CONTEXT_DEPENDENT_SHAPE_REPRESENTATION(#8981,#8983);
#8981 = ( REPRESENTATION_RELATIONSHIP('','',#8791,#10) 
REPRESENTATION_RELATIONSHIP_WITH_TRANSFORMATION(#8982) 
SHAPE_REPRESENTATION_RELATIONSHIP() );
#8982 = ITEM_DEFINED_TRANSFORMATION('','',#11,#159);
#8983 = PRODUCT_DEFINITION_SHAPE('Placement','Placement of an item',
  #8984);
#8984 = NEXT_ASSEMBLY_USAGE_OCCURRENCE('9324','Array002_Solid7','',#5,
  #8786,$);
#8985 = CONTEXT_DEPENDENT_SHAPE_REPRESENTATION(#8986,#8988);
#8986 = ( REPRESENTATION_RELATIONSHIP('','',#8791,#10) 
REPRESENTATION_RELATIONSHIP_WITH_TRANSFORMATION(#8987) 
SHAPE_REPRESENTATION_RELATIONSHIP() );
#8987 = ITEM_DEFINED_TRANSFORMATION('','',#11,#163);
#8988 = PRODUCT_DEFINITION_SHAPE('Placement','Placement of an item',
  #8989);
#8989 = NEXT_ASSEMBLY_USAGE_OCCURRENCE('9325','Array002_Solid8','',#5,
  #8786,$);
#8990 = CONTEXT_DEPENDENT_SHAPE_REPRESENTATION(#8991,#8993);
#8991 = ( REPRESENTATION_RELATIONSHIP('','',#8791,#10) 
REPRESENTATION_RELATIONSHIP_WITH_TRANSFORMATION(#8992) 
SHAPE_REPRESENTATION_RELATIONSHIP() );
#8992 = ITEM_DEFINED_TRANSFORMATION('','',#11,#167);
#8993 = PRODUCT_DEFINITION_SHAPE('Placement','Placement of an item',
  #8994);
#8994 = NEXT_ASSEMBLY_USAGE_OCCURRENCE('9326','Array002_Solid9','',#5,
  #8786,$);
#8995 = CONTEXT_DEPENDENT_SHAPE_REPRESENTATION(#8996,#8998);
#8996 = ( REPRESENTATION_RELATIONSHIP('','',#8791,#10) 
REPRESENTATION_RELATIONSHIP_WITH_TRANSFORMATION(#8997) 
SHAPE_REPRESENTATION_RELATIONSHIP() );
#8997 = ITEM_DEFINED_TRANSFORMATION('','',#11,#171);
#8998 = PRODUCT_DEFINITION_SHAPE('Placement','Placement of an item',
  #8999);
#8999 = NEXT_ASSEMBLY_USAGE_OCCURRENCE('9327','Array002_Solid10','',#5,
  #8786,$);
#9000 = CONTEXT_DEPENDENT_SHAPE_REPRESENTATION(#9001,#9003);
#9001 = ( REPRESENTATION_RELATIONSHIP('','',#8791,#10) 
REPRESENTATION_RELATIONSHIP_WITH_TRANSFORMATION(#9002) 
SHAPE_REPRESENTATION_RELATIONSHIP() );
#9002 = ITEM_DEFINED_TRANSFORMATION('','',#11,#175);
#9003 = PRODUCT_DEFINITION_SHAPE('Placement','Placement of an item',
  #9004);
#9004 = NEXT_ASSEMBLY_USAGE_OCCURRENCE('9328','Array002_Solid11','',#5,
  #8786,$);
#9005 = CONTEXT_DEPENDENT_SHAPE_REPRESENTATION(#9006,#9008);
#9006 = ( REPRESENTATION_RELATIONSHIP('','',#8791,#10) 
REPRESENTATION_RELATIONSHIP_WITH_TRANSFORMATION(#9007) 
SHAPE_REPRESENTATION_RELATIONSHIP() );
#9007 = ITEM_DEFINED_TRANSFORMATION('','',#11,#179);
#9008 = PRODUCT_DEFINITION_SHAPE('Placement','Placement of an item',
  #9009);
#9009 = NEXT_ASSEMBLY_USAGE_OCCURRENCE('9329','Array002_Solid12','',#5,
  #8786,$);
#9010 = CONTEXT_DEPENDENT_SHAPE_REPRESENTATION(#9011,#9013);
#9011 = ( REPRESENTATION_RELATIONSHIP('','',#8791,#10) 
REPRESENTATION_RELATIONSHIP_WITH_TRANSFORMATION(#9012) 
SHAPE_REPRESENTATION_RELATIONSHIP() );
#9012 = ITEM_DEFINED_TRANSFORMATION('','',#11,#183);
#9013 = PRODUCT_DEFINITION_SHAPE('Placement','Placement of an item',
  #9014);
#9014 = NEXT_ASSEMBLY_USAGE_OCCURRENCE('9330','Array002_Solid13','',#5,
  #8786,$);
#9015 = CONTEXT_DEPENDENT_SHAPE_REPRESENTATION(#9016,#9018);
#9016 = ( REPRESENTATION_RELATIONSHIP('','',#8791,#10) 
REPRESENTATION_RELATIONSHIP_WITH_TRANSFORMATION(#9017) 
SHAPE_REPRESENTATION_RELATIONSHIP() );
#9017 = ITEM_DEFINED_TRANSFORMATION('','',#11,#187);
#9018 = PRODUCT_DEFINITION_SHAPE('Placement','Placement of an item',
  #9019);
#9019 = NEXT_ASSEMBLY_USAGE_OCCURRENCE('9331','Array002_Solid14','',#5,
  #8786,$);
#9020 = SHAPE_DEFINITION_REPRESENTATION(#9021,#9027);
#9021 = PRODUCT_DEFINITION_SHAPE('','',#9022);
#9022 = PRODUCT_DEFINITION('design','',#9023,#9026);
#9023 = PRODUCT_DEFINITION_FORMATION('','',#9024);
#9024 = PRODUCT('Array003_Solid2','Array003_Solid2','',(#9025));
#9025 = PRODUCT_CONTEXT('',#2,'mechanical');
#9026 = PRODUCT_DEFINITION_CONTEXT('part definition',#2,'design');
#9027 = ADVANCED_BREP_SHAPE_REPRESENTATION('',(#11,#9028),#9180);
#9028 = MANIFOLD_SOLID_BREP('',#9029);
#9029 = CLOSED_SHELL('',(#9030,#9070,#9101,#9134,#9156,#9168));
#9030 = ADVANCED_FACE('',(#9031),#9065,.F.);
#9031 = FACE_BOUND('',#9032,.F.);
#9032 = EDGE_LOOP('',(#9033,#9043,#9051,#9059));
#9033 = ORIENTED_EDGE('',*,*,#9034,.T.);
#9034 = EDGE_CURVE('',#9035,#9037,#9039,.T.);
#9035 = VERTEX_POINT('',#9036);
#9036 = CARTESIAN_POINT('',(3.5,6.050715484207E-16,2.725));
#9037 = VERTEX_POINT('',#9038);
#9038 = CARTESIAN_POINT('',(3.5,0.2,2.725));
#9039 = LINE('',#9040,#9041);
#9040 = CARTESIAN_POINT('',(3.5,6.050715484207E-16,2.725));
#9041 = VECTOR('',#9042,1.);
#9042 = DIRECTION('',(-0.,1.,-2.22044604925E-16));
#9043 = ORIENTED_EDGE('',*,*,#9044,.T.);
#9044 = EDGE_CURVE('',#9037,#9045,#9047,.T.);
#9045 = VERTEX_POINT('',#9046);
#9046 = CARTESIAN_POINT('',(3.5,0.2,2.475));
#9047 = LINE('',#9048,#9049);
#9048 = CARTESIAN_POINT('',(3.5,0.2,2.725));
#9049 = VECTOR('',#9050,1.);
#9050 = DIRECTION('',(0.,-2.22044604925E-16,-1.));
#9051 = ORIENTED_EDGE('',*,*,#9052,.F.);
#9052 = EDGE_CURVE('',#9053,#9045,#9055,.T.);
#9053 = VERTEX_POINT('',#9054);
#9054 = CARTESIAN_POINT('',(3.5,5.495603971895E-16,2.475));
#9055 = LINE('',#9056,#9057);
#9056 = CARTESIAN_POINT('',(3.5,5.495603971895E-16,2.475));
#9057 = VECTOR('',#9058,1.);
#9058 = DIRECTION('',(-0.,1.,-2.22044604925E-16));
#9059 = ORIENTED_EDGE('',*,*,#9060,.F.);
#9060 = EDGE_CURVE('',#9035,#9053,#9061,.T.);
#9061 = LINE('',#9062,#9063);
#9062 = CARTESIAN_POINT('',(3.5,6.050715484207E-16,2.725));
#9063 = VECTOR('',#9064,1.);
#9064 = DIRECTION('',(0.,-2.22044604925E-16,-1.));
#9065 = PLANE('',#9066);
#9066 = AXIS2_PLACEMENT_3D('',#9067,#9068,#9069);
#9067 = CARTESIAN_POINT('',(3.5,6.050715484207E-16,2.725));
#9068 = DIRECTION('',(-1.,-0.,0.));
#9069 = DIRECTION('',(0.,-2.22044604925E-16,-1.));
#9070 = ADVANCED_FACE('',(#9071),#9096,.F.);
#9071 = FACE_BOUND('',#9072,.F.);
#9072 = EDGE_LOOP('',(#9073,#9074,#9082,#9090));
#9073 = ORIENTED_EDGE('',*,*,#9052,.T.);
#9074 = ORIENTED_EDGE('',*,*,#9075,.T.);
#9075 = EDGE_CURVE('',#9045,#9076,#9078,.T.);
#9076 = VERTEX_POINT('',#9077);
#9077 = CARTESIAN_POINT('',(3.13,0.2,2.475));
#9078 = LINE('',#9079,#9080);
#9079 = CARTESIAN_POINT('',(3.5,0.2,2.475));
#9080 = VECTOR('',#9081,1.);
#9081 = DIRECTION('',(-1.,0.,0.));
#9082 = ORIENTED_EDGE('',*,*,#9083,.F.);
#9083 = EDGE_CURVE('',#9084,#9076,#9086,.T.);
#9084 = VERTEX_POINT('',#9085);
#9085 = CARTESIAN_POINT('',(3.13,5.495603971895E-16,2.475));
#9086 = LINE('',#9087,#9088);
#9087 = CARTESIAN_POINT('',(3.13,5.495603971895E-16,2.475));
#9088 = VECTOR('',#9089,1.);
#9089 = DIRECTION('',(-0.,1.,-2.22044604925E-16));
#9090 = ORIENTED_EDGE('',*,*,#9091,.F.);
#9091 = EDGE_CURVE('',#9053,#9084,#9092,.T.);
#9092 = LINE('',#9093,#9094);
#9093 = CARTESIAN_POINT('',(3.5,5.495603971895E-16,2.475));
#9094 = VECTOR('',#9095,1.);
#9095 = DIRECTION('',(-1.,0.,0.));
#9096 = PLANE('',#9097);
#9097 = AXIS2_PLACEMENT_3D('',#9098,#9099,#9100);
#9098 = CARTESIAN_POINT('',(3.5,5.495603971895E-16,2.475));
#9099 = DIRECTION('',(0.,2.22044604925E-16,1.));
#9100 = DIRECTION('',(-1.,-0.,0.));
#9101 = ADVANCED_FACE('',(#9102),#9129,.T.);
#9102 = FACE_BOUND('',#9103,.T.);
#9103 = EDGE_LOOP('',(#9104,#9114,#9121,#9122));
#9104 = ORIENTED_EDGE('',*,*,#9105,.T.);
#9105 = EDGE_CURVE('',#9106,#9108,#9110,.T.);
#9106 = VERTEX_POINT('',#9107);
#9107 = CARTESIAN_POINT('',(3.13,6.050715484207E-16,2.725));
#9108 = VERTEX_POINT('',#9109);
#9109 = CARTESIAN_POINT('',(3.13,0.2,2.725));
#9110 = LINE('',#9111,#9112);
#9111 = CARTESIAN_POINT('',(3.13,6.050715484207E-16,2.725));
#9112 = VECTOR('',#9113,1.);
#9113 = DIRECTION('',(-0.,1.,-2.22044604925E-16));
#9114 = ORIENTED_EDGE('',*,*,#9115,.T.);
#9115 = EDGE_CURVE('',#9108,#9076,#9116,.T.);
#9116 = CIRCLE('',#9117,0.125);
#9117 = AXIS2_PLACEMENT_3D('',#9118,#9119,#9120);
#9118 = CARTESIAN_POINT('',(3.13,0.2,2.6));
#9119 = DIRECTION('',(0.,-1.,2.22044604925E-16));
#9120 = DIRECTION('',(1.,0.,0.));
#9121 = ORIENTED_EDGE('',*,*,#9083,.F.);
#9122 = ORIENTED_EDGE('',*,*,#9123,.F.);
#9123 = EDGE_CURVE('',#9106,#9084,#9124,.T.);
#9124 = CIRCLE('',#9125,0.125);
#9125 = AXIS2_PLACEMENT_3D('',#9126,#9127,#9128);
#9126 = CARTESIAN_POINT('',(3.13,5.773159728051E-16,2.6));
#9127 = DIRECTION('',(0.,-1.,2.22044604925E-16));
#9128 = DIRECTION('',(1.,0.,0.));
#9129 = CYLINDRICAL_SURFACE('',#9130,0.125);
#9130 = AXIS2_PLACEMENT_3D('',#9131,#9132,#9133);
#9131 = CARTESIAN_POINT('',(3.13,5.773159728051E-16,2.6));
#9132 = DIRECTION('',(0.,-1.,2.22044604925E-16));
#9133 = DIRECTION('',(1.,0.,0.));
#9134 = ADVANCED_FACE('',(#9135),#9151,.F.);
#9135 = FACE_BOUND('',#9136,.F.);
#9136 = EDGE_LOOP('',(#9137,#9138,#9144,#9145));
#9137 = ORIENTED_EDGE('',*,*,#9105,.T.);
#9138 = ORIENTED_EDGE('',*,*,#9139,.T.);
#9139 = EDGE_CURVE('',#9108,#9037,#9140,.T.);
#9140 = LINE('',#9141,#9142);
#9141 = CARTESIAN_POINT('',(3.13,0.2,2.725));
#9142 = VECTOR('',#9143,1.);
#9143 = DIRECTION('',(1.,0.,0.));
#9144 = ORIENTED_EDGE('',*,*,#9034,.F.);
#9145 = ORIENTED_EDGE('',*,*,#9146,.F.);
#9146 = EDGE_CURVE('',#9106,#9035,#9147,.T.);
#9147 = LINE('',#9148,#9149);
#9148 = CARTESIAN_POINT('',(3.13,6.050715484207E-16,2.725));
#9149 = VECTOR('',#9150,1.);
#9150 = DIRECTION('',(1.,0.,0.));
#9151 = PLANE('',#9152);
#9152 = AXIS2_PLACEMENT_3D('',#9153,#9154,#9155);
#9153 = CARTESIAN_POINT('',(3.13,6.050715484207E-16,2.725));
#9154 = DIRECTION('',(0.,-2.22044604925E-16,-1.));
#9155 = DIRECTION('',(1.,0.,0.));
#9156 = ADVANCED_FACE('',(#9157),#9163,.F.);
#9157 = FACE_BOUND('',#9158,.F.);
#9158 = EDGE_LOOP('',(#9159,#9160,#9161,#9162));
#9159 = ORIENTED_EDGE('',*,*,#9060,.T.);
#9160 = ORIENTED_EDGE('',*,*,#9091,.T.);
#9161 = ORIENTED_EDGE('',*,*,#9123,.F.);
#9162 = ORIENTED_EDGE('',*,*,#9146,.T.);
#9163 = PLANE('',#9164);
#9164 = AXIS2_PLACEMENT_3D('',#9165,#9166,#9167);
#9165 = CARTESIAN_POINT('',(3.278232019144,5.773159728051E-16,2.6));
#9166 = DIRECTION('',(0.,1.,0.));
#9167 = DIRECTION('',(0.,0.,1.));
#9168 = ADVANCED_FACE('',(#9169),#9175,.T.);
#9169 = FACE_BOUND('',#9170,.T.);
#9170 = EDGE_LOOP('',(#9171,#9172,#9173,#9174));
#9171 = ORIENTED_EDGE('',*,*,#9044,.T.);
#9172 = ORIENTED_EDGE('',*,*,#9075,.T.);
#9173 = ORIENTED_EDGE('',*,*,#9115,.F.);
#9174 = ORIENTED_EDGE('',*,*,#9139,.T.);
#9175 = PLANE('',#9176);
#9176 = AXIS2_PLACEMENT_3D('',#9177,#9178,#9179);
#9177 = CARTESIAN_POINT('',(3.278232019144,0.2,2.6));
#9178 = DIRECTION('',(0.,1.,0.));
#9179 = DIRECTION('',(0.,0.,1.));
#9180 = ( GEOMETRIC_REPRESENTATION_CONTEXT(3) 
GLOBAL_UNCERTAINTY_ASSIGNED_CONTEXT((#9184)) 
GLOBAL_UNIT_ASSIGNED_CONTEXT((#9181,#9182,#9183)) REPRESENTATION_CONTEXT
('Context #1','3D Context with UNIT and UNCERTAINTY') );
#9181 = ( LENGTH_UNIT() NAMED_UNIT(*) SI_UNIT(.MILLI.,.METRE.) );
#9182 = ( NAMED_UNIT(*) PLANE_ANGLE_UNIT() SI_UNIT($,.RADIAN.) );
#9183 = ( NAMED_UNIT(*) SI_UNIT($,.STERADIAN.) SOLID_ANGLE_UNIT() );
#9184 = UNCERTAINTY_MEASURE_WITH_UNIT(LENGTH_MEASURE(1.E-07),#9181,
  'distance_accuracy_value','confusion accuracy');
#9185 = CONTEXT_DEPENDENT_SHAPE_REPRESENTATION(#9186,#9188);
#9186 = ( REPRESENTATION_RELATIONSHIP('','',#9027,#10) 
REPRESENTATION_RELATIONSHIP_WITH_TRANSFORMATION(#9187) 
SHAPE_REPRESENTATION_RELATIONSHIP() );
#9187 = ITEM_DEFINED_TRANSFORMATION('','',#11,#191);
#9188 = PRODUCT_DEFINITION_SHAPE('Placement','Placement of an item',
  #9189);
#9189 = NEXT_ASSEMBLY_USAGE_OCCURRENCE('9332','Array003_Solid2','',#5,
  #9022,$);
#9190 = PRODUCT_RELATED_PRODUCT_CATEGORY('part',$,(#9024));
#9191 = CONTEXT_DEPENDENT_SHAPE_REPRESENTATION(#9192,#9194);
#9192 = ( REPRESENTATION_RELATIONSHIP('','',#9027,#10) 
REPRESENTATION_RELATIONSHIP_WITH_TRANSFORMATION(#9193) 
SHAPE_REPRESENTATION_RELATIONSHIP() );
#9193 = ITEM_DEFINED_TRANSFORMATION('','',#11,#195);
#9194 = PRODUCT_DEFINITION_SHAPE('Placement','Placement of an item',
  #9195);
#9195 = NEXT_ASSEMBLY_USAGE_OCCURRENCE('9333','Array003_Solid3','',#5,
  #9022,$);
#9196 = CONTEXT_DEPENDENT_SHAPE_REPRESENTATION(#9197,#9199);
#9197 = ( REPRESENTATION_RELATIONSHIP('','',#9027,#10) 
REPRESENTATION_RELATIONSHIP_WITH_TRANSFORMATION(#9198) 
SHAPE_REPRESENTATION_RELATIONSHIP() );
#9198 = ITEM_DEFINED_TRANSFORMATION('','',#11,#199);
#9199 = PRODUCT_DEFINITION_SHAPE('Placement','Placement of an item',
  #9200);
#9200 = NEXT_ASSEMBLY_USAGE_OCCURRENCE('9334','Array003_Solid4','',#5,
  #9022,$);
#9201 = CONTEXT_DEPENDENT_SHAPE_REPRESENTATION(#9202,#9204);
#9202 = ( REPRESENTATION_RELATIONSHIP('','',#9027,#10) 
REPRESENTATION_RELATIONSHIP_WITH_TRANSFORMATION(#9203) 
SHAPE_REPRESENTATION_RELATIONSHIP() );
#9203 = ITEM_DEFINED_TRANSFORMATION('','',#11,#203);
#9204 = PRODUCT_DEFINITION_SHAPE('Placement','Placement of an item',
  #9205);
#9205 = NEXT_ASSEMBLY_USAGE_OCCURRENCE('9335','Array003_Solid5','',#5,
  #9022,$);
#9206 = CONTEXT_DEPENDENT_SHAPE_REPRESENTATION(#9207,#9209);
#9207 = ( REPRESENTATION_RELATIONSHIP('','',#9027,#10) 
REPRESENTATION_RELATIONSHIP_WITH_TRANSFORMATION(#9208) 
SHAPE_REPRESENTATION_RELATIONSHIP() );
#9208 = ITEM_DEFINED_TRANSFORMATION('','',#11,#207);
#9209 = PRODUCT_DEFINITION_SHAPE('Placement','Placement of an item',
  #9210);
#9210 = NEXT_ASSEMBLY_USAGE_OCCURRENCE('9336','Array003_Solid6','',#5,
  #9022,$);
#9211 = CONTEXT_DEPENDENT_SHAPE_REPRESENTATION(#9212,#9214);
#9212 = ( REPRESENTATION_RELATIONSHIP('','',#9027,#10) 
REPRESENTATION_RELATIONSHIP_WITH_TRANSFORMATION(#9213) 
SHAPE_REPRESENTATION_RELATIONSHIP() );
#9213 = ITEM_DEFINED_TRANSFORMATION('','',#11,#211);
#9214 = PRODUCT_DEFINITION_SHAPE('Placement','Placement of an item',
  #9215);
#9215 = NEXT_ASSEMBLY_USAGE_OCCURRENCE('9337','Array003_Solid7','',#5,
  #9022,$);
#9216 = CONTEXT_DEPENDENT_SHAPE_REPRESENTATION(#9217,#9219);
#9217 = ( REPRESENTATION_RELATIONSHIP('','',#9027,#10) 
REPRESENTATION_RELATIONSHIP_WITH_TRANSFORMATION(#9218) 
SHAPE_REPRESENTATION_RELATIONSHIP() );
#9218 = ITEM_DEFINED_TRANSFORMATION('','',#11,#215);
#9219 = PRODUCT_DEFINITION_SHAPE('Placement','Placement of an item',
  #9220);
#9220 = NEXT_ASSEMBLY_USAGE_OCCURRENCE('9338','Array003_Solid8','',#5,
  #9022,$);
#9221 = CONTEXT_DEPENDENT_SHAPE_REPRESENTATION(#9222,#9224);
#9222 = ( REPRESENTATION_RELATIONSHIP('','',#9027,#10) 
REPRESENTATION_RELATIONSHIP_WITH_TRANSFORMATION(#9223) 
SHAPE_REPRESENTATION_RELATIONSHIP() );
#9223 = ITEM_DEFINED_TRANSFORMATION('','',#11,#219);
#9224 = PRODUCT_DEFINITION_SHAPE('Placement','Placement of an item',
  #9225);
#9225 = NEXT_ASSEMBLY_USAGE_OCCURRENCE('9339','Array003_Solid9','',#5,
  #9022,$);
#9226 = CONTEXT_DEPENDENT_SHAPE_REPRESENTATION(#9227,#9229);
#9227 = ( REPRESENTATION_RELATIONSHIP('','',#9027,#10) 
REPRESENTATION_RELATIONSHIP_WITH_TRANSFORMATION(#9228) 
SHAPE_REPRESENTATION_RELATIONSHIP() );
#9228 = ITEM_DEFINED_TRANSFORMATION('','',#11,#223);
#9229 = PRODUCT_DEFINITION_SHAPE('Placement','Placement of an item',
  #9230);
#9230 = NEXT_ASSEMBLY_USAGE_OCCURRENCE('9340','Array003_Solid10','',#5,
  #9022,$);
#9231 = CONTEXT_DEPENDENT_SHAPE_REPRESENTATION(#9232,#9234);
#9232 = ( REPRESENTATION_RELATIONSHIP('','',#9027,#10) 
REPRESENTATION_RELATIONSHIP_WITH_TRANSFORMATION(#9233) 
SHAPE_REPRESENTATION_RELATIONSHIP() );
#9233 = ITEM_DEFINED_TRANSFORMATION('','',#11,#227);
#9234 = PRODUCT_DEFINITION_SHAPE('Placement','Placement of an item',
  #9235);
#9235 = NEXT_ASSEMBLY_USAGE_OCCURRENCE('9341','Array003_Solid11','',#5,
  #9022,$);
#9236 = CONTEXT_DEPENDENT_SHAPE_REPRESENTATION(#9237,#9239);
#9237 = ( REPRESENTATION_RELATIONSHIP('','',#9027,#10) 
REPRESENTATION_RELATIONSHIP_WITH_TRANSFORMATION(#9238) 
SHAPE_REPRESENTATION_RELATIONSHIP() );
#9238 = ITEM_DEFINED_TRANSFORMATION('','',#11,#231);
#9239 = PRODUCT_DEFINITION_SHAPE('Placement','Placement of an item',
  #9240);
#9240 = NEXT_ASSEMBLY_USAGE_OCCURRENCE('9342','Array003_Solid12','',#5,
  #9022,$);
#9241 = CONTEXT_DEPENDENT_SHAPE_REPRESENTATION(#9242,#9244);
#9242 = ( REPRESENTATION_RELATIONSHIP('','',#9027,#10) 
REPRESENTATION_RELATIONSHIP_WITH_TRANSFORMATION(#9243) 
SHAPE_REPRESENTATION_RELATIONSHIP() );
#9243 = ITEM_DEFINED_TRANSFORMATION('','',#11,#235);
#9244 = PRODUCT_DEFINITION_SHAPE('Placement','Placement of an item',
  #9245);
#9245 = NEXT_ASSEMBLY_USAGE_OCCURRENCE('9343','Array003_Solid13','',#5,
  #9022,$);
#9246 = CONTEXT_DEPENDENT_SHAPE_REPRESENTATION(#9247,#9249);
#9247 = ( REPRESENTATION_RELATIONSHIP('','',#9027,#10) 
REPRESENTATION_RELATIONSHIP_WITH_TRANSFORMATION(#9248) 
SHAPE_REPRESENTATION_RELATIONSHIP() );
#9248 = ITEM_DEFINED_TRANSFORMATION('','',#11,#239);
#9249 = PRODUCT_DEFINITION_SHAPE('Placement','Placement of an item',
  #9250);
#9250 = NEXT_ASSEMBLY_USAGE_OCCURRENCE('9344','Array003_Solid14','',#5,
  #9022,$);
#9251 = SHAPE_DEFINITION_REPRESENTATION(#9252,#9258);
#9252 = PRODUCT_DEFINITION_SHAPE('','',#9253);
#9253 = PRODUCT_DEFINITION('design','',#9254,#9257);
#9254 = PRODUCT_DEFINITION_FORMATION('','',#9255);
#9255 = PRODUCT('Body003_Solid1','Body003_Solid1','',(#9256));
#9256 = PRODUCT_CONTEXT('',#2,'mechanical');
#9257 = PRODUCT_DEFINITION_CONTEXT('part definition',#2,'design');
#9258 = ADVANCED_BREP_SHAPE_REPRESENTATION('',(#11,#9259),#9409);
#9259 = MANIFOLD_SOLID_BREP('',#9260);
#9260 = CLOSED_SHELL('',(#9261,#9301,#9332,#9363,#9385,#9397));
#9261 = ADVANCED_FACE('',(#9262),#9296,.T.);
#9262 = FACE_BOUND('',#9263,.T.);
#9263 = EDGE_LOOP('',(#9264,#9274,#9282,#9290));
#9264 = ORIENTED_EDGE('',*,*,#9265,.T.);
#9265 = EDGE_CURVE('',#9266,#9268,#9270,.T.);
#9266 = VERTEX_POINT('',#9267);
#9267 = CARTESIAN_POINT('',(2.35,-4.329869796038E-16,-1.95));
#9268 = VERTEX_POINT('',#9269);
#9269 = CARTESIAN_POINT('',(2.35,5.E-02,-1.95));
#9270 = LINE('',#9271,#9272);
#9271 = CARTESIAN_POINT('',(2.35,-4.329869796038E-16,-1.95));
#9272 = VECTOR('',#9273,1.);
#9273 = DIRECTION('',(-0.,1.,-2.22044604925E-16));
#9274 = ORIENTED_EDGE('',*,*,#9275,.T.);
#9275 = EDGE_CURVE('',#9268,#9276,#9278,.T.);
#9276 = VERTEX_POINT('',#9277);
#9277 = CARTESIAN_POINT('',(2.35,5.E-02,1.95));
#9278 = LINE('',#9279,#9280);
#9279 = CARTESIAN_POINT('',(2.35,5.E-02,-1.95));
#9280 = VECTOR('',#9281,1.);
#9281 = DIRECTION('',(0.,2.22044604925E-16,1.));
#9282 = ORIENTED_EDGE('',*,*,#9283,.F.);
#9283 = EDGE_CURVE('',#9284,#9276,#9286,.T.);
#9284 = VERTEX_POINT('',#9285);
#9285 = CARTESIAN_POINT('',(2.35,4.329869796038E-16,1.95));
#9286 = LINE('',#9287,#9288);
#9287 = CARTESIAN_POINT('',(2.35,4.329869796038E-16,1.95));
#9288 = VECTOR('',#9289,1.);
#9289 = DIRECTION('',(-0.,1.,-2.22044604925E-16));
#9290 = ORIENTED_EDGE('',*,*,#9291,.F.);
#9291 = EDGE_CURVE('',#9266,#9284,#9292,.T.);
#9292 = LINE('',#9293,#9294);
#9293 = CARTESIAN_POINT('',(2.35,-4.329869796038E-16,-1.95));
#9294 = VECTOR('',#9295,1.);
#9295 = DIRECTION('',(0.,2.22044604925E-16,1.));
#9296 = PLANE('',#9297);
#9297 = AXIS2_PLACEMENT_3D('',#9298,#9299,#9300);
#9298 = CARTESIAN_POINT('',(2.35,-4.329869796038E-16,-1.95));
#9299 = DIRECTION('',(1.,0.,0.));
#9300 = DIRECTION('',(0.,2.22044604925E-16,1.));
#9301 = ADVANCED_FACE('',(#9302),#9327,.T.);
#9302 = FACE_BOUND('',#9303,.T.);
#9303 = EDGE_LOOP('',(#9304,#9305,#9313,#9321));
#9304 = ORIENTED_EDGE('',*,*,#9283,.T.);
#9305 = ORIENTED_EDGE('',*,*,#9306,.T.);
#9306 = EDGE_CURVE('',#9276,#9307,#9309,.T.);
#9307 = VERTEX_POINT('',#9308);
#9308 = CARTESIAN_POINT('',(-2.35,5.E-02,1.95));
#9309 = LINE('',#9310,#9311);
#9310 = CARTESIAN_POINT('',(2.35,5.E-02,1.95));
#9311 = VECTOR('',#9312,1.);
#9312 = DIRECTION('',(-1.,0.,0.));
#9313 = ORIENTED_EDGE('',*,*,#9314,.F.);
#9314 = EDGE_CURVE('',#9315,#9307,#9317,.T.);
#9315 = VERTEX_POINT('',#9316);
#9316 = CARTESIAN_POINT('',(-2.35,4.329869796038E-16,1.95));
#9317 = LINE('',#9318,#9319);
#9318 = CARTESIAN_POINT('',(-2.35,4.329869796038E-16,1.95));
#9319 = VECTOR('',#9320,1.);
#9320 = DIRECTION('',(-0.,1.,-2.22044604925E-16));
#9321 = ORIENTED_EDGE('',*,*,#9322,.F.);
#9322 = EDGE_CURVE('',#9284,#9315,#9323,.T.);
#9323 = LINE('',#9324,#9325);
#9324 = CARTESIAN_POINT('',(2.35,4.329869796038E-16,1.95));
#9325 = VECTOR('',#9326,1.);
#9326 = DIRECTION('',(-1.,0.,0.));
#9327 = PLANE('',#9328);
#9328 = AXIS2_PLACEMENT_3D('',#9329,#9330,#9331);
#9329 = CARTESIAN_POINT('',(2.35,4.329869796038E-16,1.95));
#9330 = DIRECTION('',(0.,2.22044604925E-16,1.));
#9331 = DIRECTION('',(-1.,-0.,0.));
#9332 = ADVANCED_FACE('',(#9333),#9358,.T.);
#9333 = FACE_BOUND('',#9334,.T.);
#9334 = EDGE_LOOP('',(#9335,#9336,#9344,#9352));
#9335 = ORIENTED_EDGE('',*,*,#9314,.T.);
#9336 = ORIENTED_EDGE('',*,*,#9337,.T.);
#9337 = EDGE_CURVE('',#9307,#9338,#9340,.T.);
#9338 = VERTEX_POINT('',#9339);
#9339 = CARTESIAN_POINT('',(-2.35,5.E-02,-1.95));
#9340 = LINE('',#9341,#9342);
#9341 = CARTESIAN_POINT('',(-2.35,5.E-02,1.95));
#9342 = VECTOR('',#9343,1.);
#9343 = DIRECTION('',(0.,-2.22044604925E-16,-1.));
#9344 = ORIENTED_EDGE('',*,*,#9345,.F.);
#9345 = EDGE_CURVE('',#9346,#9338,#9348,.T.);
#9346 = VERTEX_POINT('',#9347);
#9347 = CARTESIAN_POINT('',(-2.35,-4.329869796038E-16,-1.95));
#9348 = LINE('',#9349,#9350);
#9349 = CARTESIAN_POINT('',(-2.35,-4.329869796038E-16,-1.95));
#9350 = VECTOR('',#9351,1.);
#9351 = DIRECTION('',(-0.,1.,-2.22044604925E-16));
#9352 = ORIENTED_EDGE('',*,*,#9353,.F.);
#9353 = EDGE_CURVE('',#9315,#9346,#9354,.T.);
#9354 = LINE('',#9355,#9356);
#9355 = CARTESIAN_POINT('',(-2.35,4.329869796038E-16,1.95));
#9356 = VECTOR('',#9357,1.);
#9357 = DIRECTION('',(0.,-2.22044604925E-16,-1.));
#9358 = PLANE('',#9359);
#9359 = AXIS2_PLACEMENT_3D('',#9360,#9361,#9362);
#9360 = CARTESIAN_POINT('',(-2.35,4.329869796038E-16,1.95));
#9361 = DIRECTION('',(-1.,-0.,0.));
#9362 = DIRECTION('',(0.,-2.22044604925E-16,-1.));
#9363 = ADVANCED_FACE('',(#9364),#9380,.T.);
#9364 = FACE_BOUND('',#9365,.T.);
#9365 = EDGE_LOOP('',(#9366,#9367,#9373,#9374));
#9366 = ORIENTED_EDGE('',*,*,#9345,.T.);
#9367 = ORIENTED_EDGE('',*,*,#9368,.T.);
#9368 = EDGE_CURVE('',#9338,#9268,#9369,.T.);
#9369 = LINE('',#9370,#9371);
#9370 = CARTESIAN_POINT('',(-2.35,5.E-02,-1.95));
#9371 = VECTOR('',#9372,1.);
#9372 = DIRECTION('',(1.,0.,0.));
#9373 = ORIENTED_EDGE('',*,*,#9265,.F.);
#9374 = ORIENTED_EDGE('',*,*,#9375,.F.);
#9375 = EDGE_CURVE('',#9346,#9266,#9376,.T.);
#9376 = LINE('',#9377,#9378);
#9377 = CARTESIAN_POINT('',(-2.35,-4.329869796038E-16,-1.95));
#9378 = VECTOR('',#9379,1.);
#9379 = DIRECTION('',(1.,0.,0.));
#9380 = PLANE('',#9381);
#9381 = AXIS2_PLACEMENT_3D('',#9382,#9383,#9384);
#9382 = CARTESIAN_POINT('',(-2.35,-4.329869796038E-16,-1.95));
#9383 = DIRECTION('',(0.,-2.22044604925E-16,-1.));
#9384 = DIRECTION('',(1.,0.,0.));
#9385 = ADVANCED_FACE('',(#9386),#9392,.F.);
#9386 = FACE_BOUND('',#9387,.T.);
#9387 = EDGE_LOOP('',(#9388,#9389,#9390,#9391));
#9388 = ORIENTED_EDGE('',*,*,#9291,.T.);
#9389 = ORIENTED_EDGE('',*,*,#9322,.T.);
#9390 = ORIENTED_EDGE('',*,*,#9353,.T.);
#9391 = ORIENTED_EDGE('',*,*,#9375,.T.);
#9392 = PLANE('',#9393);
#9393 = AXIS2_PLACEMENT_3D('',#9394,#9395,#9396);
#9394 = CARTESIAN_POINT('',(0.,0.,0.));
#9395 = DIRECTION('',(0.,1.,0.));
#9396 = DIRECTION('',(0.,0.,1.));
#9397 = ADVANCED_FACE('',(#9398),#9404,.T.);
#9398 = FACE_BOUND('',#9399,.F.);
#9399 = EDGE_LOOP('',(#9400,#9401,#9402,#9403));
#9400 = ORIENTED_EDGE('',*,*,#9275,.T.);
#9401 = ORIENTED_EDGE('',*,*,#9306,.T.);
#9402 = ORIENTED_EDGE('',*,*,#9337,.T.);
#9403 = ORIENTED_EDGE('',*,*,#9368,.T.);
#9404 = PLANE('',#9405);
#9405 = AXIS2_PLACEMENT_3D('',#9406,#9407,#9408);
#9406 = CARTESIAN_POINT('',(0.,5.E-02,-1.387778780781E-17));
#9407 = DIRECTION('',(0.,1.,0.));
#9408 = DIRECTION('',(0.,0.,1.));
#9409 = ( GEOMETRIC_REPRESENTATION_CONTEXT(3) 
GLOBAL_UNCERTAINTY_ASSIGNED_CONTEXT((#9413)) 
GLOBAL_UNIT_ASSIGNED_CONTEXT((#9410,#9411,#9412)) REPRESENTATION_CONTEXT
('Context #1','3D Context with UNIT and UNCERTAINTY') );
#9410 = ( LENGTH_UNIT() NAMED_UNIT(*) SI_UNIT(.MILLI.,.METRE.) );
#9411 = ( NAMED_UNIT(*) PLANE_ANGLE_UNIT() SI_UNIT($,.RADIAN.) );
#9412 = ( NAMED_UNIT(*) SI_UNIT($,.STERADIAN.) SOLID_ANGLE_UNIT() );
#9413 = UNCERTAINTY_MEASURE_WITH_UNIT(LENGTH_MEASURE(1.E-07),#9410,
  'distance_accuracy_value','confusion accuracy');
#9414 = CONTEXT_DEPENDENT_SHAPE_REPRESENTATION(#9415,#9417);
#9415 = ( REPRESENTATION_RELATIONSHIP('','',#9258,#10) 
REPRESENTATION_RELATIONSHIP_WITH_TRANSFORMATION(#9416) 
SHAPE_REPRESENTATION_RELATIONSHIP() );
#9416 = ITEM_DEFINED_TRANSFORMATION('','',#11,#243);
#9417 = PRODUCT_DEFINITION_SHAPE('Placement','Placement of an item',
  #9418);
#9418 = NEXT_ASSEMBLY_USAGE_OCCURRENCE('9345','Body003_Solid1','',#5,
  #9253,$);
#9419 = PRODUCT_RELATED_PRODUCT_CATEGORY('part',$,(#9255));
#9420 = SHAPE_DEFINITION_REPRESENTATION(#9421,#9427);
#9421 = PRODUCT_DEFINITION_SHAPE('','',#9422);
#9422 = PRODUCT_DEFINITION('design','',#9423,#9426);
#9423 = PRODUCT_DEFINITION_FORMATION('','',#9424);
#9424 = PRODUCT('Body004_Solid1','Body004_Solid1','',(#9425));
#9425 = PRODUCT_CONTEXT('',#2,'mechanical');
#9426 = PRODUCT_DEFINITION_CONTEXT('part definition',#2,'design');
#9427 = ADVANCED_BREP_SHAPE_REPRESENTATION('',(#11,#9428),#9481);
#9428 = MANIFOLD_SOLID_BREP('',#9429);
#9429 = CLOSED_SHELL('',(#9430,#9463,#9472));
#9430 = ADVANCED_FACE('',(#9431),#9458,.T.);
#9431 = FACE_BOUND('',#9432,.F.);
#9432 = EDGE_LOOP('',(#9433,#9443,#9450,#9451));
#9433 = ORIENTED_EDGE('',*,*,#9434,.T.);
#9434 = EDGE_CURVE('',#9435,#9437,#9439,.T.);
#9435 = VERTEX_POINT('',#9436);
#9436 = CARTESIAN_POINT('',(-2.961,0.746,-2.611));
#9437 = VERTEX_POINT('',#9438);
#9438 = CARTESIAN_POINT('',(-2.961,1.,-2.611));
#9439 = LINE('',#9440,#9441);
#9440 = CARTESIAN_POINT('',(-2.961,0.746,-2.611));
#9441 = VECTOR('',#9442,1.);
#9442 = DIRECTION('',(0.,1.,-2.22044604925E-16));
#9443 = ORIENTED_EDGE('',*,*,#9444,.T.);
#9444 = EDGE_CURVE('',#9437,#9437,#9445,.T.);
#9445 = CIRCLE('',#9446,0.35);
#9446 = AXIS2_PLACEMENT_3D('',#9447,#9448,#9449);
#9447 = CARTESIAN_POINT('',(-2.611,1.,-2.611));
#9448 = DIRECTION('',(0.,1.,-2.22044604925E-16));
#9449 = DIRECTION('',(-1.,0.,0.));
#9450 = ORIENTED_EDGE('',*,*,#9434,.F.);
#9451 = ORIENTED_EDGE('',*,*,#9452,.F.);
#9452 = EDGE_CURVE('',#9435,#9435,#9453,.T.);
#9453 = CIRCLE('',#9454,0.35);
#9454 = AXIS2_PLACEMENT_3D('',#9455,#9456,#9457);
#9455 = CARTESIAN_POINT('',(-2.611,0.746,-2.611));
#9456 = DIRECTION('',(0.,1.,-2.22044604925E-16));
#9457 = DIRECTION('',(-1.,0.,0.));
#9458 = CYLINDRICAL_SURFACE('',#9459,0.35);
#9459 = AXIS2_PLACEMENT_3D('',#9460,#9461,#9462);
#9460 = CARTESIAN_POINT('',(-2.611,0.746,-2.611));
#9461 = DIRECTION('',(0.,-1.,2.22044604925E-16));
#9462 = DIRECTION('',(-1.,0.,0.));
#9463 = ADVANCED_FACE('',(#9464),#9467,.F.);
#9464 = FACE_BOUND('',#9465,.F.);
#9465 = EDGE_LOOP('',(#9466));
#9466 = ORIENTED_EDGE('',*,*,#9452,.T.);
#9467 = PLANE('',#9468);
#9468 = AXIS2_PLACEMENT_3D('',#9469,#9470,#9471);
#9469 = CARTESIAN_POINT('',(-2.611,0.746,-2.611));
#9470 = DIRECTION('',(0.,1.,0.));
#9471 = DIRECTION('',(0.,0.,1.));
#9472 = ADVANCED_FACE('',(#9473),#9476,.T.);
#9473 = FACE_BOUND('',#9474,.T.);
#9474 = EDGE_LOOP('',(#9475));
#9475 = ORIENTED_EDGE('',*,*,#9444,.T.);
#9476 = PLANE('',#9477);
#9477 = AXIS2_PLACEMENT_3D('',#9478,#9479,#9480);
#9478 = CARTESIAN_POINT('',(-2.611,1.,-2.611));
#9479 = DIRECTION('',(0.,1.,0.));
#9480 = DIRECTION('',(0.,0.,1.));
#9481 = ( GEOMETRIC_REPRESENTATION_CONTEXT(3) 
GLOBAL_UNCERTAINTY_ASSIGNED_CONTEXT((#9485)) 
GLOBAL_UNIT_ASSIGNED_CONTEXT((#9482,#9483,#9484)) REPRESENTATION_CONTEXT
('Context #1','3D Context with UNIT and UNCERTAINTY') );
#9482 = ( LENGTH_UNIT() NAMED_UNIT(*) SI_UNIT(.MILLI.,.METRE.) );
#9483 = ( NAMED_UNIT(*) PLANE_ANGLE_UNIT() SI_UNIT($,.RADIAN.) );
#9484 = ( NAMED_UNIT(*) SI_UNIT($,.STERADIAN.) SOLID_ANGLE_UNIT() );
#9485 = UNCERTAINTY_MEASURE_WITH_UNIT(LENGTH_MEASURE(1.E-07),#9482,
  'distance_accuracy_value','confusion accuracy');
#9486 = CONTEXT_DEPENDENT_SHAPE_REPRESENTATION(#9487,#9489);
#9487 = ( REPRESENTATION_RELATIONSHIP('','',#9427,#10) 
REPRESENTATION_RELATIONSHIP_WITH_TRANSFORMATION(#9488) 
SHAPE_REPRESENTATION_RELATIONSHIP() );
#9488 = ITEM_DEFINED_TRANSFORMATION('','',#11,#247);
#9489 = PRODUCT_DEFINITION_SHAPE('Placement','Placement of an item',
  #9490);
#9490 = NEXT_ASSEMBLY_USAGE_OCCURRENCE('9346','Body004_Solid1','',#5,
  #9422,$);
#9491 = PRODUCT_RELATED_PRODUCT_CATEGORY('part',$,(#9424));
#9492 = SHAPE_DEFINITION_REPRESENTATION(#8320,#9493);
#9493 = SHAPE_REPRESENTATION('',(#27),#8306);
#9494 = SHAPE_DEFINITION_REPRESENTATION(#8325,#9495);
#9495 = SHAPE_REPRESENTATION('',(#31),#8306);
#9496 = SHAPE_DEFINITION_REPRESENTATION(#8330,#9497);
#9497 = SHAPE_REPRESENTATION('',(#35),#8306);
#9498 = SHAPE_DEFINITION_REPRESENTATION(#8335,#9499);
#9499 = SHAPE_REPRESENTATION('',(#39),#8306);
#9500 = SHAPE_DEFINITION_REPRESENTATION(#8340,#9501);
#9501 = SHAPE_REPRESENTATION('',(#43),#8306);
#9502 = SHAPE_DEFINITION_REPRESENTATION(#8345,#9503);
#9503 = SHAPE_REPRESENTATION('',(#47),#8306);
#9504 = SHAPE_DEFINITION_REPRESENTATION(#8350,#9505);
#9505 = SHAPE_REPRESENTATION('',(#51),#8306);
#9506 = SHAPE_DEFINITION_REPRESENTATION(#8355,#9507);
#9507 = SHAPE_REPRESENTATION('',(#55),#8306);
#9508 = SHAPE_DEFINITION_REPRESENTATION(#8360,#9509);
#9509 = SHAPE_REPRESENTATION('',(#59),#8306);
#9510 = SHAPE_DEFINITION_REPRESENTATION(#8365,#9511);
#9511 = SHAPE_REPRESENTATION('',(#63),#8306);
#9512 = SHAPE_DEFINITION_REPRESENTATION(#8370,#9513);
#9513 = SHAPE_REPRESENTATION('',(#67),#8306);
#9514 = SHAPE_DEFINITION_REPRESENTATION(#8375,#9515);
#9515 = SHAPE_REPRESENTATION('',(#71),#8306);
#9516 = SHAPE_DEFINITION_REPRESENTATION(#8380,#9517);
#9517 = SHAPE_REPRESENTATION('',(#75),#8306);
#9518 = SHAPE_DEFINITION_REPRESENTATION(#8556,#9519);
#9519 = SHAPE_REPRESENTATION('',(#83),#8542);
#9520 = SHAPE_DEFINITION_REPRESENTATION(#8561,#9521);
#9521 = SHAPE_REPRESENTATION('',(#87),#8542);
#9522 = SHAPE_DEFINITION_REPRESENTATION(#8566,#9523);
#9523 = SHAPE_REPRESENTATION('',(#91),#8542);
#9524 = SHAPE_DEFINITION_REPRESENTATION(#8571,#9525);
#9525 = SHAPE_REPRESENTATION('',(#95),#8542);
#9526 = SHAPE_DEFINITION_REPRESENTATION(#8576,#9527);
#9527 = SHAPE_REPRESENTATION('',(#99),#8542);
#9528 = SHAPE_DEFINITION_REPRESENTATION(#8581,#9529);
#9529 = SHAPE_REPRESENTATION('',(#103),#8542);
#9530 = SHAPE_DEFINITION_REPRESENTATION(#8586,#9531);
#9531 = SHAPE_REPRESENTATION('',(#107),#8542);
#9532 = SHAPE_DEFINITION_REPRESENTATION(#8591,#9533);
#9533 = SHAPE_REPRESENTATION('',(#111),#8542);
#9534 = SHAPE_DEFINITION_REPRESENTATION(#8596,#9535);
#9535 = SHAPE_REPRESENTATION('',(#115),#8542);
#9536 = SHAPE_DEFINITION_REPRESENTATION(#8601,#9537);
#9537 = SHAPE_REPRESENTATION('',(#119),#8542);
#9538 = SHAPE_DEFINITION_REPRESENTATION(#8606,#9539);
#9539 = SHAPE_REPRESENTATION('',(#123),#8542);
#9540 = SHAPE_DEFINITION_REPRESENTATION(#8611,#9541);
#9541 = SHAPE_REPRESENTATION('',(#127),#8542);
#9542 = SHAPE_DEFINITION_REPRESENTATION(#8958,#9543);
#9543 = SHAPE_REPRESENTATION('',(#139),#8944);
#9544 = SHAPE_DEFINITION_REPRESENTATION(#8963,#9545);
#9545 = SHAPE_REPRESENTATION('',(#143),#8944);
#9546 = SHAPE_DEFINITION_REPRESENTATION(#8968,#9547);
#9547 = SHAPE_REPRESENTATION('',(#147),#8944);
#9548 = SHAPE_DEFINITION_REPRESENTATION(#8973,#9549);
#9549 = SHAPE_REPRESENTATION('',(#151),#8944);
#9550 = SHAPE_DEFINITION_REPRESENTATION(#8978,#9551);
#9551 = SHAPE_REPRESENTATION('',(#155),#8944);
#9552 = SHAPE_DEFINITION_REPRESENTATION(#8983,#9553);
#9553 = SHAPE_REPRESENTATION('',(#159),#8944);
#9554 = SHAPE_DEFINITION_REPRESENTATION(#8988,#9555);
#9555 = SHAPE_REPRESENTATION('',(#163),#8944);
#9556 = SHAPE_DEFINITION_REPRESENTATION(#8993,#9557);
#9557 = SHAPE_REPRESENTATION('',(#167),#8944);
#9558 = SHAPE_DEFINITION_REPRESENTATION(#8998,#9559);
#9559 = SHAPE_REPRESENTATION('',(#171),#8944);
#9560 = SHAPE_DEFINITION_REPRESENTATION(#9003,#9561);
#9561 = SHAPE_REPRESENTATION('',(#175),#8944);
#9562 = SHAPE_DEFINITION_REPRESENTATION(#9008,#9563);
#9563 = SHAPE_REPRESENTATION('',(#179),#8944);
#9564 = SHAPE_DEFINITION_REPRESENTATION(#9013,#9565);
#9565 = SHAPE_REPRESENTATION('',(#183),#8944);
#9566 = SHAPE_DEFINITION_REPRESENTATION(#9018,#9567);
#9567 = SHAPE_REPRESENTATION('',(#187),#8944);
#9568 = SHAPE_DEFINITION_REPRESENTATION(#9194,#9569);
#9569 = SHAPE_REPRESENTATION('',(#195),#9180);
#9570 = SHAPE_DEFINITION_REPRESENTATION(#9199,#9571);
#9571 = SHAPE_REPRESENTATION('',(#199),#9180);
#9572 = SHAPE_DEFINITION_REPRESENTATION(#9204,#9573);
#9573 = SHAPE_REPRESENTATION('',(#203),#9180);
#9574 = SHAPE_DEFINITION_REPRESENTATION(#9209,#9575);
#9575 = SHAPE_REPRESENTATION('',(#207),#9180);
#9576 = SHAPE_DEFINITION_REPRESENTATION(#9214,#9577);
#9577 = SHAPE_REPRESENTATION('',(#211),#9180);
#9578 = SHAPE_DEFINITION_REPRESENTATION(#9219,#9579);
#9579 = SHAPE_REPRESENTATION('',(#215),#9180);
#9580 = SHAPE_DEFINITION_REPRESENTATION(#9224,#9581);
#9581 = SHAPE_REPRESENTATION('',(#219),#9180);
#9582 = SHAPE_DEFINITION_REPRESENTATION(#9229,#9583);
#9583 = SHAPE_REPRESENTATION('',(#223),#9180);
#9584 = SHAPE_DEFINITION_REPRESENTATION(#9234,#9585);
#9585 = SHAPE_REPRESENTATION('',(#227),#9180);
#9586 = SHAPE_DEFINITION_REPRESENTATION(#9239,#9587);
#9587 = SHAPE_REPRESENTATION('',(#231),#9180);
#9588 = SHAPE_DEFINITION_REPRESENTATION(#9244,#9589);
#9589 = SHAPE_REPRESENTATION('',(#235),#9180);
#9590 = SHAPE_DEFINITION_REPRESENTATION(#9249,#9591);
#9591 = SHAPE_REPRESENTATION('',(#239),#9180);
#9592 = SHAPE_DEFINITION_REPRESENTATION(#8320,#9593);
#9593 = SHAPE_REPRESENTATION('',(#27),#8306);
#9594 = SHAPE_DEFINITION_REPRESENTATION(#8325,#9595);
#9595 = SHAPE_REPRESENTATION('',(#31),#8306);
#9596 = SHAPE_DEFINITION_REPRESENTATION(#8330,#9597);
#9597 = SHAPE_REPRESENTATION('',(#35),#8306);
#9598 = SHAPE_DEFINITION_REPRESENTATION(#8335,#9599);
#9599 = SHAPE_REPRESENTATION('',(#39),#8306);
#9600 = SHAPE_DEFINITION_REPRESENTATION(#8340,#9601);
#9601 = SHAPE_REPRESENTATION('',(#43),#8306);
#9602 = SHAPE_DEFINITION_REPRESENTATION(#8345,#9603);
#9603 = SHAPE_REPRESENTATION('',(#47),#8306);
#9604 = SHAPE_DEFINITION_REPRESENTATION(#8350,#9605);
#9605 = SHAPE_REPRESENTATION('',(#51),#8306);
#9606 = SHAPE_DEFINITION_REPRESENTATION(#8355,#9607);
#9607 = SHAPE_REPRESENTATION('',(#55),#8306);
#9608 = SHAPE_DEFINITION_REPRESENTATION(#8360,#9609);
#9609 = SHAPE_REPRESENTATION('',(#59),#8306);
#9610 = SHAPE_DEFINITION_REPRESENTATION(#8365,#9611);
#9611 = SHAPE_REPRESENTATION('',(#63),#8306);
#9612 = SHAPE_DEFINITION_REPRESENTATION(#8370,#9613);
#9613 = SHAPE_REPRESENTATION('',(#67),#8306);
#9614 = SHAPE_DEFINITION_REPRESENTATION(#8375,#9615);
#9615 = SHAPE_REPRESENTATION('',(#71),#8306);
#9616 = SHAPE_DEFINITION_REPRESENTATION(#8380,#9617);
#9617 = SHAPE_REPRESENTATION('',(#75),#8306);
#9618 = SHAPE_DEFINITION_REPRESENTATION(#8556,#9619);
#9619 = SHAPE_REPRESENTATION('',(#83),#8542);
#9620 = SHAPE_DEFINITION_REPRESENTATION(#8561,#9621);
#9621 = SHAPE_REPRESENTATION('',(#87),#8542);
#9622 = SHAPE_DEFINITION_REPRESENTATION(#8566,#9623);
#9623 = SHAPE_REPRESENTATION('',(#91),#8542);
#9624 = SHAPE_DEFINITION_REPRESENTATION(#8571,#9625);
#9625 = SHAPE_REPRESENTATION('',(#95),#8542);
#9626 = SHAPE_DEFINITION_REPRESENTATION(#8576,#9627);
#9627 = SHAPE_REPRESENTATION('',(#99),#8542);
#9628 = SHAPE_DEFINITION_REPRESENTATION(#8581,#9629);
#9629 = SHAPE_REPRESENTATION('',(#103),#8542);
#9630 = SHAPE_DEFINITION_REPRESENTATION(#8586,#9631);
#9631 = SHAPE_REPRESENTATION('',(#107),#8542);
#9632 = SHAPE_DEFINITION_REPRESENTATION(#8591,#9633);
#9633 = SHAPE_REPRESENTATION('',(#111),#8542);
#9634 = SHAPE_DEFINITION_REPRESENTATION(#8596,#9635);
#9635 = SHAPE_REPRESENTATION('',(#115),#8542);
#9636 = SHAPE_DEFINITION_REPRESENTATION(#8601,#9637);
#9637 = SHAPE_REPRESENTATION('',(#119),#8542);
#9638 = SHAPE_DEFINITION_REPRESENTATION(#8606,#9639);
#9639 = SHAPE_REPRESENTATION('',(#123),#8542);
#9640 = SHAPE_DEFINITION_REPRESENTATION(#8611,#9641);
#9641 = SHAPE_REPRESENTATION('',(#127),#8542);
#9642 = SHAPE_DEFINITION_REPRESENTATION(#8958,#9643);
#9643 = SHAPE_REPRESENTATION('',(#139),#8944);
#9644 = SHAPE_DEFINITION_REPRESENTATION(#8963,#9645);
#9645 = SHAPE_REPRESENTATION('',(#143),#8944);
#9646 = SHAPE_DEFINITION_REPRESENTATION(#8968,#9647);
#9647 = SHAPE_REPRESENTATION('',(#147),#8944);
#9648 = SHAPE_DEFINITION_REPRESENTATION(#8973,#9649);
#9649 = SHAPE_REPRESENTATION('',(#151),#8944);
#9650 = SHAPE_DEFINITION_REPRESENTATION(#8978,#9651);
#9651 = SHAPE_REPRESENTATION('',(#155),#8944);
#9652 = SHAPE_DEFINITION_REPRESENTATION(#8983,#9653);
#9653 = SHAPE_REPRESENTATION('',(#159),#8944);
#9654 = SHAPE_DEFINITION_REPRESENTATION(#8988,#9655);
#9655 = SHAPE_REPRESENTATION('',(#163),#8944);
#9656 = SHAPE_DEFINITION_REPRESENTATION(#8993,#9657);
#9657 = SHAPE_REPRESENTATION('',(#167),#8944);
#9658 = SHAPE_DEFINITION_REPRESENTATION(#8998,#9659);
#9659 = SHAPE_REPRESENTATION('',(#171),#8944);
#9660 = SHAPE_DEFINITION_REPRESENTATION(#9003,#9661);
#9661 = SHAPE_REPRESENTATION('',(#175),#8944);
#9662 = SHAPE_DEFINITION_REPRESENTATION(#9008,#9663);
#9663 = SHAPE_REPRESENTATION('',(#179),#8944);
#9664 = SHAPE_DEFINITION_REPRESENTATION(#9013,#9665);
#9665 = SHAPE_REPRESENTATION('',(#183),#8944);
#9666 = SHAPE_DEFINITION_REPRESENTATION(#9018,#9667);
#9667 = SHAPE_REPRESENTATION('',(#187),#8944);
#9668 = SHAPE_DEFINITION_REPRESENTATION(#9194,#9669);
#9669 = SHAPE_REPRESENTATION('',(#195),#9180);
#9670 = SHAPE_DEFINITION_REPRESENTATION(#9199,#9671);
#9671 = SHAPE_REPRESENTATION('',(#199),#9180);
#9672 = SHAPE_DEFINITION_REPRESENTATION(#9204,#9673);
#9673 = SHAPE_REPRESENTATION('',(#203),#9180);
#9674 = SHAPE_DEFINITION_REPRESENTATION(#9209,#9675);
#9675 = SHAPE_REPRESENTATION('',(#207),#9180);
#9676 = SHAPE_DEFINITION_REPRESENTATION(#9214,#9677);
#9677 = SHAPE_REPRESENTATION('',(#211),#9180);
#9678 = SHAPE_DEFINITION_REPRESENTATION(#9219,#9679);
#9679 = SHAPE_REPRESENTATION('',(#215),#9180);
#9680 = SHAPE_DEFINITION_REPRESENTATION(#9224,#9681);
#9681 = SHAPE_REPRESENTATION('',(#219),#9180);
#9682 = SHAPE_DEFINITION_REPRESENTATION(#9229,#9683);
#9683 = SHAPE_REPRESENTATION('',(#223),#9180);
#9684 = SHAPE_DEFINITION_REPRESENTATION(#9234,#9685);
#9685 = SHAPE_REPRESENTATION('',(#227),#9180);
#9686 = SHAPE_DEFINITION_REPRESENTATION(#9239,#9687);
#9687 = SHAPE_REPRESENTATION('',(#231),#9180);
#9688 = SHAPE_DEFINITION_REPRESENTATION(#9244,#9689);
#9689 = SHAPE_REPRESENTATION('',(#235),#9180);
#9690 = SHAPE_DEFINITION_REPRESENTATION(#9249,#9691);
#9691 = SHAPE_REPRESENTATION('',(#239),#9180);
#9692 = MECHANICAL_DESIGN_GEOMETRIC_PRESENTATION_REPRESENTATION('',(
    #9693,#9704,#9713,#9722,#9731,#9740,#9749,#9758,#9767,#9776,#9785,
    #9794,#9803,#9812,#9821,#9832,#9841,#9850,#9859,#9868,#9877,#9886,
    #9895,#9904,#9913,#9922,#9931),#8944);
#9693 = STYLED_ITEM('color',(#9694),#8792);
#9694 = PRESENTATION_STYLE_ASSIGNMENT((#9695,#9701));
#9695 = SURFACE_STYLE_USAGE(.BOTH.,#9696);
#9696 = SURFACE_SIDE_STYLE('',(#9697));
#9697 = SURFACE_STYLE_FILL_AREA(#9698);
#9698 = FILL_AREA_STYLE('',(#9699));
#9699 = FILL_AREA_STYLE_COLOUR('',#9700);
#9700 = COLOUR_RGB('',0.796078452645,0.823529417451,0.937254901616);
#9701 = CURVE_STYLE('',#9702,POSITIVE_LENGTH_MEASURE(0.1),#9703);
#9702 = DRAUGHTING_PRE_DEFINED_CURVE_FONT('continuous');
#9703 = COLOUR_RGB('',9.803921802644E-02,9.803921802644E-02,
  9.803921802644E-02);
#9704 = OVER_RIDING_STYLED_ITEM('overriding color',(#9705),#8792,#9693);
#9705 = PRESENTATION_STYLE_BY_CONTEXT((#9706,#9711),#9543);
#9706 = SURFACE_STYLE_USAGE(.BOTH.,#9707);
#9707 = SURFACE_SIDE_STYLE('',(#9708));
#9708 = SURFACE_STYLE_FILL_AREA(#9709);
#9709 = FILL_AREA_STYLE('',(#9710));
#9710 = FILL_AREA_STYLE_COLOUR('',#9700);
#9711 = CURVE_STYLE('',#9712,POSITIVE_LENGTH_MEASURE(0.1),#9703);
#9712 = DRAUGHTING_PRE_DEFINED_CURVE_FONT('continuous');
#9713 = OVER_RIDING_STYLED_ITEM('overriding color',(#9714),#8792,#9693);
#9714 = PRESENTATION_STYLE_BY_CONTEXT((#9715,#9720),#9545);
#9715 = SURFACE_STYLE_USAGE(.BOTH.,#9716);
#9716 = SURFACE_SIDE_STYLE('',(#9717));
#9717 = SURFACE_STYLE_FILL_AREA(#9718);
#9718 = FILL_AREA_STYLE('',(#9719));
#9719 = FILL_AREA_STYLE_COLOUR('',#9700);
#9720 = CURVE_STYLE('',#9721,POSITIVE_LENGTH_MEASURE(0.1),#9703);
#9721 = DRAUGHTING_PRE_DEFINED_CURVE_FONT('continuous');
#9722 = OVER_RIDING_STYLED_ITEM('overriding color',(#9723),#8792,#9693);
#9723 = PRESENTATION_STYLE_BY_CONTEXT((#9724,#9729),#9547);
#9724 = SURFACE_STYLE_USAGE(.BOTH.,#9725);
#9725 = SURFACE_SIDE_STYLE('',(#9726));
#9726 = SURFACE_STYLE_FILL_AREA(#9727);
#9727 = FILL_AREA_STYLE('',(#9728));
#9728 = FILL_AREA_STYLE_COLOUR('',#9700);
#9729 = CURVE_STYLE('',#9730,POSITIVE_LENGTH_MEASURE(0.1),#9703);
#9730 = DRAUGHTING_PRE_DEFINED_CURVE_FONT('continuous');
#9731 = OVER_RIDING_STYLED_ITEM('overriding color',(#9732),#8792,#9693);
#9732 = PRESENTATION_STYLE_BY_CONTEXT((#9733,#9738),#9549);
#9733 = SURFACE_STYLE_USAGE(.BOTH.,#9734);
#9734 = SURFACE_SIDE_STYLE('',(#9735));
#9735 = SURFACE_STYLE_FILL_AREA(#9736);
#9736 = FILL_AREA_STYLE('',(#9737));
#9737 = FILL_AREA_STYLE_COLOUR('',#9700);
#9738 = CURVE_STYLE('',#9739,POSITIVE_LENGTH_MEASURE(0.1),#9703);
#9739 = DRAUGHTING_PRE_DEFINED_CURVE_FONT('continuous');
#9740 = OVER_RIDING_STYLED_ITEM('overriding color',(#9741),#8792,#9693);
#9741 = PRESENTATION_STYLE_BY_CONTEXT((#9742,#9747),#9551);
#9742 = SURFACE_STYLE_USAGE(.BOTH.,#9743);
#9743 = SURFACE_SIDE_STYLE('',(#9744));
#9744 = SURFACE_STYLE_FILL_AREA(#9745);
#9745 = FILL_AREA_STYLE('',(#9746));
#9746 = FILL_AREA_STYLE_COLOUR('',#9700);
#9747 = CURVE_STYLE('',#9748,POSITIVE_LENGTH_MEASURE(0.1),#9703);
#9748 = DRAUGHTING_PRE_DEFINED_CURVE_FONT('continuous');
#9749 = OVER_RIDING_STYLED_ITEM('overriding color',(#9750),#8792,#9693);
#9750 = PRESENTATION_STYLE_BY_CONTEXT((#9751,#9756),#9553);
#9751 = SURFACE_STYLE_USAGE(.BOTH.,#9752);
#9752 = SURFACE_SIDE_STYLE('',(#9753));
#9753 = SURFACE_STYLE_FILL_AREA(#9754);
#9754 = FILL_AREA_STYLE('',(#9755));
#9755 = FILL_AREA_STYLE_COLOUR('',#9700);
#9756 = CURVE_STYLE('',#9757,POSITIVE_LENGTH_MEASURE(0.1),#9703);
#9757 = DRAUGHTING_PRE_DEFINED_CURVE_FONT('continuous');
#9758 = OVER_RIDING_STYLED_ITEM('overriding color',(#9759),#8792,#9693);
#9759 = PRESENTATION_STYLE_BY_CONTEXT((#9760,#9765),#9555);
#9760 = SURFACE_STYLE_USAGE(.BOTH.,#9761);
#9761 = SURFACE_SIDE_STYLE('',(#9762));
#9762 = SURFACE_STYLE_FILL_AREA(#9763);
#9763 = FILL_AREA_STYLE('',(#9764));
#9764 = FILL_AREA_STYLE_COLOUR('',#9700);
#9765 = CURVE_STYLE('',#9766,POSITIVE_LENGTH_MEASURE(0.1),#9703);
#9766 = DRAUGHTING_PRE_DEFINED_CURVE_FONT('continuous');
#9767 = OVER_RIDING_STYLED_ITEM('overriding color',(#9768),#8792,#9693);
#9768 = PRESENTATION_STYLE_BY_CONTEXT((#9769,#9774),#9557);
#9769 = SURFACE_STYLE_USAGE(.BOTH.,#9770);
#9770 = SURFACE_SIDE_STYLE('',(#9771));
#9771 = SURFACE_STYLE_FILL_AREA(#9772);
#9772 = FILL_AREA_STYLE('',(#9773));
#9773 = FILL_AREA_STYLE_COLOUR('',#9700);
#9774 = CURVE_STYLE('',#9775,POSITIVE_LENGTH_MEASURE(0.1),#9703);
#9775 = DRAUGHTING_PRE_DEFINED_CURVE_FONT('continuous');
#9776 = OVER_RIDING_STYLED_ITEM('overriding color',(#9777),#8792,#9693);
#9777 = PRESENTATION_STYLE_BY_CONTEXT((#9778,#9783),#9559);
#9778 = SURFACE_STYLE_USAGE(.BOTH.,#9779);
#9779 = SURFACE_SIDE_STYLE('',(#9780));
#9780 = SURFACE_STYLE_FILL_AREA(#9781);
#9781 = FILL_AREA_STYLE('',(#9782));
#9782 = FILL_AREA_STYLE_COLOUR('',#9700);
#9783 = CURVE_STYLE('',#9784,POSITIVE_LENGTH_MEASURE(0.1),#9703);
#9784 = DRAUGHTING_PRE_DEFINED_CURVE_FONT('continuous');
#9785 = OVER_RIDING_STYLED_ITEM('overriding color',(#9786),#8792,#9693);
#9786 = PRESENTATION_STYLE_BY_CONTEXT((#9787,#9792),#9561);
#9787 = SURFACE_STYLE_USAGE(.BOTH.,#9788);
#9788 = SURFACE_SIDE_STYLE('',(#9789));
#9789 = SURFACE_STYLE_FILL_AREA(#9790);
#9790 = FILL_AREA_STYLE('',(#9791));
#9791 = FILL_AREA_STYLE_COLOUR('',#9700);
#9792 = CURVE_STYLE('',#9793,POSITIVE_LENGTH_MEASURE(0.1),#9703);
#9793 = DRAUGHTING_PRE_DEFINED_CURVE_FONT('continuous');
#9794 = OVER_RIDING_STYLED_ITEM('overriding color',(#9795),#8792,#9693);
#9795 = PRESENTATION_STYLE_BY_CONTEXT((#9796,#9801),#9563);
#9796 = SURFACE_STYLE_USAGE(.BOTH.,#9797);
#9797 = SURFACE_SIDE_STYLE('',(#9798));
#9798 = SURFACE_STYLE_FILL_AREA(#9799);
#9799 = FILL_AREA_STYLE('',(#9800));
#9800 = FILL_AREA_STYLE_COLOUR('',#9700);
#9801 = CURVE_STYLE('',#9802,POSITIVE_LENGTH_MEASURE(0.1),#9703);
#9802 = DRAUGHTING_PRE_DEFINED_CURVE_FONT('continuous');
#9803 = OVER_RIDING_STYLED_ITEM('overriding color',(#9804),#8792,#9693);
#9804 = PRESENTATION_STYLE_BY_CONTEXT((#9805,#9810),#9565);
#9805 = SURFACE_STYLE_USAGE(.BOTH.,#9806);
#9806 = SURFACE_SIDE_STYLE('',(#9807));
#9807 = SURFACE_STYLE_FILL_AREA(#9808);
#9808 = FILL_AREA_STYLE('',(#9809));
#9809 = FILL_AREA_STYLE_COLOUR('',#9700);
#9810 = CURVE_STYLE('',#9811,POSITIVE_LENGTH_MEASURE(0.1),#9703);
#9811 = DRAUGHTING_PRE_DEFINED_CURVE_FONT('continuous');
#9812 = OVER_RIDING_STYLED_ITEM('overriding color',(#9813),#8792,#9693);
#9813 = PRESENTATION_STYLE_BY_CONTEXT((#9814,#9819),#9567);
#9814 = SURFACE_STYLE_USAGE(.BOTH.,#9815);
#9815 = SURFACE_SIDE_STYLE('',(#9816));
#9816 = SURFACE_STYLE_FILL_AREA(#9817);
#9817 = FILL_AREA_STYLE('',(#9818));
#9818 = FILL_AREA_STYLE_COLOUR('',#9700);
#9819 = CURVE_STYLE('',#9820,POSITIVE_LENGTH_MEASURE(0.1),#9703);
#9820 = DRAUGHTING_PRE_DEFINED_CURVE_FONT('continuous');
#9821 = OVER_RIDING_STYLED_ITEM('overriding color',(#9822),#8792,#9693);
#9822 = PRESENTATION_STYLE_BY_CONTEXT((#9823,#9829),#9643);
#9823 = SURFACE_STYLE_USAGE(.BOTH.,#9824);
#9824 = SURFACE_SIDE_STYLE('',(#9825));
#9825 = SURFACE_STYLE_FILL_AREA(#9826);
#9826 = FILL_AREA_STYLE('',(#9827));
#9827 = FILL_AREA_STYLE_COLOUR('',#9828);
#9828 = COLOUR_RGB('',0.796078452645,0.823529417451,0.937254901616);
#9829 = CURVE_STYLE('',#9830,POSITIVE_LENGTH_MEASURE(0.1),#9831);
#9830 = DRAUGHTING_PRE_DEFINED_CURVE_FONT('continuous');
#9831 = COLOUR_RGB('',9.803921802644E-02,9.803921802644E-02,
  9.803921802644E-02);
#9832 = OVER_RIDING_STYLED_ITEM('overriding color',(#9833),#8792,#9693);
#9833 = PRESENTATION_STYLE_BY_CONTEXT((#9834,#9839),#9645);
#9834 = SURFACE_STYLE_USAGE(.BOTH.,#9835);
#9835 = SURFACE_SIDE_STYLE('',(#9836));
#9836 = SURFACE_STYLE_FILL_AREA(#9837);
#9837 = FILL_AREA_STYLE('',(#9838));
#9838 = FILL_AREA_STYLE_COLOUR('',#9828);
#9839 = CURVE_STYLE('',#9840,POSITIVE_LENGTH_MEASURE(0.1),#9831);
#9840 = DRAUGHTING_PRE_DEFINED_CURVE_FONT('continuous');
#9841 = OVER_RIDING_STYLED_ITEM('overriding color',(#9842),#8792,#9693);
#9842 = PRESENTATION_STYLE_BY_CONTEXT((#9843,#9848),#9647);
#9843 = SURFACE_STYLE_USAGE(.BOTH.,#9844);
#9844 = SURFACE_SIDE_STYLE('',(#9845));
#9845 = SURFACE_STYLE_FILL_AREA(#9846);
#9846 = FILL_AREA_STYLE('',(#9847));
#9847 = FILL_AREA_STYLE_COLOUR('',#9828);
#9848 = CURVE_STYLE('',#9849,POSITIVE_LENGTH_MEASURE(0.1),#9831);
#9849 = DRAUGHTING_PRE_DEFINED_CURVE_FONT('continuous');
#9850 = OVER_RIDING_STYLED_ITEM('overriding color',(#9851),#8792,#9693);
#9851 = PRESENTATION_STYLE_BY_CONTEXT((#9852,#9857),#9649);
#9852 = SURFACE_STYLE_USAGE(.BOTH.,#9853);
#9853 = SURFACE_SIDE_STYLE('',(#9854));
#9854 = SURFACE_STYLE_FILL_AREA(#9855);
#9855 = FILL_AREA_STYLE('',(#9856));
#9856 = FILL_AREA_STYLE_COLOUR('',#9828);
#9857 = CURVE_STYLE('',#9858,POSITIVE_LENGTH_MEASURE(0.1),#9831);
#9858 = DRAUGHTING_PRE_DEFINED_CURVE_FONT('continuous');
#9859 = OVER_RIDING_STYLED_ITEM('overriding color',(#9860),#8792,#9693);
#9860 = PRESENTATION_STYLE_BY_CONTEXT((#9861,#9866),#9651);
#9861 = SURFACE_STYLE_USAGE(.BOTH.,#9862);
#9862 = SURFACE_SIDE_STYLE('',(#9863));
#9863 = SURFACE_STYLE_FILL_AREA(#9864);
#9864 = FILL_AREA_STYLE('',(#9865));
#9865 = FILL_AREA_STYLE_COLOUR('',#9828);
#9866 = CURVE_STYLE('',#9867,POSITIVE_LENGTH_MEASURE(0.1),#9831);
#9867 = DRAUGHTING_PRE_DEFINED_CURVE_FONT('continuous');
#9868 = OVER_RIDING_STYLED_ITEM('overriding color',(#9869),#8792,#9693);
#9869 = PRESENTATION_STYLE_BY_CONTEXT((#9870,#9875),#9653);
#9870 = SURFACE_STYLE_USAGE(.BOTH.,#9871);
#9871 = SURFACE_SIDE_STYLE('',(#9872));
#9872 = SURFACE_STYLE_FILL_AREA(#9873);
#9873 = FILL_AREA_STYLE('',(#9874));
#9874 = FILL_AREA_STYLE_COLOUR('',#9828);
#9875 = CURVE_STYLE('',#9876,POSITIVE_LENGTH_MEASURE(0.1),#9831);
#9876 = DRAUGHTING_PRE_DEFINED_CURVE_FONT('continuous');
#9877 = OVER_RIDING_STYLED_ITEM('overriding color',(#9878),#8792,#9693);
#9878 = PRESENTATION_STYLE_BY_CONTEXT((#9879,#9884),#9655);
#9879 = SURFACE_STYLE_USAGE(.BOTH.,#9880);
#9880 = SURFACE_SIDE_STYLE('',(#9881));
#9881 = SURFACE_STYLE_FILL_AREA(#9882);
#9882 = FILL_AREA_STYLE('',(#9883));
#9883 = FILL_AREA_STYLE_COLOUR('',#9828);
#9884 = CURVE_STYLE('',#9885,POSITIVE_LENGTH_MEASURE(0.1),#9831);
#9885 = DRAUGHTING_PRE_DEFINED_CURVE_FONT('continuous');
#9886 = OVER_RIDING_STYLED_ITEM('overriding color',(#9887),#8792,#9693);
#9887 = PRESENTATION_STYLE_BY_CONTEXT((#9888,#9893),#9657);
#9888 = SURFACE_STYLE_USAGE(.BOTH.,#9889);
#9889 = SURFACE_SIDE_STYLE('',(#9890));
#9890 = SURFACE_STYLE_FILL_AREA(#9891);
#9891 = FILL_AREA_STYLE('',(#9892));
#9892 = FILL_AREA_STYLE_COLOUR('',#9828);
#9893 = CURVE_STYLE('',#9894,POSITIVE_LENGTH_MEASURE(0.1),#9831);
#9894 = DRAUGHTING_PRE_DEFINED_CURVE_FONT('continuous');
#9895 = OVER_RIDING_STYLED_ITEM('overriding color',(#9896),#8792,#9693);
#9896 = PRESENTATION_STYLE_BY_CONTEXT((#9897,#9902),#9659);
#9897 = SURFACE_STYLE_USAGE(.BOTH.,#9898);
#9898 = SURFACE_SIDE_STYLE('',(#9899));
#9899 = SURFACE_STYLE_FILL_AREA(#9900);
#9900 = FILL_AREA_STYLE('',(#9901));
#9901 = FILL_AREA_STYLE_COLOUR('',#9828);
#9902 = CURVE_STYLE('',#9903,POSITIVE_LENGTH_MEASURE(0.1),#9831);
#9903 = DRAUGHTING_PRE_DEFINED_CURVE_FONT('continuous');
#9904 = OVER_RIDING_STYLED_ITEM('overriding color',(#9905),#8792,#9693);
#9905 = PRESENTATION_STYLE_BY_CONTEXT((#9906,#9911),#9661);
#9906 = SURFACE_STYLE_USAGE(.BOTH.,#9907);
#9907 = SURFACE_SIDE_STYLE('',(#9908));
#9908 = SURFACE_STYLE_FILL_AREA(#9909);
#9909 = FILL_AREA_STYLE('',(#9910));
#9910 = FILL_AREA_STYLE_COLOUR('',#9828);
#9911 = CURVE_STYLE('',#9912,POSITIVE_LENGTH_MEASURE(0.1),#9831);
#9912 = DRAUGHTING_PRE_DEFINED_CURVE_FONT('continuous');
#9913 = OVER_RIDING_STYLED_ITEM('overriding color',(#9914),#8792,#9693);
#9914 = PRESENTATION_STYLE_BY_CONTEXT((#9915,#9920),#9663);
#9915 = SURFACE_STYLE_USAGE(.BOTH.,#9916);
#9916 = SURFACE_SIDE_STYLE('',(#9917));
#9917 = SURFACE_STYLE_FILL_AREA(#9918);
#9918 = FILL_AREA_STYLE('',(#9919));
#9919 = FILL_AREA_STYLE_COLOUR('',#9828);
#9920 = CURVE_STYLE('',#9921,POSITIVE_LENGTH_MEASURE(0.1),#9831);
#9921 = DRAUGHTING_PRE_DEFINED_CURVE_FONT('continuous');
#9922 = OVER_RIDING_STYLED_ITEM('overriding color',(#9923),#8792,#9693);
#9923 = PRESENTATION_STYLE_BY_CONTEXT((#9924,#9929),#9665);
#9924 = SURFACE_STYLE_USAGE(.BOTH.,#9925);
#9925 = SURFACE_SIDE_STYLE('',(#9926));
#9926 = SURFACE_STYLE_FILL_AREA(#9927);
#9927 = FILL_AREA_STYLE('',(#9928));
#9928 = FILL_AREA_STYLE_COLOUR('',#9828);
#9929 = CURVE_STYLE('',#9930,POSITIVE_LENGTH_MEASURE(0.1),#9831);
#9930 = DRAUGHTING_PRE_DEFINED_CURVE_FONT('continuous');
#9931 = OVER_RIDING_STYLED_ITEM('overriding color',(#9932),#8792,#9693);
#9932 = PRESENTATION_STYLE_BY_CONTEXT((#9933,#9938),#9667);
#9933 = SURFACE_STYLE_USAGE(.BOTH.,#9934);
#9934 = SURFACE_SIDE_STYLE('',(#9935));
#9935 = SURFACE_STYLE_FILL_AREA(#9936);
#9936 = FILL_AREA_STYLE('',(#9937));
#9937 = FILL_AREA_STYLE_COLOUR('',#9828);
#9938 = CURVE_STYLE('',#9939,POSITIVE_LENGTH_MEASURE(0.1),#9831);
#9939 = DRAUGHTING_PRE_DEFINED_CURVE_FONT('continuous');
#9940 = MECHANICAL_DESIGN_GEOMETRIC_PRESENTATION_REPRESENTATION('',(
    #9941,#9950,#9959,#9968,#9977,#9986,#9995,#10004,#10013,#10022,
    #10031,#10040,#10049,#10058,#10067,#10076,#10085,#10094,#10103,
    #10112,#10121,#10130,#10139,#10148,#10157),#8542);
#9941 = STYLED_ITEM('color',(#9942),#8390);
#9942 = PRESENTATION_STYLE_ASSIGNMENT((#9943,#9948));
#9943 = SURFACE_STYLE_USAGE(.BOTH.,#9944);
#9944 = SURFACE_SIDE_STYLE('',(#9945));
#9945 = SURFACE_STYLE_FILL_AREA(#9946);
#9946 = FILL_AREA_STYLE('',(#9947));
#9947 = FILL_AREA_STYLE_COLOUR('',#9700);
#9948 = CURVE_STYLE('',#9949,POSITIVE_LENGTH_MEASURE(0.1),#9703);
#9949 = DRAUGHTING_PRE_DEFINED_CURVE_FONT('continuous');
#9950 = OVER_RIDING_STYLED_ITEM('overriding color',(#9951),#8390,#9941);
#9951 = PRESENTATION_STYLE_BY_CONTEXT((#9952,#9957),#9519);
#9952 = SURFACE_STYLE_USAGE(.BOTH.,#9953);
#9953 = SURFACE_SIDE_STYLE('',(#9954));
#9954 = SURFACE_STYLE_FILL_AREA(#9955);
#9955 = FILL_AREA_STYLE('',(#9956));
#9956 = FILL_AREA_STYLE_COLOUR('',#9700);
#9957 = CURVE_STYLE('',#9958,POSITIVE_LENGTH_MEASURE(0.1),#9703);
#9958 = DRAUGHTING_PRE_DEFINED_CURVE_FONT('continuous');
#9959 = OVER_RIDING_STYLED_ITEM('overriding color',(#9960),#8390,#9941);
#9960 = PRESENTATION_STYLE_BY_CONTEXT((#9961,#9966),#9521);
#9961 = SURFACE_STYLE_USAGE(.BOTH.,#9962);
#9962 = SURFACE_SIDE_STYLE('',(#9963));
#9963 = SURFACE_STYLE_FILL_AREA(#9964);
#9964 = FILL_AREA_STYLE('',(#9965));
#9965 = FILL_AREA_STYLE_COLOUR('',#9700);
#9966 = CURVE_STYLE('',#9967,POSITIVE_LENGTH_MEASURE(0.1),#9703);
#9967 = DRAUGHTING_PRE_DEFINED_CURVE_FONT('continuous');
#9968 = OVER_RIDING_STYLED_ITEM('overriding color',(#9969),#8390,#9941);
#9969 = PRESENTATION_STYLE_BY_CONTEXT((#9970,#9975),#9523);
#9970 = SURFACE_STYLE_USAGE(.BOTH.,#9971);
#9971 = SURFACE_SIDE_STYLE('',(#9972));
#9972 = SURFACE_STYLE_FILL_AREA(#9973);
#9973 = FILL_AREA_STYLE('',(#9974));
#9974 = FILL_AREA_STYLE_COLOUR('',#9700);
#9975 = CURVE_STYLE('',#9976,POSITIVE_LENGTH_MEASURE(0.1),#9703);
#9976 = DRAUGHTING_PRE_DEFINED_CURVE_FONT('continuous');
#9977 = OVER_RIDING_STYLED_ITEM('overriding color',(#9978),#8390,#9941);
#9978 = PRESENTATION_STYLE_BY_CONTEXT((#9979,#9984),#9525);
#9979 = SURFACE_STYLE_USAGE(.BOTH.,#9980);
#9980 = SURFACE_SIDE_STYLE('',(#9981));
#9981 = SURFACE_STYLE_FILL_AREA(#9982);
#9982 = FILL_AREA_STYLE('',(#9983));
#9983 = FILL_AREA_STYLE_COLOUR('',#9700);
#9984 = CURVE_STYLE('',#9985,POSITIVE_LENGTH_MEASURE(0.1),#9703);
#9985 = DRAUGHTING_PRE_DEFINED_CURVE_FONT('continuous');
#9986 = OVER_RIDING_STYLED_ITEM('overriding color',(#9987),#8390,#9941);
#9987 = PRESENTATION_STYLE_BY_CONTEXT((#9988,#9993),#9527);
#9988 = SURFACE_STYLE_USAGE(.BOTH.,#9989);
#9989 = SURFACE_SIDE_STYLE('',(#9990));
#9990 = SURFACE_STYLE_FILL_AREA(#9991);
#9991 = FILL_AREA_STYLE('',(#9992));
#9992 = FILL_AREA_STYLE_COLOUR('',#9700);
#9993 = CURVE_STYLE('',#9994,POSITIVE_LENGTH_MEASURE(0.1),#9703);
#9994 = DRAUGHTING_PRE_DEFINED_CURVE_FONT('continuous');
#9995 = OVER_RIDING_STYLED_ITEM('overriding color',(#9996),#8390,#9941);
#9996 = PRESENTATION_STYLE_BY_CONTEXT((#9997,#10002),#9529);
#9997 = SURFACE_STYLE_USAGE(.BOTH.,#9998);
#9998 = SURFACE_SIDE_STYLE('',(#9999));
#9999 = SURFACE_STYLE_FILL_AREA(#10000);
#10000 = FILL_AREA_STYLE('',(#10001));
#10001 = FILL_AREA_STYLE_COLOUR('',#9700);
#10002 = CURVE_STYLE('',#10003,POSITIVE_LENGTH_MEASURE(0.1),#9703);
#10003 = DRAUGHTING_PRE_DEFINED_CURVE_FONT('continuous');
#10004 = OVER_RIDING_STYLED_ITEM('overriding color',(#10005),#8390,#9941
  );
#10005 = PRESENTATION_STYLE_BY_CONTEXT((#10006,#10011),#9531);
#10006 = SURFACE_STYLE_USAGE(.BOTH.,#10007);
#10007 = SURFACE_SIDE_STYLE('',(#10008));
#10008 = SURFACE_STYLE_FILL_AREA(#10009);
#10009 = FILL_AREA_STYLE('',(#10010));
#10010 = FILL_AREA_STYLE_COLOUR('',#9700);
#10011 = CURVE_STYLE('',#10012,POSITIVE_LENGTH_MEASURE(0.1),#9703);
#10012 = DRAUGHTING_PRE_DEFINED_CURVE_FONT('continuous');
#10013 = OVER_RIDING_STYLED_ITEM('overriding color',(#10014),#8390,#9941
  );
#10014 = PRESENTATION_STYLE_BY_CONTEXT((#10015,#10020),#9533);
#10015 = SURFACE_STYLE_USAGE(.BOTH.,#10016);
#10016 = SURFACE_SIDE_STYLE('',(#10017));
#10017 = SURFACE_STYLE_FILL_AREA(#10018);
#10018 = FILL_AREA_STYLE('',(#10019));
#10019 = FILL_AREA_STYLE_COLOUR('',#9700);
#10020 = CURVE_STYLE('',#10021,POSITIVE_LENGTH_MEASURE(0.1),#9703);
#10021 = DRAUGHTING_PRE_DEFINED_CURVE_FONT('continuous');
#10022 = OVER_RIDING_STYLED_ITEM('overriding color',(#10023),#8390,#9941
  );
#10023 = PRESENTATION_STYLE_BY_CONTEXT((#10024,#10029),#9535);
#10024 = SURFACE_STYLE_USAGE(.BOTH.,#10025);
#10025 = SURFACE_SIDE_STYLE('',(#10026));
#10026 = SURFACE_STYLE_FILL_AREA(#10027);
#10027 = FILL_AREA_STYLE('',(#10028));
#10028 = FILL_AREA_STYLE_COLOUR('',#9700);
#10029 = CURVE_STYLE('',#10030,POSITIVE_LENGTH_MEASURE(0.1),#9703);
#10030 = DRAUGHTING_PRE_DEFINED_CURVE_FONT('continuous');
#10031 = OVER_RIDING_STYLED_ITEM('overriding color',(#10032),#8390,#9941
  );
#10032 = PRESENTATION_STYLE_BY_CONTEXT((#10033,#10038),#9537);
#10033 = SURFACE_STYLE_USAGE(.BOTH.,#10034);
#10034 = SURFACE_SIDE_STYLE('',(#10035));
#10035 = SURFACE_STYLE_FILL_AREA(#10036);
#10036 = FILL_AREA_STYLE('',(#10037));
#10037 = FILL_AREA_STYLE_COLOUR('',#9700);
#10038 = CURVE_STYLE('',#10039,POSITIVE_LENGTH_MEASURE(0.1),#9703);
#10039 = DRAUGHTING_PRE_DEFINED_CURVE_FONT('continuous');
#10040 = OVER_RIDING_STYLED_ITEM('overriding color',(#10041),#8390,#9941
  );
#10041 = PRESENTATION_STYLE_BY_CONTEXT((#10042,#10047),#9539);
#10042 = SURFACE_STYLE_USAGE(.BOTH.,#10043);
#10043 = SURFACE_SIDE_STYLE('',(#10044));
#10044 = SURFACE_STYLE_FILL_AREA(#10045);
#10045 = FILL_AREA_STYLE('',(#10046));
#10046 = FILL_AREA_STYLE_COLOUR('',#9700);
#10047 = CURVE_STYLE('',#10048,POSITIVE_LENGTH_MEASURE(0.1),#9703);
#10048 = DRAUGHTING_PRE_DEFINED_CURVE_FONT('continuous');
#10049 = OVER_RIDING_STYLED_ITEM('overriding color',(#10050),#8390,#9941
  );
#10050 = PRESENTATION_STYLE_BY_CONTEXT((#10051,#10056),#9541);
#10051 = SURFACE_STYLE_USAGE(.BOTH.,#10052);
#10052 = SURFACE_SIDE_STYLE('',(#10053));
#10053 = SURFACE_STYLE_FILL_AREA(#10054);
#10054 = FILL_AREA_STYLE('',(#10055));
#10055 = FILL_AREA_STYLE_COLOUR('',#9700);
#10056 = CURVE_STYLE('',#10057,POSITIVE_LENGTH_MEASURE(0.1),#9703);
#10057 = DRAUGHTING_PRE_DEFINED_CURVE_FONT('continuous');
#10058 = OVER_RIDING_STYLED_ITEM('overriding color',(#10059),#8390,#9941
  );
#10059 = PRESENTATION_STYLE_BY_CONTEXT((#10060,#10065),#9619);
#10060 = SURFACE_STYLE_USAGE(.BOTH.,#10061);
#10061 = SURFACE_SIDE_STYLE('',(#10062));
#10062 = SURFACE_STYLE_FILL_AREA(#10063);
#10063 = FILL_AREA_STYLE('',(#10064));
#10064 = FILL_AREA_STYLE_COLOUR('',#9828);
#10065 = CURVE_STYLE('',#10066,POSITIVE_LENGTH_MEASURE(0.1),#9831);
#10066 = DRAUGHTING_PRE_DEFINED_CURVE_FONT('continuous');
#10067 = OVER_RIDING_STYLED_ITEM('overriding color',(#10068),#8390,#9941
  );
#10068 = PRESENTATION_STYLE_BY_CONTEXT((#10069,#10074),#9621);
#10069 = SURFACE_STYLE_USAGE(.BOTH.,#10070);
#10070 = SURFACE_SIDE_STYLE('',(#10071));
#10071 = SURFACE_STYLE_FILL_AREA(#10072);
#10072 = FILL_AREA_STYLE('',(#10073));
#10073 = FILL_AREA_STYLE_COLOUR('',#9828);
#10074 = CURVE_STYLE('',#10075,POSITIVE_LENGTH_MEASURE(0.1),#9831);
#10075 = DRAUGHTING_PRE_DEFINED_CURVE_FONT('continuous');
#10076 = OVER_RIDING_STYLED_ITEM('overriding color',(#10077),#8390,#9941
  );
#10077 = PRESENTATION_STYLE_BY_CONTEXT((#10078,#10083),#9623);
#10078 = SURFACE_STYLE_USAGE(.BOTH.,#10079);
#10079 = SURFACE_SIDE_STYLE('',(#10080));
#10080 = SURFACE_STYLE_FILL_AREA(#10081);
#10081 = FILL_AREA_STYLE('',(#10082));
#10082 = FILL_AREA_STYLE_COLOUR('',#9828);
#10083 = CURVE_STYLE('',#10084,POSITIVE_LENGTH_MEASURE(0.1),#9831);
#10084 = DRAUGHTING_PRE_DEFINED_CURVE_FONT('continuous');
#10085 = OVER_RIDING_STYLED_ITEM('overriding color',(#10086),#8390,#9941
  );
#10086 = PRESENTATION_STYLE_BY_CONTEXT((#10087,#10092),#9625);
#10087 = SURFACE_STYLE_USAGE(.BOTH.,#10088);
#10088 = SURFACE_SIDE_STYLE('',(#10089));
#10089 = SURFACE_STYLE_FILL_AREA(#10090);
#10090 = FILL_AREA_STYLE('',(#10091));
#10091 = FILL_AREA_STYLE_COLOUR('',#9828);
#10092 = CURVE_STYLE('',#10093,POSITIVE_LENGTH_MEASURE(0.1),#9831);
#10093 = DRAUGHTING_PRE_DEFINED_CURVE_FONT('continuous');
#10094 = OVER_RIDING_STYLED_ITEM('overriding color',(#10095),#8390,#9941
  );
#10095 = PRESENTATION_STYLE_BY_CONTEXT((#10096,#10101),#9627);
#10096 = SURFACE_STYLE_USAGE(.BOTH.,#10097);
#10097 = SURFACE_SIDE_STYLE('',(#10098));
#10098 = SURFACE_STYLE_FILL_AREA(#10099);
#10099 = FILL_AREA_STYLE('',(#10100));
#10100 = FILL_AREA_STYLE_COLOUR('',#9828);
#10101 = CURVE_STYLE('',#10102,POSITIVE_LENGTH_MEASURE(0.1),#9831);
#10102 = DRAUGHTING_PRE_DEFINED_CURVE_FONT('continuous');
#10103 = OVER_RIDING_STYLED_ITEM('overriding color',(#10104),#8390,#9941
  );
#10104 = PRESENTATION_STYLE_BY_CONTEXT((#10105,#10110),#9629);
#10105 = SURFACE_STYLE_USAGE(.BOTH.,#10106);
#10106 = SURFACE_SIDE_STYLE('',(#10107));
#10107 = SURFACE_STYLE_FILL_AREA(#10108);
#10108 = FILL_AREA_STYLE('',(#10109));
#10109 = FILL_AREA_STYLE_COLOUR('',#9828);
#10110 = CURVE_STYLE('',#10111,POSITIVE_LENGTH_MEASURE(0.1),#9831);
#10111 = DRAUGHTING_PRE_DEFINED_CURVE_FONT('continuous');
#10112 = OVER_RIDING_STYLED_ITEM('overriding color',(#10113),#8390,#9941
  );
#10113 = PRESENTATION_STYLE_BY_CONTEXT((#10114,#10119),#9631);
#10114 = SURFACE_STYLE_USAGE(.BOTH.,#10115);
#10115 = SURFACE_SIDE_STYLE('',(#10116));
#10116 = SURFACE_STYLE_FILL_AREA(#10117);
#10117 = FILL_AREA_STYLE('',(#10118));
#10118 = FILL_AREA_STYLE_COLOUR('',#9828);
#10119 = CURVE_STYLE('',#10120,POSITIVE_LENGTH_MEASURE(0.1),#9831);
#10120 = DRAUGHTING_PRE_DEFINED_CURVE_FONT('continuous');
#10121 = OVER_RIDING_STYLED_ITEM('overriding color',(#10122),#8390,#9941
  );
#10122 = PRESENTATION_STYLE_BY_CONTEXT((#10123,#10128),#9633);
#10123 = SURFACE_STYLE_USAGE(.BOTH.,#10124);
#10124 = SURFACE_SIDE_STYLE('',(#10125));
#10125 = SURFACE_STYLE_FILL_AREA(#10126);
#10126 = FILL_AREA_STYLE('',(#10127));
#10127 = FILL_AREA_STYLE_COLOUR('',#9828);
#10128 = CURVE_STYLE('',#10129,POSITIVE_LENGTH_MEASURE(0.1),#9831);
#10129 = DRAUGHTING_PRE_DEFINED_CURVE_FONT('continuous');
#10130 = OVER_RIDING_STYLED_ITEM('overriding color',(#10131),#8390,#9941
  );
#10131 = PRESENTATION_STYLE_BY_CONTEXT((#10132,#10137),#9635);
#10132 = SURFACE_STYLE_USAGE(.BOTH.,#10133);
#10133 = SURFACE_SIDE_STYLE('',(#10134));
#10134 = SURFACE_STYLE_FILL_AREA(#10135);
#10135 = FILL_AREA_STYLE('',(#10136));
#10136 = FILL_AREA_STYLE_COLOUR('',#9828);
#10137 = CURVE_STYLE('',#10138,POSITIVE_LENGTH_MEASURE(0.1),#9831);
#10138 = DRAUGHTING_PRE_DEFINED_CURVE_FONT('continuous');
#10139 = OVER_RIDING_STYLED_ITEM('overriding color',(#10140),#8390,#9941
  );
#10140 = PRESENTATION_STYLE_BY_CONTEXT((#10141,#10146),#9637);
#10141 = SURFACE_STYLE_USAGE(.BOTH.,#10142);
#10142 = SURFACE_SIDE_STYLE('',(#10143));
#10143 = SURFACE_STYLE_FILL_AREA(#10144);
#10144 = FILL_AREA_STYLE('',(#10145));
#10145 = FILL_AREA_STYLE_COLOUR('',#9828);
#10146 = CURVE_STYLE('',#10147,POSITIVE_LENGTH_MEASURE(0.1),#9831);
#10147 = DRAUGHTING_PRE_DEFINED_CURVE_FONT('continuous');
#10148 = OVER_RIDING_STYLED_ITEM('overriding color',(#10149),#8390,#9941
  );
#10149 = PRESENTATION_STYLE_BY_CONTEXT((#10150,#10155),#9639);
#10150 = SURFACE_STYLE_USAGE(.BOTH.,#10151);
#10151 = SURFACE_SIDE_STYLE('',(#10152));
#10152 = SURFACE_STYLE_FILL_AREA(#10153);
#10153 = FILL_AREA_STYLE('',(#10154));
#10154 = FILL_AREA_STYLE_COLOUR('',#9828);
#10155 = CURVE_STYLE('',#10156,POSITIVE_LENGTH_MEASURE(0.1),#9831);
#10156 = DRAUGHTING_PRE_DEFINED_CURVE_FONT('continuous');
#10157 = OVER_RIDING_STYLED_ITEM('overriding color',(#10158),#8390,#9941
  );
#10158 = PRESENTATION_STYLE_BY_CONTEXT((#10159,#10164),#9641);
#10159 = SURFACE_STYLE_USAGE(.BOTH.,#10160);
#10160 = SURFACE_SIDE_STYLE('',(#10161));
#10161 = SURFACE_STYLE_FILL_AREA(#10162);
#10162 = FILL_AREA_STYLE('',(#10163));
#10163 = FILL_AREA_STYLE_COLOUR('',#9828);
#10164 = CURVE_STYLE('',#10165,POSITIVE_LENGTH_MEASURE(0.1),#9831);
#10165 = DRAUGHTING_PRE_DEFINED_CURVE_FONT('continuous');
#10166 = MECHANICAL_DESIGN_GEOMETRIC_PRESENTATION_REPRESENTATION('',(
    #10167,#10176,#10185,#10194,#10203,#10212,#10221,#10230,#10239,
    #10248,#10257,#10266,#10275,#10284,#10293,#10302,#10311,#10320,
    #10329,#10338,#10347,#10356,#10365,#10374,#10383),#9180);
#10167 = STYLED_ITEM('color',(#10168),#9028);
#10168 = PRESENTATION_STYLE_ASSIGNMENT((#10169,#10174));
#10169 = SURFACE_STYLE_USAGE(.BOTH.,#10170);
#10170 = SURFACE_SIDE_STYLE('',(#10171));
#10171 = SURFACE_STYLE_FILL_AREA(#10172);
#10172 = FILL_AREA_STYLE('',(#10173));
#10173 = FILL_AREA_STYLE_COLOUR('',#9700);
#10174 = CURVE_STYLE('',#10175,POSITIVE_LENGTH_MEASURE(0.1),#9703);
#10175 = DRAUGHTING_PRE_DEFINED_CURVE_FONT('continuous');
#10176 = OVER_RIDING_STYLED_ITEM('overriding color',(#10177),#9028,
  #10167);
#10177 = PRESENTATION_STYLE_BY_CONTEXT((#10178,#10183),#9569);
#10178 = SURFACE_STYLE_USAGE(.BOTH.,#10179);
#10179 = SURFACE_SIDE_STYLE('',(#10180));
#10180 = SURFACE_STYLE_FILL_AREA(#10181);
#10181 = FILL_AREA_STYLE('',(#10182));
#10182 = FILL_AREA_STYLE_COLOUR('',#9700);
#10183 = CURVE_STYLE('',#10184,POSITIVE_LENGTH_MEASURE(0.1),#9703);
#10184 = DRAUGHTING_PRE_DEFINED_CURVE_FONT('continuous');
#10185 = OVER_RIDING_STYLED_ITEM('overriding color',(#10186),#9028,
  #10167);
#10186 = PRESENTATION_STYLE_BY_CONTEXT((#10187,#10192),#9571);
#10187 = SURFACE_STYLE_USAGE(.BOTH.,#10188);
#10188 = SURFACE_SIDE_STYLE('',(#10189));
#10189 = SURFACE_STYLE_FILL_AREA(#10190);
#10190 = FILL_AREA_STYLE('',(#10191));
#10191 = FILL_AREA_STYLE_COLOUR('',#9700);
#10192 = CURVE_STYLE('',#10193,POSITIVE_LENGTH_MEASURE(0.1),#9703);
#10193 = DRAUGHTING_PRE_DEFINED_CURVE_FONT('continuous');
#10194 = OVER_RIDING_STYLED_ITEM('overriding color',(#10195),#9028,
  #10167);
#10195 = PRESENTATION_STYLE_BY_CONTEXT((#10196,#10201),#9573);
#10196 = SURFACE_STYLE_USAGE(.BOTH.,#10197);
#10197 = SURFACE_SIDE_STYLE('',(#10198));
#10198 = SURFACE_STYLE_FILL_AREA(#10199);
#10199 = FILL_AREA_STYLE('',(#10200));
#10200 = FILL_AREA_STYLE_COLOUR('',#9700);
#10201 = CURVE_STYLE('',#10202,POSITIVE_LENGTH_MEASURE(0.1),#9703);
#10202 = DRAUGHTING_PRE_DEFINED_CURVE_FONT('continuous');
#10203 = OVER_RIDING_STYLED_ITEM('overriding color',(#10204),#9028,
  #10167);
#10204 = PRESENTATION_STYLE_BY_CONTEXT((#10205,#10210),#9575);
#10205 = SURFACE_STYLE_USAGE(.BOTH.,#10206);
#10206 = SURFACE_SIDE_STYLE('',(#10207));
#10207 = SURFACE_STYLE_FILL_AREA(#10208);
#10208 = FILL_AREA_STYLE('',(#10209));
#10209 = FILL_AREA_STYLE_COLOUR('',#9700);
#10210 = CURVE_STYLE('',#10211,POSITIVE_LENGTH_MEASURE(0.1),#9703);
#10211 = DRAUGHTING_PRE_DEFINED_CURVE_FONT('continuous');
#10212 = OVER_RIDING_STYLED_ITEM('overriding color',(#10213),#9028,
  #10167);
#10213 = PRESENTATION_STYLE_BY_CONTEXT((#10214,#10219),#9577);
#10214 = SURFACE_STYLE_USAGE(.BOTH.,#10215);
#10215 = SURFACE_SIDE_STYLE('',(#10216));
#10216 = SURFACE_STYLE_FILL_AREA(#10217);
#10217 = FILL_AREA_STYLE('',(#10218));
#10218 = FILL_AREA_STYLE_COLOUR('',#9700);
#10219 = CURVE_STYLE('',#10220,POSITIVE_LENGTH_MEASURE(0.1),#9703);
#10220 = DRAUGHTING_PRE_DEFINED_CURVE_FONT('continuous');
#10221 = OVER_RIDING_STYLED_ITEM('overriding color',(#10222),#9028,
  #10167);
#10222 = PRESENTATION_STYLE_BY_CONTEXT((#10223,#10228),#9579);
#10223 = SURFACE_STYLE_USAGE(.BOTH.,#10224);
#10224 = SURFACE_SIDE_STYLE('',(#10225));
#10225 = SURFACE_STYLE_FILL_AREA(#10226);
#10226 = FILL_AREA_STYLE('',(#10227));
#10227 = FILL_AREA_STYLE_COLOUR('',#9700);
#10228 = CURVE_STYLE('',#10229,POSITIVE_LENGTH_MEASURE(0.1),#9703);
#10229 = DRAUGHTING_PRE_DEFINED_CURVE_FONT('continuous');
#10230 = OVER_RIDING_STYLED_ITEM('overriding color',(#10231),#9028,
  #10167);
#10231 = PRESENTATION_STYLE_BY_CONTEXT((#10232,#10237),#9581);
#10232 = SURFACE_STYLE_USAGE(.BOTH.,#10233);
#10233 = SURFACE_SIDE_STYLE('',(#10234));
#10234 = SURFACE_STYLE_FILL_AREA(#10235);
#10235 = FILL_AREA_STYLE('',(#10236));
#10236 = FILL_AREA_STYLE_COLOUR('',#9700);
#10237 = CURVE_STYLE('',#10238,POSITIVE_LENGTH_MEASURE(0.1),#9703);
#10238 = DRAUGHTING_PRE_DEFINED_CURVE_FONT('continuous');
#10239 = OVER_RIDING_STYLED_ITEM('overriding color',(#10240),#9028,
  #10167);
#10240 = PRESENTATION_STYLE_BY_CONTEXT((#10241,#10246),#9583);
#10241 = SURFACE_STYLE_USAGE(.BOTH.,#10242);
#10242 = SURFACE_SIDE_STYLE('',(#10243));
#10243 = SURFACE_STYLE_FILL_AREA(#10244);
#10244 = FILL_AREA_STYLE('',(#10245));
#10245 = FILL_AREA_STYLE_COLOUR('',#9700);
#10246 = CURVE_STYLE('',#10247,POSITIVE_LENGTH_MEASURE(0.1),#9703);
#10247 = DRAUGHTING_PRE_DEFINED_CURVE_FONT('continuous');
#10248 = OVER_RIDING_STYLED_ITEM('overriding color',(#10249),#9028,
  #10167);
#10249 = PRESENTATION_STYLE_BY_CONTEXT((#10250,#10255),#9585);
#10250 = SURFACE_STYLE_USAGE(.BOTH.,#10251);
#10251 = SURFACE_SIDE_STYLE('',(#10252));
#10252 = SURFACE_STYLE_FILL_AREA(#10253);
#10253 = FILL_AREA_STYLE('',(#10254));
#10254 = FILL_AREA_STYLE_COLOUR('',#9700);
#10255 = CURVE_STYLE('',#10256,POSITIVE_LENGTH_MEASURE(0.1),#9703);
#10256 = DRAUGHTING_PRE_DEFINED_CURVE_FONT('continuous');
#10257 = OVER_RIDING_STYLED_ITEM('overriding color',(#10258),#9028,
  #10167);
#10258 = PRESENTATION_STYLE_BY_CONTEXT((#10259,#10264),#9587);
#10259 = SURFACE_STYLE_USAGE(.BOTH.,#10260);
#10260 = SURFACE_SIDE_STYLE('',(#10261));
#10261 = SURFACE_STYLE_FILL_AREA(#10262);
#10262 = FILL_AREA_STYLE('',(#10263));
#10263 = FILL_AREA_STYLE_COLOUR('',#9700);
#10264 = CURVE_STYLE('',#10265,POSITIVE_LENGTH_MEASURE(0.1),#9703);
#10265 = DRAUGHTING_PRE_DEFINED_CURVE_FONT('continuous');
#10266 = OVER_RIDING_STYLED_ITEM('overriding color',(#10267),#9028,
  #10167);
#10267 = PRESENTATION_STYLE_BY_CONTEXT((#10268,#10273),#9589);
#10268 = SURFACE_STYLE_USAGE(.BOTH.,#10269);
#10269 = SURFACE_SIDE_STYLE('',(#10270));
#10270 = SURFACE_STYLE_FILL_AREA(#10271);
#10271 = FILL_AREA_STYLE('',(#10272));
#10272 = FILL_AREA_STYLE_COLOUR('',#9700);
#10273 = CURVE_STYLE('',#10274,POSITIVE_LENGTH_MEASURE(0.1),#9703);
#10274 = DRAUGHTING_PRE_DEFINED_CURVE_FONT('continuous');
#10275 = OVER_RIDING_STYLED_ITEM('overriding color',(#10276),#9028,
  #10167);
#10276 = PRESENTATION_STYLE_BY_CONTEXT((#10277,#10282),#9591);
#10277 = SURFACE_STYLE_USAGE(.BOTH.,#10278);
#10278 = SURFACE_SIDE_STYLE('',(#10279));
#10279 = SURFACE_STYLE_FILL_AREA(#10280);
#10280 = FILL_AREA_STYLE('',(#10281));
#10281 = FILL_AREA_STYLE_COLOUR('',#9700);
#10282 = CURVE_STYLE('',#10283,POSITIVE_LENGTH_MEASURE(0.1),#9703);
#10283 = DRAUGHTING_PRE_DEFINED_CURVE_FONT('continuous');
#10284 = OVER_RIDING_STYLED_ITEM('overriding color',(#10285),#9028,
  #10167);
#10285 = PRESENTATION_STYLE_BY_CONTEXT((#10286,#10291),#9669);
#10286 = SURFACE_STYLE_USAGE(.BOTH.,#10287);
#10287 = SURFACE_SIDE_STYLE('',(#10288));
#10288 = SURFACE_STYLE_FILL_AREA(#10289);
#10289 = FILL_AREA_STYLE('',(#10290));
#10290 = FILL_AREA_STYLE_COLOUR('',#9828);
#10291 = CURVE_STYLE('',#10292,POSITIVE_LENGTH_MEASURE(0.1),#9831);
#10292 = DRAUGHTING_PRE_DEFINED_CURVE_FONT('continuous');
#10293 = OVER_RIDING_STYLED_ITEM('overriding color',(#10294),#9028,
  #10167);
#10294 = PRESENTATION_STYLE_BY_CONTEXT((#10295,#10300),#9671);
#10295 = SURFACE_STYLE_USAGE(.BOTH.,#10296);
#10296 = SURFACE_SIDE_STYLE('',(#10297));
#10297 = SURFACE_STYLE_FILL_AREA(#10298);
#10298 = FILL_AREA_STYLE('',(#10299));
#10299 = FILL_AREA_STYLE_COLOUR('',#9828);
#10300 = CURVE_STYLE('',#10301,POSITIVE_LENGTH_MEASURE(0.1),#9831);
#10301 = DRAUGHTING_PRE_DEFINED_CURVE_FONT('continuous');
#10302 = OVER_RIDING_STYLED_ITEM('overriding color',(#10303),#9028,
  #10167);
#10303 = PRESENTATION_STYLE_BY_CONTEXT((#10304,#10309),#9673);
#10304 = SURFACE_STYLE_USAGE(.BOTH.,#10305);
#10305 = SURFACE_SIDE_STYLE('',(#10306));
#10306 = SURFACE_STYLE_FILL_AREA(#10307);
#10307 = FILL_AREA_STYLE('',(#10308));
#10308 = FILL_AREA_STYLE_COLOUR('',#9828);
#10309 = CURVE_STYLE('',#10310,POSITIVE_LENGTH_MEASURE(0.1),#9831);
#10310 = DRAUGHTING_PRE_DEFINED_CURVE_FONT('continuous');
#10311 = OVER_RIDING_STYLED_ITEM('overriding color',(#10312),#9028,
  #10167);
#10312 = PRESENTATION_STYLE_BY_CONTEXT((#10313,#10318),#9675);
#10313 = SURFACE_STYLE_USAGE(.BOTH.,#10314);
#10314 = SURFACE_SIDE_STYLE('',(#10315));
#10315 = SURFACE_STYLE_FILL_AREA(#10316);
#10316 = FILL_AREA_STYLE('',(#10317));
#10317 = FILL_AREA_STYLE_COLOUR('',#9828);
#10318 = CURVE_STYLE('',#10319,POSITIVE_LENGTH_MEASURE(0.1),#9831);
#10319 = DRAUGHTING_PRE_DEFINED_CURVE_FONT('continuous');
#10320 = OVER_RIDING_STYLED_ITEM('overriding color',(#10321),#9028,
  #10167);
#10321 = PRESENTATION_STYLE_BY_CONTEXT((#10322,#10327),#9677);
#10322 = SURFACE_STYLE_USAGE(.BOTH.,#10323);
#10323 = SURFACE_SIDE_STYLE('',(#10324));
#10324 = SURFACE_STYLE_FILL_AREA(#10325);
#10325 = FILL_AREA_STYLE('',(#10326));
#10326 = FILL_AREA_STYLE_COLOUR('',#9828);
#10327 = CURVE_STYLE('',#10328,POSITIVE_LENGTH_MEASURE(0.1),#9831);
#10328 = DRAUGHTING_PRE_DEFINED_CURVE_FONT('continuous');
#10329 = OVER_RIDING_STYLED_ITEM('overriding color',(#10330),#9028,
  #10167);
#10330 = PRESENTATION_STYLE_BY_CONTEXT((#10331,#10336),#9679);
#10331 = SURFACE_STYLE_USAGE(.BOTH.,#10332);
#10332 = SURFACE_SIDE_STYLE('',(#10333));
#10333 = SURFACE_STYLE_FILL_AREA(#10334);
#10334 = FILL_AREA_STYLE('',(#10335));
#10335 = FILL_AREA_STYLE_COLOUR('',#9828);
#10336 = CURVE_STYLE('',#10337,POSITIVE_LENGTH_MEASURE(0.1),#9831);
#10337 = DRAUGHTING_PRE_DEFINED_CURVE_FONT('continuous');
#10338 = OVER_RIDING_STYLED_ITEM('overriding color',(#10339),#9028,
  #10167);
#10339 = PRESENTATION_STYLE_BY_CONTEXT((#10340,#10345),#9681);
#10340 = SURFACE_STYLE_USAGE(.BOTH.,#10341);
#10341 = SURFACE_SIDE_STYLE('',(#10342));
#10342 = SURFACE_STYLE_FILL_AREA(#10343);
#10343 = FILL_AREA_STYLE('',(#10344));
#10344 = FILL_AREA_STYLE_COLOUR('',#9828);
#10345 = CURVE_STYLE('',#10346,POSITIVE_LENGTH_MEASURE(0.1),#9831);
#10346 = DRAUGHTING_PRE_DEFINED_CURVE_FONT('continuous');
#10347 = OVER_RIDING_STYLED_ITEM('overriding color',(#10348),#9028,
  #10167);
#10348 = PRESENTATION_STYLE_BY_CONTEXT((#10349,#10354),#9683);
#10349 = SURFACE_STYLE_USAGE(.BOTH.,#10350);
#10350 = SURFACE_SIDE_STYLE('',(#10351));
#10351 = SURFACE_STYLE_FILL_AREA(#10352);
#10352 = FILL_AREA_STYLE('',(#10353));
#10353 = FILL_AREA_STYLE_COLOUR('',#9828);
#10354 = CURVE_STYLE('',#10355,POSITIVE_LENGTH_MEASURE(0.1),#9831);
#10355 = DRAUGHTING_PRE_DEFINED_CURVE_FONT('continuous');
#10356 = OVER_RIDING_STYLED_ITEM('overriding color',(#10357),#9028,
  #10167);
#10357 = PRESENTATION_STYLE_BY_CONTEXT((#10358,#10363),#9685);
#10358 = SURFACE_STYLE_USAGE(.BOTH.,#10359);
#10359 = SURFACE_SIDE_STYLE('',(#10360));
#10360 = SURFACE_STYLE_FILL_AREA(#10361);
#10361 = FILL_AREA_STYLE('',(#10362));
#10362 = FILL_AREA_STYLE_COLOUR('',#9828);
#10363 = CURVE_STYLE('',#10364,POSITIVE_LENGTH_MEASURE(0.1),#9831);
#10364 = DRAUGHTING_PRE_DEFINED_CURVE_FONT('continuous');
#10365 = OVER_RIDING_STYLED_ITEM('overriding color',(#10366),#9028,
  #10167);
#10366 = PRESENTATION_STYLE_BY_CONTEXT((#10367,#10372),#9687);
#10367 = SURFACE_STYLE_USAGE(.BOTH.,#10368);
#10368 = SURFACE_SIDE_STYLE('',(#10369));
#10369 = SURFACE_STYLE_FILL_AREA(#10370);
#10370 = FILL_AREA_STYLE('',(#10371));
#10371 = FILL_AREA_STYLE_COLOUR('',#9828);
#10372 = CURVE_STYLE('',#10373,POSITIVE_LENGTH_MEASURE(0.1),#9831);
#10373 = DRAUGHTING_PRE_DEFINED_CURVE_FONT('continuous');
#10374 = OVER_RIDING_STYLED_ITEM('overriding color',(#10375),#9028,
  #10167);
#10375 = PRESENTATION_STYLE_BY_CONTEXT((#10376,#10381),#9689);
#10376 = SURFACE_STYLE_USAGE(.BOTH.,#10377);
#10377 = SURFACE_SIDE_STYLE('',(#10378));
#10378 = SURFACE_STYLE_FILL_AREA(#10379);
#10379 = FILL_AREA_STYLE('',(#10380));
#10380 = FILL_AREA_STYLE_COLOUR('',#9828);
#10381 = CURVE_STYLE('',#10382,POSITIVE_LENGTH_MEASURE(0.1),#9831);
#10382 = DRAUGHTING_PRE_DEFINED_CURVE_FONT('continuous');
#10383 = OVER_RIDING_STYLED_ITEM('overriding color',(#10384),#9028,
  #10167);
#10384 = PRESENTATION_STYLE_BY_CONTEXT((#10385,#10390),#9691);
#10385 = SURFACE_STYLE_USAGE(.BOTH.,#10386);
#10386 = SURFACE_SIDE_STYLE('',(#10387));
#10387 = SURFACE_STYLE_FILL_AREA(#10388);
#10388 = FILL_AREA_STYLE('',(#10389));
#10389 = FILL_AREA_STYLE_COLOUR('',#9828);
#10390 = CURVE_STYLE('',#10391,POSITIVE_LENGTH_MEASURE(0.1),#9831);
#10391 = DRAUGHTING_PRE_DEFINED_CURVE_FONT('continuous');
#10392 = MECHANICAL_DESIGN_GEOMETRIC_PRESENTATION_REPRESENTATION('',(
    #10393),#9481);
#10393 = STYLED_ITEM('color',(#10394),#9428);
#10394 = PRESENTATION_STYLE_ASSIGNMENT((#10395,#10401));
#10395 = SURFACE_STYLE_USAGE(.BOTH.,#10396);
#10396 = SURFACE_SIDE_STYLE('',(#10397));
#10397 = SURFACE_STYLE_FILL_AREA(#10398);
#10398 = FILL_AREA_STYLE('',(#10399));
#10399 = FILL_AREA_STYLE_COLOUR('',#10400);
#10400 = DRAUGHTING_PRE_DEFINED_COLOUR('white');
#10401 = CURVE_STYLE('',#10402,POSITIVE_LENGTH_MEASURE(0.1),#9703);
#10402 = DRAUGHTING_PRE_DEFINED_CURVE_FONT('continuous');
#10403 = MECHANICAL_DESIGN_GEOMETRIC_PRESENTATION_REPRESENTATION('',(
    #10404,#10413,#10422,#10431,#10440,#10449,#10458,#10467,#10476,
    #10485,#10494,#10503,#10512,#10521,#10530,#10539,#10548,#10557,
    #10566,#10575,#10584,#10593,#10602,#10611,#10620,#10629,#10638),
  #8306);
#10404 = STYLED_ITEM('color',(#10405),#8154);
#10405 = PRESENTATION_STYLE_ASSIGNMENT((#10406,#10411));
#10406 = SURFACE_STYLE_USAGE(.BOTH.,#10407);
#10407 = SURFACE_SIDE_STYLE('',(#10408));
#10408 = SURFACE_STYLE_FILL_AREA(#10409);
#10409 = FILL_AREA_STYLE('',(#10410));
#10410 = FILL_AREA_STYLE_COLOUR('',#9700);
#10411 = CURVE_STYLE('',#10412,POSITIVE_LENGTH_MEASURE(0.1),#9703);
#10412 = DRAUGHTING_PRE_DEFINED_CURVE_FONT('continuous');
#10413 = OVER_RIDING_STYLED_ITEM('overriding color',(#10414),#8154,
  #10404);
#10414 = PRESENTATION_STYLE_BY_CONTEXT((#10415,#10420),#9493);
#10415 = SURFACE_STYLE_USAGE(.BOTH.,#10416);
#10416 = SURFACE_SIDE_STYLE('',(#10417));
#10417 = SURFACE_STYLE_FILL_AREA(#10418);
#10418 = FILL_AREA_STYLE('',(#10419));
#10419 = FILL_AREA_STYLE_COLOUR('',#9700);
#10420 = CURVE_STYLE('',#10421,POSITIVE_LENGTH_MEASURE(0.1),#9703);
#10421 = DRAUGHTING_PRE_DEFINED_CURVE_FONT('continuous');
#10422 = OVER_RIDING_STYLED_ITEM('overriding color',(#10423),#8154,
  #10404);
#10423 = PRESENTATION_STYLE_BY_CONTEXT((#10424,#10429),#9495);
#10424 = SURFACE_STYLE_USAGE(.BOTH.,#10425);
#10425 = SURFACE_SIDE_STYLE('',(#10426));
#10426 = SURFACE_STYLE_FILL_AREA(#10427);
#10427 = FILL_AREA_STYLE('',(#10428));
#10428 = FILL_AREA_STYLE_COLOUR('',#9700);
#10429 = CURVE_STYLE('',#10430,POSITIVE_LENGTH_MEASURE(0.1),#9703);
#10430 = DRAUGHTING_PRE_DEFINED_CURVE_FONT('continuous');
#10431 = OVER_RIDING_STYLED_ITEM('overriding color',(#10432),#8154,
  #10404);
#10432 = PRESENTATION_STYLE_BY_CONTEXT((#10433,#10438),#9497);
#10433 = SURFACE_STYLE_USAGE(.BOTH.,#10434);
#10434 = SURFACE_SIDE_STYLE('',(#10435));
#10435 = SURFACE_STYLE_FILL_AREA(#10436);
#10436 = FILL_AREA_STYLE('',(#10437));
#10437 = FILL_AREA_STYLE_COLOUR('',#9700);
#10438 = CURVE_STYLE('',#10439,POSITIVE_LENGTH_MEASURE(0.1),#9703);
#10439 = DRAUGHTING_PRE_DEFINED_CURVE_FONT('continuous');
#10440 = OVER_RIDING_STYLED_ITEM('overriding color',(#10441),#8154,
  #10404);
#10441 = PRESENTATION_STYLE_BY_CONTEXT((#10442,#10447),#9499);
#10442 = SURFACE_STYLE_USAGE(.BOTH.,#10443);
#10443 = SURFACE_SIDE_STYLE('',(#10444));
#10444 = SURFACE_STYLE_FILL_AREA(#10445);
#10445 = FILL_AREA_STYLE('',(#10446));
#10446 = FILL_AREA_STYLE_COLOUR('',#9700);
#10447 = CURVE_STYLE('',#10448,POSITIVE_LENGTH_MEASURE(0.1),#9703);
#10448 = DRAUGHTING_PRE_DEFINED_CURVE_FONT('continuous');
#10449 = OVER_RIDING_STYLED_ITEM('overriding color',(#10450),#8154,
  #10404);
#10450 = PRESENTATION_STYLE_BY_CONTEXT((#10451,#10456),#9501);
#10451 = SURFACE_STYLE_USAGE(.BOTH.,#10452);
#10452 = SURFACE_SIDE_STYLE('',(#10453));
#10453 = SURFACE_STYLE_FILL_AREA(#10454);
#10454 = FILL_AREA_STYLE('',(#10455));
#10455 = FILL_AREA_STYLE_COLOUR('',#9700);
#10456 = CURVE_STYLE('',#10457,POSITIVE_LENGTH_MEASURE(0.1),#9703);
#10457 = DRAUGHTING_PRE_DEFINED_CURVE_FONT('continuous');
#10458 = OVER_RIDING_STYLED_ITEM('overriding color',(#10459),#8154,
  #10404);
#10459 = PRESENTATION_STYLE_BY_CONTEXT((#10460,#10465),#9503);
#10460 = SURFACE_STYLE_USAGE(.BOTH.,#10461);
#10461 = SURFACE_SIDE_STYLE('',(#10462));
#10462 = SURFACE_STYLE_FILL_AREA(#10463);
#10463 = FILL_AREA_STYLE('',(#10464));
#10464 = FILL_AREA_STYLE_COLOUR('',#9700);
#10465 = CURVE_STYLE('',#10466,POSITIVE_LENGTH_MEASURE(0.1),#9703);
#10466 = DRAUGHTING_PRE_DEFINED_CURVE_FONT('continuous');
#10467 = OVER_RIDING_STYLED_ITEM('overriding color',(#10468),#8154,
  #10404);
#10468 = PRESENTATION_STYLE_BY_CONTEXT((#10469,#10474),#9505);
#10469 = SURFACE_STYLE_USAGE(.BOTH.,#10470);
#10470 = SURFACE_SIDE_STYLE('',(#10471));
#10471 = SURFACE_STYLE_FILL_AREA(#10472);
#10472 = FILL_AREA_STYLE('',(#10473));
#10473 = FILL_AREA_STYLE_COLOUR('',#9700);
#10474 = CURVE_STYLE('',#10475,POSITIVE_LENGTH_MEASURE(0.1),#9703);
#10475 = DRAUGHTING_PRE_DEFINED_CURVE_FONT('continuous');
#10476 = OVER_RIDING_STYLED_ITEM('overriding color',(#10477),#8154,
  #10404);
#10477 = PRESENTATION_STYLE_BY_CONTEXT((#10478,#10483),#9507);
#10478 = SURFACE_STYLE_USAGE(.BOTH.,#10479);
#10479 = SURFACE_SIDE_STYLE('',(#10480));
#10480 = SURFACE_STYLE_FILL_AREA(#10481);
#10481 = FILL_AREA_STYLE('',(#10482));
#10482 = FILL_AREA_STYLE_COLOUR('',#9700);
#10483 = CURVE_STYLE('',#10484,POSITIVE_LENGTH_MEASURE(0.1),#9703);
#10484 = DRAUGHTING_PRE_DEFINED_CURVE_FONT('continuous');
#10485 = OVER_RIDING_STYLED_ITEM('overriding color',(#10486),#8154,
  #10404);
#10486 = PRESENTATION_STYLE_BY_CONTEXT((#10487,#10492),#9509);
#10487 = SURFACE_STYLE_USAGE(.BOTH.,#10488);
#10488 = SURFACE_SIDE_STYLE('',(#10489));
#10489 = SURFACE_STYLE_FILL_AREA(#10490);
#10490 = FILL_AREA_STYLE('',(#10491));
#10491 = FILL_AREA_STYLE_COLOUR('',#9700);
#10492 = CURVE_STYLE('',#10493,POSITIVE_LENGTH_MEASURE(0.1),#9703);
#10493 = DRAUGHTING_PRE_DEFINED_CURVE_FONT('continuous');
#10494 = OVER_RIDING_STYLED_ITEM('overriding color',(#10495),#8154,
  #10404);
#10495 = PRESENTATION_STYLE_BY_CONTEXT((#10496,#10501),#9511);
#10496 = SURFACE_STYLE_USAGE(.BOTH.,#10497);
#10497 = SURFACE_SIDE_STYLE('',(#10498));
#10498 = SURFACE_STYLE_FILL_AREA(#10499);
#10499 = FILL_AREA_STYLE('',(#10500));
#10500 = FILL_AREA_STYLE_COLOUR('',#9700);
#10501 = CURVE_STYLE('',#10502,POSITIVE_LENGTH_MEASURE(0.1),#9703);
#10502 = DRAUGHTING_PRE_DEFINED_CURVE_FONT('continuous');
#10503 = OVER_RIDING_STYLED_ITEM('overriding color',(#10504),#8154,
  #10404);
#10504 = PRESENTATION_STYLE_BY_CONTEXT((#10505,#10510),#9513);
#10505 = SURFACE_STYLE_USAGE(.BOTH.,#10506);
#10506 = SURFACE_SIDE_STYLE('',(#10507));
#10507 = SURFACE_STYLE_FILL_AREA(#10508);
#10508 = FILL_AREA_STYLE('',(#10509));
#10509 = FILL_AREA_STYLE_COLOUR('',#9700);
#10510 = CURVE_STYLE('',#10511,POSITIVE_LENGTH_MEASURE(0.1),#9703);
#10511 = DRAUGHTING_PRE_DEFINED_CURVE_FONT('continuous');
#10512 = OVER_RIDING_STYLED_ITEM('overriding color',(#10513),#8154,
  #10404);
#10513 = PRESENTATION_STYLE_BY_CONTEXT((#10514,#10519),#9515);
#10514 = SURFACE_STYLE_USAGE(.BOTH.,#10515);
#10515 = SURFACE_SIDE_STYLE('',(#10516));
#10516 = SURFACE_STYLE_FILL_AREA(#10517);
#10517 = FILL_AREA_STYLE('',(#10518));
#10518 = FILL_AREA_STYLE_COLOUR('',#9700);
#10519 = CURVE_STYLE('',#10520,POSITIVE_LENGTH_MEASURE(0.1),#9703);
#10520 = DRAUGHTING_PRE_DEFINED_CURVE_FONT('continuous');
#10521 = OVER_RIDING_STYLED_ITEM('overriding color',(#10522),#8154,
  #10404);
#10522 = PRESENTATION_STYLE_BY_CONTEXT((#10523,#10528),#9517);
#10523 = SURFACE_STYLE_USAGE(.BOTH.,#10524);
#10524 = SURFACE_SIDE_STYLE('',(#10525));
#10525 = SURFACE_STYLE_FILL_AREA(#10526);
#10526 = FILL_AREA_STYLE('',(#10527));
#10527 = FILL_AREA_STYLE_COLOUR('',#9700);
#10528 = CURVE_STYLE('',#10529,POSITIVE_LENGTH_MEASURE(0.1),#9703);
#10529 = DRAUGHTING_PRE_DEFINED_CURVE_FONT('continuous');
#10530 = OVER_RIDING_STYLED_ITEM('overriding color',(#10531),#8154,
  #10404);
#10531 = PRESENTATION_STYLE_BY_CONTEXT((#10532,#10537),#9593);
#10532 = SURFACE_STYLE_USAGE(.BOTH.,#10533);
#10533 = SURFACE_SIDE_STYLE('',(#10534));
#10534 = SURFACE_STYLE_FILL_AREA(#10535);
#10535 = FILL_AREA_STYLE('',(#10536));
#10536 = FILL_AREA_STYLE_COLOUR('',#9828);
#10537 = CURVE_STYLE('',#10538,POSITIVE_LENGTH_MEASURE(0.1),#9831);
#10538 = DRAUGHTING_PRE_DEFINED_CURVE_FONT('continuous');
#10539 = OVER_RIDING_STYLED_ITEM('overriding color',(#10540),#8154,
  #10404);
#10540 = PRESENTATION_STYLE_BY_CONTEXT((#10541,#10546),#9595);
#10541 = SURFACE_STYLE_USAGE(.BOTH.,#10542);
#10542 = SURFACE_SIDE_STYLE('',(#10543));
#10543 = SURFACE_STYLE_FILL_AREA(#10544);
#10544 = FILL_AREA_STYLE('',(#10545));
#10545 = FILL_AREA_STYLE_COLOUR('',#9828);
#10546 = CURVE_STYLE('',#10547,POSITIVE_LENGTH_MEASURE(0.1),#9831);
#10547 = DRAUGHTING_PRE_DEFINED_CURVE_FONT('continuous');
#10548 = OVER_RIDING_STYLED_ITEM('overriding color',(#10549),#8154,
  #10404);
#10549 = PRESENTATION_STYLE_BY_CONTEXT((#10550,#10555),#9597);
#10550 = SURFACE_STYLE_USAGE(.BOTH.,#10551);
#10551 = SURFACE_SIDE_STYLE('',(#10552));
#10552 = SURFACE_STYLE_FILL_AREA(#10553);
#10553 = FILL_AREA_STYLE('',(#10554));
#10554 = FILL_AREA_STYLE_COLOUR('',#9828);
#10555 = CURVE_STYLE('',#10556,POSITIVE_LENGTH_MEASURE(0.1),#9831);
#10556 = DRAUGHTING_PRE_DEFINED_CURVE_FONT('continuous');
#10557 = OVER_RIDING_STYLED_ITEM('overriding color',(#10558),#8154,
  #10404);
#10558 = PRESENTATION_STYLE_BY_CONTEXT((#10559,#10564),#9599);
#10559 = SURFACE_STYLE_USAGE(.BOTH.,#10560);
#10560 = SURFACE_SIDE_STYLE('',(#10561));
#10561 = SURFACE_STYLE_FILL_AREA(#10562);
#10562 = FILL_AREA_STYLE('',(#10563));
#10563 = FILL_AREA_STYLE_COLOUR('',#9828);
#10564 = CURVE_STYLE('',#10565,POSITIVE_LENGTH_MEASURE(0.1),#9831);
#10565 = DRAUGHTING_PRE_DEFINED_CURVE_FONT('continuous');
#10566 = OVER_RIDING_STYLED_ITEM('overriding color',(#10567),#8154,
  #10404);
#10567 = PRESENTATION_STYLE_BY_CONTEXT((#10568,#10573),#9601);
#10568 = SURFACE_STYLE_USAGE(.BOTH.,#10569);
#10569 = SURFACE_SIDE_STYLE('',(#10570));
#10570 = SURFACE_STYLE_FILL_AREA(#10571);
#10571 = FILL_AREA_STYLE('',(#10572));
#10572 = FILL_AREA_STYLE_COLOUR('',#9828);
#10573 = CURVE_STYLE('',#10574,POSITIVE_LENGTH_MEASURE(0.1),#9831);
#10574 = DRAUGHTING_PRE_DEFINED_CURVE_FONT('continuous');
#10575 = OVER_RIDING_STYLED_ITEM('overriding color',(#10576),#8154,
  #10404);
#10576 = PRESENTATION_STYLE_BY_CONTEXT((#10577,#10582),#9603);
#10577 = SURFACE_STYLE_USAGE(.BOTH.,#10578);
#10578 = SURFACE_SIDE_STYLE('',(#10579));
#10579 = SURFACE_STYLE_FILL_AREA(#10580);
#10580 = FILL_AREA_STYLE('',(#10581));
#10581 = FILL_AREA_STYLE_COLOUR('',#9828);
#10582 = CURVE_STYLE('',#10583,POSITIVE_LENGTH_MEASURE(0.1),#9831);
#10583 = DRAUGHTING_PRE_DEFINED_CURVE_FONT('continuous');
#10584 = OVER_RIDING_STYLED_ITEM('overriding color',(#10585),#8154,
  #10404);
#10585 = PRESENTATION_STYLE_BY_CONTEXT((#10586,#10591),#9605);
#10586 = SURFACE_STYLE_USAGE(.BOTH.,#10587);
#10587 = SURFACE_SIDE_STYLE('',(#10588));
#10588 = SURFACE_STYLE_FILL_AREA(#10589);
#10589 = FILL_AREA_STYLE('',(#10590));
#10590 = FILL_AREA_STYLE_COLOUR('',#9828);
#10591 = CURVE_STYLE('',#10592,POSITIVE_LENGTH_MEASURE(0.1),#9831);
#10592 = DRAUGHTING_PRE_DEFINED_CURVE_FONT('continuous');
#10593 = OVER_RIDING_STYLED_ITEM('overriding color',(#10594),#8154,
  #10404);
#10594 = PRESENTATION_STYLE_BY_CONTEXT((#10595,#10600),#9607);
#10595 = SURFACE_STYLE_USAGE(.BOTH.,#10596);
#10596 = SURFACE_SIDE_STYLE('',(#10597));
#10597 = SURFACE_STYLE_FILL_AREA(#10598);
#10598 = FILL_AREA_STYLE('',(#10599));
#10599 = FILL_AREA_STYLE_COLOUR('',#9828);
#10600 = CURVE_STYLE('',#10601,POSITIVE_LENGTH_MEASURE(0.1),#9831);
#10601 = DRAUGHTING_PRE_DEFINED_CURVE_FONT('continuous');
#10602 = OVER_RIDING_STYLED_ITEM('overriding color',(#10603),#8154,
  #10404);
#10603 = PRESENTATION_STYLE_BY_CONTEXT((#10604,#10609),#9609);
#10604 = SURFACE_STYLE_USAGE(.BOTH.,#10605);
#10605 = SURFACE_SIDE_STYLE('',(#10606));
#10606 = SURFACE_STYLE_FILL_AREA(#10607);
#10607 = FILL_AREA_STYLE('',(#10608));
#10608 = FILL_AREA_STYLE_COLOUR('',#9828);
#10609 = CURVE_STYLE('',#10610,POSITIVE_LENGTH_MEASURE(0.1),#9831);
#10610 = DRAUGHTING_PRE_DEFINED_CURVE_FONT('continuous');
#10611 = OVER_RIDING_STYLED_ITEM('overriding color',(#10612),#8154,
  #10404);
#10612 = PRESENTATION_STYLE_BY_CONTEXT((#10613,#10618),#9611);
#10613 = SURFACE_STYLE_USAGE(.BOTH.,#10614);
#10614 = SURFACE_SIDE_STYLE('',(#10615));
#10615 = SURFACE_STYLE_FILL_AREA(#10616);
#10616 = FILL_AREA_STYLE('',(#10617));
#10617 = FILL_AREA_STYLE_COLOUR('',#9828);
#10618 = CURVE_STYLE('',#10619,POSITIVE_LENGTH_MEASURE(0.1),#9831);
#10619 = DRAUGHTING_PRE_DEFINED_CURVE_FONT('continuous');
#10620 = OVER_RIDING_STYLED_ITEM('overriding color',(#10621),#8154,
  #10404);
#10621 = PRESENTATION_STYLE_BY_CONTEXT((#10622,#10627),#9613);
#10622 = SURFACE_STYLE_USAGE(.BOTH.,#10623);
#10623 = SURFACE_SIDE_STYLE('',(#10624));
#10624 = SURFACE_STYLE_FILL_AREA(#10625);
#10625 = FILL_AREA_STYLE('',(#10626));
#10626 = FILL_AREA_STYLE_COLOUR('',#9828);
#10627 = CURVE_STYLE('',#10628,POSITIVE_LENGTH_MEASURE(0.1),#9831);
#10628 = DRAUGHTING_PRE_DEFINED_CURVE_FONT('continuous');
#10629 = OVER_RIDING_STYLED_ITEM('overriding color',(#10630),#8154,
  #10404);
#10630 = PRESENTATION_STYLE_BY_CONTEXT((#10631,#10636),#9615);
#10631 = SURFACE_STYLE_USAGE(.BOTH.,#10632);
#10632 = SURFACE_SIDE_STYLE('',(#10633));
#10633 = SURFACE_STYLE_FILL_AREA(#10634);
#10634 = FILL_AREA_STYLE('',(#10635));
#10635 = FILL_AREA_STYLE_COLOUR('',#9828);
#10636 = CURVE_STYLE('',#10637,POSITIVE_LENGTH_MEASURE(0.1),#9831);
#10637 = DRAUGHTING_PRE_DEFINED_CURVE_FONT('continuous');
#10638 = OVER_RIDING_STYLED_ITEM('overriding color',(#10639),#8154,
  #10404);
#10639 = PRESENTATION_STYLE_BY_CONTEXT((#10640,#10645),#9617);
#10640 = SURFACE_STYLE_USAGE(.BOTH.,#10641);
#10641 = SURFACE_SIDE_STYLE('',(#10642));
#10642 = SURFACE_STYLE_FILL_AREA(#10643);
#10643 = FILL_AREA_STYLE('',(#10644));
#10644 = FILL_AREA_STYLE_COLOUR('',#9828);
#10645 = CURVE_STYLE('',#10646,POSITIVE_LENGTH_MEASURE(0.1),#9831);
#10646 = DRAUGHTING_PRE_DEFINED_CURVE_FONT('continuous');
#10647 = MECHANICAL_DESIGN_GEOMETRIC_PRESENTATION_REPRESENTATION('',(
    #10648),#9409);
#10648 = STYLED_ITEM('color',(#10649),#9259);
#10649 = PRESENTATION_STYLE_ASSIGNMENT((#10650,#10655));
#10650 = SURFACE_STYLE_USAGE(.BOTH.,#10651);
#10651 = SURFACE_SIDE_STYLE('',(#10652));
#10652 = SURFACE_STYLE_FILL_AREA(#10653);
#10653 = FILL_AREA_STYLE('',(#10654));
#10654 = FILL_AREA_STYLE_COLOUR('',#9700);
#10655 = CURVE_STYLE('',#10656,POSITIVE_LENGTH_MEASURE(0.1),#9703);
#10656 = DRAUGHTING_PRE_DEFINED_CURVE_FONT('continuous');
#10657 = MECHANICAL_DESIGN_GEOMETRIC_PRESENTATION_REPRESENTATION('',(
    #10658),#8135);
#10658 = STYLED_ITEM('color',(#10659),#7983);
#10659 = PRESENTATION_STYLE_ASSIGNMENT((#10660,#10665));
#10660 = SURFACE_STYLE_USAGE(.BOTH.,#10661);
#10661 = SURFACE_SIDE_STYLE('',(#10662));
#10662 = SURFACE_STYLE_FILL_AREA(#10663);
#10663 = FILL_AREA_STYLE('',(#10664));
#10664 = FILL_AREA_STYLE_COLOUR('',#9700);
#10665 = CURVE_STYLE('',#10666,POSITIVE_LENGTH_MEASURE(0.1),#9703);
#10666 = DRAUGHTING_PRE_DEFINED_CURVE_FONT('continuous');
#10667 = MECHANICAL_DESIGN_GEOMETRIC_PRESENTATION_REPRESENTATION('',(
    #10668),#8773);
#10668 = STYLED_ITEM('color',(#10669),#8621);
#10669 = PRESENTATION_STYLE_ASSIGNMENT((#10670,#10675));
#10670 = SURFACE_STYLE_USAGE(.BOTH.,#10671);
#10671 = SURFACE_SIDE_STYLE('',(#10672));
#10672 = SURFACE_STYLE_FILL_AREA(#10673);
#10673 = FILL_AREA_STYLE('',(#10674));
#10674 = FILL_AREA_STYLE_COLOUR('',#9700);
#10675 = CURVE_STYLE('',#10676,POSITIVE_LENGTH_MEASURE(0.1),#9703);
#10676 = DRAUGHTING_PRE_DEFINED_CURVE_FONT('continuous');
#10677 = MECHANICAL_DESIGN_GEOMETRIC_PRESENTATION_REPRESENTATION('',(
    #10678),#7964);
#10678 = STYLED_ITEM('color',(#10679),#265);
#10679 = PRESENTATION_STYLE_ASSIGNMENT((#10680,#10686));
#10680 = SURFACE_STYLE_USAGE(.BOTH.,#10681);
#10681 = SURFACE_SIDE_STYLE('',(#10682));
#10682 = SURFACE_STYLE_FILL_AREA(#10683);
#10683 = FILL_AREA_STYLE('',(#10684));
#10684 = FILL_AREA_STYLE_COLOUR('',#10685);
#10685 = COLOUR_RGB('',0.250980406631,0.250980406631,0.250980406631);
#10686 = CURVE_STYLE('',#10687,POSITIVE_LENGTH_MEASURE(0.1),#9703);
#10687 = DRAUGHTING_PRE_DEFINED_CURVE_FONT('continuous');
ENDSEC;
END-ISO-10303-21;
